{"type": "FeatureCollection", "features": [{"type": "Feature", "geometry": {"type": "LineString", "coordinates": [[-121.5006, 38.5847], [-121.50117, 38.58589], [-121.49936, 38.58613], [-121.49795, 38.58632], [-121.49652, 38.5868], [-121.49535, 38.58754], [-121.49346, 38.588], [-121.49154, 38.58829], [-121.4901, 38.58851], [-121.4886, 38.58864], [-121.48724, 38.58842], [-121.48583, 38.58804], [-121.48416, 38.58759], [-121.48278, 38.58722], [-121.4798, 38.58642], [-121.4776, 38.58583], [-121.47612, 38.58544], [-121.47478, 38.58508], [-121.47328, 38.58468], [-121.47191, 38.58431], [-121.47017, 38.58384], [-121.46874, 38.58351], [-121.46733, 38.5833], [-121.46587, 38.58313], [-121.46432, 38.58282], [-121.46285, 38.58236], [-121.46129, 38.58184], [-121.45998, 38.58147], [-121.45842, 38.5813], [-121.45694, 38.58141], [-121.45535, 38.58179], [-121.45388, 38.58232], [-121.45267, 38.58296], [-121.45148, 38.58353], [-121.45002, 38.5837], [-121.44869, 38.5833], [-121.44736, 38.58277], [-121.44543, 38.58202], [-121.44362, 38.58131], [-121.44168, 38.58054], [-121.44007, 38.57992], [-121.43868, 38.57937], [-121.43722, 38.57869], [-121.43616, 38.5779], [-121.43502, 38.57672], [-121.43421, 38.57552], [-121.43373, 38.57419], [-121.43327, 38.57233], [-121.433, 38.57126], [-121.43246, 38.56912], [-121.43218, 38.56796], [-121.43132, 38.56453], [-121.4309, 38.56288], [-121.4304, 38.56179], [-121.42849, 38.55942], [-121.42718, 38.55781], [-121.42633, 38.55674], [-121.42499, 38.55509], [-121.42367, 38.55345], [-121.42283, 38.5524], [-121.42194, 38.55127], [-121.42118, 38.55033], [-121.42003, 38.54889], [-121.41662, 38.54463], [-121.41568, 38.54344], [-121.41479, 38.54216], [-121.41396, 38.54085], [-121.41329, 38.53968], [-121.41219, 38.53738], [-121.41175, 38.53628], [-121.41099, 38.53424], [-121.41026, 38.53225], [-121.4098, 38.53102], [-121.4093, 38.52967], [-121.40888, 38.52857], [-121.40822, 38.52672], [-121.40767, 38.52526], [-121.40678, 38.52293], [-121.40584, 38.52039], [-121.40536, 38.51909], [-121.40488, 38.51779], [-121.40429, 38.51619], [-121.40376, 38.51477], [-121.40329, 38.51351], [-121.40242, 38.51121], [-121.40185, 38.50967], [-121.40074, 38.50667], [-121.40032, 38.50554], [-121.39978, 38.5041], [-121.39867, 38.50111], [-121.3977, 38.49851], [-121.39684, 38.49616], [-121.39544, 38.49237], [-121.39446, 38.48975], [-121.39335, 38.48675], [-121.39268, 38.48496], [-121.39152, 38.48183], [-121.38996, 38.47764], [-121.38948, 38.47635], [-121.38884, 38.47461], [-121.38836, 38.47338], [-121.3879, 38.47216], [-121.38747, 38.47094], [-121.38703, 38.46975], [-121.38549, 38.46561], [-121.38507, 38.46447], [-121.38388, 38.46127], [-121.38343, 38.46005], [-121.38302, 38.45896], [-121.38178, 38.45562], [-121.38131, 38.45436], [-121.3808, 38.45299], [-121.38028, 38.45161], [-121.37977, 38.45023], [-121.3791, 38.44838], [-121.37841, 38.44654], [-121.37773, 38.44472], [-121.37662, 38.44173], [-121.37555, 38.43886], [-121.37515, 38.43779], [-121.37471, 38.43658], [-121.37406, 38.43484], [-121.37355, 38.43347], [-121.37256, 38.4308], [-121.37214, 38.42966], [-121.37172, 38.42849], [-121.37108, 38.42681], [-121.37065, 38.42566], [-121.36991, 38.42363], [-121.36916, 38.42166], [-121.36832, 38.41938], [-121.3679, 38.4182], [-121.36747, 38.41709], [-121.36705, 38.41594], [-121.36662, 38.41479], [-121.36599, 38.41309], [-121.36556, 38.41195], [-121.37, 38.41], [-121.36526, 38.41112], [-121.36479, 38.40987], [-121.36441, 38.40882], [-121.36392, 38.40754], [-121.36351, 38.4064], [-121.36287, 38.40469], [-121.36244, 38.40354], [-121.36202, 38.40241], [-121.3616, 38.40127], [-121.36118, 38.40013], [-121.36064, 38.39867], [-121.36001, 38.397], [-121.35907, 38.39444], [-121.35864, 38.3933], [-121.35809, 38.39176], [-121.35752, 38.39021], [-121.35676, 38.38819], [-121.35591, 38.38592], [-121.35547, 38.38471], [-121.355, 38.38343], [-121.35447, 38.38201], [-121.35376, 38.3801], [-121.35323, 38.37867], [-121.35284, 38.37761], [-121.35228, 38.37605], [-121.35178, 38.37462], [-121.35134, 38.37337], [-121.35028, 38.3705], [-121.34945, 38.36825], [-121.34886, 38.36677], [-121.34818, 38.36506], [-121.34736, 38.36278], [-121.34688, 38.36152], [-121.34638, 38.36017], [-121.34593, 38.35897], [-121.34548, 38.35775], [-121.34449, 38.35508], [-121.34388, 38.35347], [-121.34297, 38.35103], [-121.34253, 38.3498], [-121.34191, 38.34813], [-121.34139, 38.34674], [-121.34094, 38.34551], [-121.34047, 38.34425], [-121.34003, 38.34303], [-121.33936, 38.34124], [-121.33822, 38.33821], [-121.33753, 38.33633], [-121.33683, 38.33441], [-121.33641, 38.33326], [-121.33595, 38.33204], [-121.3355, 38.33081], [-121.3351, 38.32974], [-121.33458, 38.32835], [-121.33405, 38.32693], [-121.33346, 38.3253], [-121.33301, 38.32406], [-121.3321, 38.32165], [-121.33142, 38.3198], [-121.33096, 38.31857], [-121.33006, 38.31613], [-121.32961, 38.31491], [-121.32916, 38.31369], [-121.32871, 38.31248], [-121.32817, 38.31097], [-121.32773, 38.30978], [-121.32712, 38.30815], [-121.32638, 38.3062], [-121.32586, 38.30477], [-121.32477, 38.30183], [-121.32405, 38.29987], [-121.32363, 38.29874], [-121.32296, 38.29693], [-121.32251, 38.29573], [-121.32206, 38.29449], [-121.32134, 38.29254], [-121.32076, 38.29098], [-121.31988, 38.2886], [-121.31933, 38.28712], [-121.31882, 38.28574], [-121.31808, 38.28375], [-121.31767, 38.28265], [-121.31694, 38.28069], [-121.31623, 38.27874], [-121.31552, 38.27685], [-121.31448, 38.27404], [-121.31404, 38.27287], [-121.3135, 38.27139], [-121.31296, 38.26991], [-121.31227, 38.26807], [-121.31188, 38.267], [-121.31056, 38.26342], [-121.31005, 38.26204], [-121.30928, 38.25999], [-121.30875, 38.25853], [-121.30823, 38.25716], [-121.3078, 38.25596], [-121.30739, 38.25485], [-121.30678, 38.2532], [-121.3064, 38.25214], [-121.3056, 38.25002], [-121.30523, 38.24897], [-121.30433, 38.24657], [-121.3037, 38.24489], [-121.30328, 38.24375], [-121.302, 38.24026], [-121.30094, 38.23737], [-121.29653, 38.22539], [-121.29554, 38.22277], [-121.29463, 38.22034], [-121.29382, 38.21816], [-121.29248, 38.21455], [-121.29177, 38.21261], [-121.29043, 38.209], [-121.28898, 38.205], [-121.2885, 38.20374], [-121.28767, 38.20146], [-121.28595, 38.19696], [-121.28505, 38.1945], [-121.28337, 38.18991], [-121.28259, 38.18784], [-121.28176, 38.18559], [-121.28134, 38.18443], [-121.27779, 38.17471], [-121.27728, 38.17333], [-121.27646, 38.17111], [-121.27563, 38.16888], [-121.27514, 38.16756], [-121.2742, 38.16501], [-121.27304, 38.16187], [-121.27263, 38.16077], [-121.27201, 38.15908], [-121.27164, 38.15784], [-121.27135, 38.15606], [-121.27125, 38.15474], [-121.27107, 38.15227], [-121.27093, 38.15052], [-121.27084, 38.14931], [-121.27074, 38.14781], [-121.27067, 38.14664], [-121.27072, 38.14555], [-121.27082, 38.1438], [-121.27118, 38.13901], [-121.27127, 38.13782], [-121.27135, 38.13668], [-121.27144, 38.13541], [-121.27153, 38.1341], [-121.27168, 38.13205], [-121.2718, 38.1304], [-121.2719, 38.12908], [-121.27209, 38.12647], [-121.27219, 38.12498], [-121.27235, 38.12279], [-121.27245, 38.12141], [-121.27255, 38.12011], [-121.27266, 38.11869], [-121.27286, 38.11598], [-121.27311, 38.11254], [-121.2732, 38.11141], [-121.2736, 38.1057], [-121.27371, 38.10421], [-121.27387, 38.10207], [-121.2742, 38.0975], [-121.27447, 38.09385], [-121.27459, 38.09204], [-121.27489, 38.08813], [-121.27499, 38.08656], [-121.27532, 38.08212], [-121.27558, 38.07852], [-121.27601, 38.07273], [-121.27625, 38.06912], [-121.27642, 38.06627], [-121.27695, 38.05945], [-121.27705, 38.05817], [-121.27714, 38.05691], [-121.27743, 38.05275], [-121.27752, 38.05126], [-121.27768, 38.0493], [-121.27789, 38.04657], [-121.27803, 38.0446], [-121.27817, 38.04283], [-121.27849, 38.03813], [-121.27857, 38.03693], [-121.27864, 38.03569], [-121.27878, 38.03382], [-121.27909, 38.02977], [-121.27925, 38.02732], [-121.27973, 38.0213], [-121.28015, 38.01509], [-121.28027, 38.01354], [-121.28047, 38.01033], [-121.28064, 38.00794], [-121.28089, 38.00478], [-121.28114, 38.00097], [-121.28136, 37.99798], [-121.2816, 37.9949], [-121.28178, 37.99222], [-121.28202, 37.98868], [-121.28235, 37.9844], [-121.28251, 37.98197], [-121.2826, 37.98065], [-121.28285, 37.97725], [-121.28297, 37.9757], [-121.283, 37.97444], [-121.2829, 37.97308], [-121.28272, 37.97196], [-121.28246, 37.97078], [-121.28215, 37.96962], [-121.28126, 37.96645], [-121.28048, 37.96362], [-121.27995, 37.96166], [-121.27961, 37.96044], [-121.27927, 37.95893], [-121.27899, 37.95786], [-121.2785, 37.95607], [-121.27823, 37.955], [-121.286, 37.953], [-121.27823, 37.955], [-121.27779, 37.95371], [-121.27738, 37.95243], [-121.2769, 37.95064], [-121.2766, 37.94951], [-121.27609, 37.94765], [-121.27576, 37.94639], [-121.27535, 37.94489], [-121.27494, 37.94338], [-121.27459, 37.94231], [-121.2742, 37.94073], [-121.27399, 37.93907], [-121.27397, 37.93748], [-121.274, 37.93277], [-121.27404, 37.92811], [-121.27406, 37.92531], [-121.27411, 37.91859], [-121.27404, 37.91701], [-121.27388, 37.9159], [-121.27383, 37.91469], [-121.27389, 37.90861], [-121.2737, 37.90752], [-121.27274, 37.90509], [-121.27167, 37.90241], [-121.27126, 37.90129], [-121.27066, 37.8996], [-121.27024, 37.89793], [-121.26898, 37.89257], [-121.2681, 37.88878], [-121.26777, 37.88743], [-121.26691, 37.88381], [-121.26623, 37.88094], [-121.26584, 37.87893], [-121.26569, 37.87755], [-121.26559, 37.87573], [-121.2655, 37.87416], [-121.26543, 37.87285], [-121.26536, 37.87159], [-121.265, 37.86503], [-121.26487, 37.86276], [-121.26481, 37.86153], [-121.26467, 37.85853], [-121.26447, 37.85561], [-121.26439, 37.85354], [-121.26415, 37.84978], [-121.264, 37.84689], [-121.26366, 37.8411], [-121.26332, 37.83466], [-121.26317, 37.83212], [-121.2631, 37.83075], [-121.26304, 37.82963], [-121.26288, 37.82662], [-121.26279, 37.82513], [-121.26269, 37.82397], [-121.26237, 37.82291], [-121.26153, 37.82191], [-121.26046, 37.82118], [-121.2594, 37.8205], [-121.25828, 37.81977], [-121.25643, 37.81858], [-121.25329, 37.81673], [-121.2484, 37.81387], [-121.24516, 37.81196], [-121.23511, 37.80605], [-121.22887, 37.80237], [-121.22505, 37.80014], [-121.22331, 37.79911], [-121.22042, 37.79741], [-121.21781, 37.79589], [-121.21638, 37.79504], [-121.21472, 37.79408], [-121.21065, 37.79169], [-121.20698, 37.78953], [-121.20502, 37.78838], [-121.2032, 37.78731], [-121.2011, 37.78608], [-121.1992, 37.78496], [-121.19697, 37.78365], [-121.19486, 37.78241], [-121.19294, 37.78127], [-121.18896, 37.77894], [-121.18389, 37.77595], [-121.18084, 37.77417], [-121.17974, 37.77351], [-121.17746, 37.77224], [-121.17603, 37.7714], [-121.1741, 37.77021], [-121.17261, 37.76935], [-121.17111, 37.76848], [-121.16958, 37.76758], [-121.16753, 37.76633], [-121.16474, 37.76477], [-121.16047, 37.76221], [-121.15656, 37.7599], [-121.15342, 37.75804], [-121.15102, 37.75663], [-121.14709, 37.7543], [-121.14503, 37.75316], [-121.14294, 37.75193], [-121.13942, 37.74985], [-121.13732, 37.74862], [-121.13546, 37.74751], [-121.13373, 37.74652], [-121.12878, 37.74356], [-121.1259, 37.74182], [-121.12428, 37.74076], [-121.12186, 37.73914], [-121.11963, 37.73752], [-121.11839, 37.73661], [-121.11715, 37.73566], [-121.11544, 37.73433], [-121.11423, 37.73334], [-121.11322, 37.73253], [-121.1118, 37.73138], [-121.11007, 37.72992], [-121.10829, 37.72846], [-121.10673, 37.72718], [-121.10411, 37.72492], [-121.10064, 37.72204], [-121.09896, 37.72064], [-121.09595, 37.71814], [-121.09185, 37.71471], [-121.08727, 37.71086], [-121.08318, 37.70743], [-121.08153, 37.70602], [-121.07817, 37.70322], [-121.07593, 37.70135], [-121.07454, 37.70018], [-121.0702, 37.69655], [-121.06901, 37.69554], [-121.06803, 37.69473], [-121.06418, 37.69151], [-121.06314, 37.6906], [-121.05676, 37.68526], [-121.05528, 37.68402], [-121.05429, 37.68319], [-121.05306, 37.68217], [-121.04981, 37.67945], [-121.04531, 37.67567], [-121.04017, 37.67136], [-121.03609, 37.66795], [-121.03414, 37.66632], [-121.03131, 37.66397], [-121.02777, 37.66097], [-121.02609, 37.65954], [-121.02513, 37.65874], [-121.02194, 37.65608], [-121.01856, 37.65325], [-121.01701, 37.65191], [-121.01192, 37.64774], [-121.01026, 37.64635], [-121.0043, 37.64129], [-121.00316, 37.64032], [-121.00189, 37.63927], [-121.00089, 37.63841], [-120.997, 37.642], [-121.00089, 37.63841], [-120.99971, 37.63741], [-120.99862, 37.6364], [-120.99765, 37.63544], [-120.99673, 37.63441], [-120.99598, 37.63344], [-120.99516, 37.63214], [-120.99469, 37.63107], [-120.99415, 37.62941], [-120.9934, 37.62705], [-120.99303, 37.62594], [-120.99198, 37.62331], [-120.99108, 37.6217], [-120.98984, 37.62005], [-120.98896, 37.61912], [-120.9878, 37.61807], [-120.98685, 37.61724], [-120.98571, 37.61622], [-120.98541, 37.61515], [-120.98509, 37.61281], [-120.98471, 37.61156], [-120.9845, 37.61022], [-120.98448, 37.60815], [-120.98446, 37.60497], [-120.98445, 37.60384], [-120.98442, 37.60214], [-120.98442, 37.60073], [-120.98439, 37.59501], [-120.9844, 37.58788], [-120.98442, 37.58349], [-120.98442, 37.58047], [-120.98445, 37.57449], [-120.98446, 37.57311], [-120.98448, 37.56583], [-120.9845, 37.56193], [-120.9845, 37.55856], [-120.9845, 37.55706], [-120.98454, 37.55152], [-120.98455, 37.54783], [-120.98452, 37.54619], [-120.98449, 37.54416], [-120.98442, 37.54043], [-120.98437, 37.53812], [-120.98436, 37.53682], [-120.98434, 37.53482], [-120.98387, 37.53351], [-120.98255, 37.53139], [-120.98121, 37.52923], [-120.97895, 37.52564], [-120.97764, 37.52353], [-120.97661, 37.52189], [-120.97433, 37.51825], [-120.96967, 37.51078], [-120.96759, 37.50739], [-120.96381, 37.50144], [-120.96302, 37.50011], [-120.95897, 37.49359], [-120.95821, 37.49269], [-120.95687, 37.4916], [-120.95508, 37.49028], [-120.95359, 37.4896], [-120.95216, 37.48926], [-120.95034, 37.48918], [-120.94561, 37.48915], [-120.94035, 37.48918], [-120.93096, 37.48912], [-120.92873, 37.48907], [-120.92722, 37.48904], [-120.92158, 37.48899], [-120.91286, 37.489], [-120.90817, 37.48901], [-120.90486, 37.48902], [-120.8854, 37.48905], [-120.87956, 37.48906], [-120.87744, 37.48907], [-120.86884, 37.48911], [-120.86719, 37.48908], [-120.86401, 37.48907], [-120.86264, 37.48907], [-120.86088, 37.48906], [-120.85944, 37.48906], [-120.85807, 37.48908], [-120.85429, 37.48909], [-120.85292, 37.4892], [-120.85145, 37.48919], [-120.8499, 37.48919], [-120.84909, 37.49043], [-120.84906, 37.48922], [-120.84906, 37.48797], [-120.84907, 37.48685], [-120.84907, 37.48562], [-120.84904, 37.48442], [-120.84904, 37.48315], [-120.84904, 37.48198], [-120.84904, 37.48067], [-120.84905, 37.47908], [-120.84908, 37.47742], [-120.84908, 37.47629], [-120.84911, 37.47469], [-120.8474, 37.4737], [-120.84626, 37.47309], [-120.84507, 37.47251], [-120.84163, 37.47109], [-120.8296, 37.46635], [-120.8248, 37.46447], [-120.82325, 37.46386], [-120.82011, 37.46261], [-120.81864, 37.46201], [-120.81653, 37.46117], [-120.81383, 37.46012], [-120.81246, 37.4596], [-120.81078, 37.45896], [-120.80784, 37.45781], [-120.80567, 37.45683], [-120.8042, 37.45607], [-120.80307, 37.45528], [-120.80126, 37.45379], [-120.80031, 37.45267], [-120.79931, 37.4515], [-120.79823, 37.45047], [-120.79686, 37.44965], [-120.79598, 37.44873], [-120.79513, 37.44767], [-120.79266, 37.44575], [-120.79125, 37.44482], [-120.79006, 37.44392], [-120.78899, 37.44289], [-120.78752, 37.4413], [-120.78598, 37.43967], [-120.7848, 37.43849], [-120.78362, 37.43747], [-120.78167, 37.43592], [-120.78067, 37.43515], [-120.77871, 37.43364], [-120.77699, 37.43234], [-120.77593, 37.43138], [-120.77493, 37.43037], [-120.77391, 37.42908], [-120.77302, 37.42823], [-120.77137, 37.42707], [-120.77031, 37.42618], [-120.76955, 37.42519], [-120.76846, 37.42422], [-120.76667, 37.42289], [-120.76507, 37.42173], [-120.76229, 37.41938], [-120.76009, 37.4174], [-120.75877, 37.41623], [-120.75725, 37.41487], [-120.75581, 37.41364], [-120.75464, 37.41253], [-120.75354, 37.41148], [-120.7524, 37.41038], [-120.75131, 37.40936], [-120.7498, 37.40774], [-120.74875, 37.4066], [-120.7479, 37.40568], [-120.74672, 37.4043], [-120.74503, 37.40226], [-120.74314, 37.39999], [-120.74231, 37.399], [-120.74142, 37.39791], [-120.74067, 37.39668], [-120.74022, 37.39558], [-120.73969, 37.39434], [-120.73907, 37.39328], [-120.73795, 37.39222], [-120.73678, 37.39153], [-120.73558, 37.39088], [-120.73455, 37.3899], [-120.73279, 37.38911], [-120.73142, 37.38889], [-120.72949, 37.38885], [-120.72755, 37.38899], [-120.72618, 37.389], [-120.72461, 37.38883], [-120.72294, 37.38843], [-120.71861, 37.38671], [-120.71698, 37.38616], [-120.71516, 37.38568], [-120.71361, 37.3852], [-120.71237, 37.38472], [-120.7107, 37.38389], [-120.70921, 37.38307], [-120.70795, 37.38244], [-120.70672, 37.38189], [-120.70499, 37.38124], [-120.69079, 37.37607], [-120.68887, 37.37554], [-120.68707, 37.37522], [-120.68537, 37.37498], [-120.68364, 37.3746], [-120.68196, 37.37407], [-120.6805, 37.37348], [-120.6791, 37.37275], [-120.67663, 37.37117], [-120.67534, 37.37049], [-120.67403, 37.36994], [-120.65919, 37.36448], [-120.65694, 37.36368], [-120.65491, 37.36314], [-120.65302, 37.36282], [-120.65122, 37.36249], [-120.64992, 37.36219], [-120.64818, 37.36165], [-120.6466, 37.36101], [-120.64494, 37.36012], [-120.64176, 37.35822], [-120.63971, 37.35733], [-120.63524, 37.35572], [-120.63392, 37.35531], [-120.63261, 37.35501], [-120.63036, 37.3546], [-120.62878, 37.35433], [-120.62734, 37.3539], [-120.626, 37.35316], [-120.6248, 37.35219], [-120.62319, 37.35041], [-120.62202, 37.34907], [-120.62101, 37.34812], [-120.61975, 37.34726], [-120.61848, 37.34663], [-120.61717, 37.34614], [-120.61556, 37.34558], [-120.61315, 37.34466], [-120.60242, 37.34075], [-120.6006, 37.34027], [-120.59886, 37.34008], [-120.59659, 37.34017], [-120.59388, 37.34037], [-120.59216, 37.34047], [-120.59052, 37.34036], [-120.58893, 37.33996], [-120.58729, 37.33913], [-120.58488, 37.3375], [-120.58283, 37.33638], [-120.58158, 37.33588], [-120.5792, 37.33504], [-120.5778, 37.33452], [-120.57647, 37.3341], [-120.57486, 37.33373], [-120.57257, 37.33342], [-120.57122, 37.33325], [-120.56952, 37.3329], [-120.56808, 37.33246], [-120.5664, 37.33172], [-120.56519, 37.33103], [-120.56395, 37.33019], [-120.56284, 37.32943], [-120.56164, 37.32874], [-120.56012, 37.32805], [-120.55425, 37.32588], [-120.55006, 37.32434], [-120.5443, 37.32223], [-120.54241, 37.32155], [-120.54099, 37.32102], [-120.53911, 37.32033], [-120.53564, 37.31906], [-120.5302, 37.31707], [-120.52707, 37.31595], [-120.52535, 37.31532], [-120.52387, 37.31478], [-120.52194, 37.31408], [-120.52036, 37.31362], [-120.51876, 37.31341], [-120.51739, 37.31332], [-120.51583, 37.3131], [-120.51436, 37.31263], [-120.51315, 37.31195], [-120.51224, 37.31111], [-120.51139, 37.31018], [-120.51018, 37.30965], [-120.50833, 37.30906], [-120.50697, 37.30872], [-120.50547, 37.30843], [-120.5036, 37.30782], [-120.50235, 37.30727], [-120.50078, 37.30662], [-120.49929, 37.30607], [-120.49783, 37.30553], [-120.49639, 37.305], [-120.49446, 37.30429], [-120.49298, 37.30375], [-120.49148, 37.3032], [-120.48996, 37.30264], [-120.48848, 37.30209], [-120.48705, 37.30157], [-120.48541, 37.30097], [-120.483, 37.305], [-120.48084, 37.30897], [-120.48366, 37.31], [-120.48839, 37.31174], [-120.49289, 37.31339], [-120.49514, 37.31422], [-120.50099, 37.31636], [-120.50253, 37.31698], [-120.50402, 37.31763], [-120.50521, 37.3182], [-120.50645, 37.31884], [-120.50768, 37.31955], [-120.50947, 37.32065], [-120.50846, 37.31984], [-120.50978, 37.3202], [-120.5112, 37.3201], [-120.51239, 37.3192], [-120.51364, 37.31873], [-120.51473, 37.31807], [-120.51488, 37.31648], [-120.51487, 37.31509], [-120.51447, 37.31401], [-120.50739, 37.31373], [-120.50601, 37.31359], [-120.50538, 37.31241], [-120.50542, 37.31113], [-120.50546, 37.30971], [-120.50518, 37.30847], [-120.5043, 37.30738], [-120.50307, 37.30671], [-120.5003, 37.30569], [-120.49867, 37.30509], [-120.49612, 37.30416], [-120.49419, 37.30345], [-120.48885, 37.30145], [-120.48579, 37.30033], [-120.48429, 37.29978], [-120.48136, 37.2987], [-120.47971, 37.2981], [-120.47681, 37.29703], [-120.47403, 37.29601], [-120.47234, 37.29539], [-120.46879, 37.29409], [-120.46746, 37.29358], [-120.46622, 37.29306], [-120.46495, 37.29249], [-120.46358, 37.29181], [-120.4621, 37.291], [-120.46025, 37.28988], [-120.45917, 37.28916], [-120.45787, 37.28821], [-120.45677, 37.28735], [-120.45499, 37.2859], [-120.45403, 37.28512], [-120.45268, 37.28402], [-120.4513, 37.2829], [-120.44912, 37.28113], [-120.44691, 37.27934], [-120.44547, 37.27817], [-120.44351, 37.27656], [-120.44143, 37.27488], [-120.43937, 37.27321], [-120.43785, 37.27198], [-120.43623, 37.27066], [-120.43452, 37.26926], [-120.43333, 37.2683], [-120.43092, 37.26635], [-120.42873, 37.26456], [-120.42548, 37.26192], [-120.42218, 37.25923], [-120.41948, 37.25704], [-120.41657, 37.25467], [-120.41446, 37.25294], [-120.41233, 37.25121], [-120.41102, 37.25015], [-120.40995, 37.24929], [-120.40762, 37.24739], [-120.40278, 37.24345], [-120.39917, 37.24052], [-120.39365, 37.23603], [-120.38571, 37.22957], [-120.3847, 37.22873], [-120.38363, 37.22788], [-120.37997, 37.22489], [-120.37542, 37.2212], [-120.37112, 37.2177], [-120.36609, 37.21375], [-120.36012, 37.2089], [-120.35843, 37.20736], [-120.35226, 37.20233], [-120.34872, 37.19945], [-120.34761, 37.19854], [-120.34519, 37.19657], [-120.3428, 37.19462], [-120.33984, 37.19223], [-120.33687, 37.1899], [-120.33432, 37.18772], [-120.3317, 37.1856], [-120.32711, 37.18193], [-120.32425, 37.17952], [-120.31256, 37.17005], [-120.31097, 37.16869], [-120.30788, 37.16623], [-120.30306, 37.16231], [-120.29724, 37.15753], [-120.29586, 37.15641], [-120.29324, 37.15428], [-120.29109, 37.1525], [-120.2898, 37.15143], [-120.27841, 37.14214], [-120.27248, 37.13732], [-120.27003, 37.13531], [-120.26604, 37.13206], [-120.2608, 37.12779], [-120.25974, 37.1269], [-120.25868, 37.12603], [-120.25743, 37.12499], [-120.25487, 37.12291], [-120.25192, 37.1205], [-120.23714, 37.10844], [-120.23607, 37.10754], [-120.23492, 37.10659], [-120.23392, 37.10578], [-120.22585, 37.0992], [-120.22476, 37.0983], [-120.22162, 37.09584], [-120.21592, 37.09107], [-120.21284, 37.08855], [-120.20985, 37.0861], [-120.20814, 37.0847], [-120.2069, 37.08368], [-120.20576, 37.08276], [-120.2039, 37.08123], [-120.20257, 37.08016], [-120.20117, 37.079], [-120.19947, 37.07761], [-120.19794, 37.07635], [-120.1955, 37.07436], [-120.19413, 37.07318], [-120.19288, 37.07215], [-120.1888, 37.06886], [-120.18591, 37.06651], [-120.18314, 37.06424], [-120.1804, 37.06196], [-120.17653, 37.05884], [-120.17158, 37.05477], [-120.16655, 37.05062], [-120.1577, 37.04338], [-120.15588, 37.04187], [-120.1534, 37.03984], [-120.14898, 37.03622], [-120.14752, 37.03507], [-120.13247, 37.02269], [-120.1278, 37.01885], [-120.12515, 37.01668], [-120.12392, 37.01569], [-120.12176, 37.01389], [-120.11103, 37.00505], [-120.10612, 37.00103], [-120.10445, 36.99965], [-120.10264, 36.99818], [-120.10079, 36.99664], [-120.09524, 36.99211], [-120.08406, 36.98298], [-120.07776, 36.97776], [-120.07461, 36.97514], [-120.07041, 36.97165], [-120.06761, 36.96903], [-120.06653, 36.968], [-120.0643, 36.96585], [-120.06304, 36.96465], [-120.06189, 36.96354], [-120.05994, 36.96167], [-120.05896, 36.96074], [-120.06, 36.96], [-120.05896, 36.96074], [-120.05779, 36.95961], [-120.05579, 36.95769], [-120.05069, 36.95279], [-120.049, 36.95119], [-120.04588, 36.94821], [-120.04466, 36.94702], [-120.04288, 36.9453], [-120.03944, 36.942], [-120.03745, 36.9401], [-120.03527, 36.93801], [-120.02692, 36.92997], [-120.02156, 36.92481], [-120.02063, 36.92392], [-120.0194, 36.92273], [-120.00919, 36.91293], [-120.00541, 36.90927], [-120.00105, 36.90509], [-119.99562, 36.89983], [-119.98865, 36.89315], [-119.98195, 36.88668], [-119.97695, 36.88186], [-119.97604, 36.88098], [-119.96989, 36.87503], [-119.96021, 36.86571], [-119.95558, 36.86123], [-119.9471, 36.85305], [-119.94564, 36.85167], [-119.94447, 36.85065], [-119.94236, 36.84902], [-119.94112, 36.84816], [-119.93988, 36.84738], [-119.93837, 36.84651], [-119.93567, 36.84508], [-119.93361, 36.844], [-119.93117, 36.84273], [-119.92344, 36.83869], [-119.92173, 36.8378], [-119.9203, 36.83701], [-119.91608, 36.8346], [-119.91471, 36.83381], [-119.91274, 36.8326], [-119.89743, 36.82231], [-119.89469, 36.82046], [-119.88724, 36.81543], [-119.88071, 36.81101], [-119.8794, 36.81007], [-119.87826, 36.80917], [-119.87701, 36.8081], [-119.86871, 36.80057], [-119.83882, 36.77344], [-119.83656, 36.77137], [-119.83514, 36.77003], [-119.82999, 36.76535], [-119.82682, 36.76248], [-119.82519, 36.76108], [-119.82131, 36.75753], [-119.81352, 36.75044], [-119.80835, 36.74573], [-119.80585, 36.74345], [-119.79926, 36.73746], [-119.79819, 36.73648], [-119.79535, 36.73391], [-119.79313, 36.73189], [-119.79197, 36.73083], [-119.79102, 36.72999], [-119.78947, 36.7287], [-119.78853, 36.72784], [-119.78649, 36.72596], [-119.78551, 36.72509], [-119.7843, 36.72458], [-119.78291, 36.72448], [-119.78149, 36.7247], [-119.78023, 36.7252], [-119.77914, 36.72595], [-119.77829, 36.72694], [-119.77746, 36.72831], [-119.77708, 36.72943], [-119.77705, 36.73116], [-119.77691, 36.73228], [-119.77704, 36.73336], [-119.77857, 36.73489], [-119.78112, 36.73729], [-119.78223, 36.7383], [-119.78401, 36.73999], [-119.7871, 36.7378], [-119.78401, 36.73999], [-119.78306, 36.73912], [-119.78168, 36.7378], [-119.77934, 36.73568], [-119.77372, 36.73054], [-119.7729, 36.72953], [-119.77251, 36.72843], [-119.77247, 36.72512], [-119.77248, 36.7227], [-119.77248, 36.72157], [-119.77256, 36.72023], [-119.77256, 36.71858], [-119.77258, 36.71545], [-119.77238, 36.71424], [-119.77176, 36.71308], [-119.76819, 36.70969], [-119.76632, 36.70794], [-119.76531, 36.70688], [-119.76387, 36.70556], [-119.7616, 36.70349], [-119.76067, 36.70268], [-119.75264, 36.6972], [-119.7516, 36.69642], [-119.7509, 36.69533], [-119.75051, 36.69418], [-119.75032, 36.69292], [-119.74829, 36.69108], [-119.74621, 36.68917], [-119.74527, 36.68832], [-119.74202, 36.68536], [-119.73818, 36.68187], [-119.73394, 36.678], [-119.72691, 36.6716], [-119.72579, 36.67058], [-119.7182, 36.66367], [-119.71013, 36.65629], [-119.69417, 36.64175], [-119.68622, 36.63452], [-119.6827, 36.63131], [-119.68057, 36.62936], [-119.67729, 36.62637], [-119.67513, 36.62439], [-119.67022, 36.61992], [-119.66376, 36.61402], [-119.6551, 36.60612], [-119.65321, 36.60439], [-119.64649, 36.59826], [-119.64061, 36.59288], [-119.63824, 36.59074], [-119.62851, 36.58185], [-119.62253, 36.57638], [-119.61985, 36.57393], [-119.61607, 36.57048], [-119.61326, 36.56791], [-119.61, 36.57], [-119.61311, 36.56777], [-119.61192, 36.56669], [-119.61076, 36.56563], [-119.60911, 36.56412], [-119.60626, 36.56152], [-119.60357, 36.55906], [-119.5984, 36.55433], [-119.59246, 36.5489], [-119.59156, 36.54808], [-119.59037, 36.54699], [-119.57559, 36.53346], [-119.57234, 36.5305], [-119.57045, 36.52876], [-119.56652, 36.52517], [-119.56259, 36.52157], [-119.55865, 36.51797], [-119.55425, 36.51394], [-119.55181, 36.51171], [-119.5452, 36.50565], [-119.54348, 36.50417], [-119.54174, 36.50282], [-119.53972, 36.50146], [-119.53863, 36.50082], [-119.53725, 36.50003], [-119.53536, 36.49908], [-119.5318, 36.49751], [-119.53001, 36.49671], [-119.52159, 36.49296], [-119.5199, 36.49217], [-119.51808, 36.49121], [-119.51587, 36.48986], [-119.51434, 36.48883], [-119.51292, 36.48773], [-119.51138, 36.48642], [-119.50996, 36.48508], [-119.5091, 36.48417], [-119.50777, 36.48264], [-119.50663, 36.48115], [-119.49337, 36.46109], [-119.49218, 36.45929], [-119.48865, 36.45394], [-119.4853, 36.44888], [-119.48247, 36.44459], [-119.48151, 36.44314], [-119.47768, 36.43734], [-119.47503, 36.4333], [-119.46646, 36.42037], [-119.46308, 36.41519], [-119.45922, 36.40933], [-119.4562, 36.40473], [-119.45551, 36.40368], [-119.43644, 36.37475], [-119.42481, 36.35716], [-119.41592, 36.34368], [-119.41491, 36.34263], [-119.41349, 36.34229], [-119.40836, 36.34227], [-119.40669, 36.34226], [-119.40359, 36.34226], [-119.4007, 36.34225], [-119.39462, 36.34223], [-119.39151, 36.34222], [-119.38967, 36.34222], [-119.38562, 36.34221], [-119.38247, 36.34219], [-119.37809, 36.34218], [-119.37648, 36.34217], [-119.37376, 36.34217], [-119.36949, 36.34216], [-119.36782, 36.34215], [-119.35067, 36.34208], [-119.34886, 36.34191], [-119.33206, 36.33901], [-119.3194, 36.33682], [-119.31673, 36.33634], [-119.31421, 36.33594], [-119.3126, 36.33564], [-119.31122, 36.33541], [-119.30962, 36.33508], [-119.3081, 36.33466], [-119.30548, 36.33382], [-119.30356, 36.33321], [-119.30223, 36.33301], [-119.30085, 36.33283], [-119.29957, 36.33224], [-119.29825, 36.33195], [-119.29665, 36.33195], [-119.2946, 36.33196], [-119.29313, 36.33198], [-119.29177, 36.33199], [-119.292, 36.33], [-119.29177, 36.33199], [-119.29313, 36.33198], [-119.2946, 36.33196], [-119.2963, 36.33196], [-119.29774, 36.33195], [-119.29912, 36.33208], [-119.30044, 36.33269], [-119.30223, 36.33301], [-119.30356, 36.33321], [-119.30548, 36.33382], [-119.3081, 36.33466], [-119.30962, 36.33508], [-119.31122, 36.33541], [-119.3126, 36.33564], [-119.31421, 36.33594], [-119.31673, 36.33634], [-119.3194, 36.33682], [-119.33188, 36.33897], [-119.34886, 36.34191], [-119.35067, 36.34208], [-119.36666, 36.34214], [-119.36949, 36.34216], [-119.37376, 36.34217], [-119.37603, 36.34217], [-119.37804, 36.34218], [-119.38247, 36.34219], [-119.3847, 36.3422], [-119.38967, 36.34222], [-119.39151, 36.34222], [-119.39447, 36.34224], [-119.4006, 36.34225], [-119.4034, 36.34226], [-119.40669, 36.34226], [-119.40836, 36.34227], [-119.41247, 36.34228], [-119.414, 36.34234], [-119.41537, 36.34295], [-119.41462, 36.34171], [-119.40599, 36.32862], [-119.40467, 36.32662], [-119.3731, 36.27873], [-119.36215, 36.2621], [-119.36139, 36.2608], [-119.36072, 36.25948], [-119.36012, 36.25818], [-119.35943, 36.25636], [-119.35909, 36.25525], [-119.3586, 36.25329], [-119.35817, 36.25132], [-119.35568, 36.24028], [-119.35501, 36.23724], [-119.35239, 36.22563], [-119.34971, 36.21369], [-119.34927, 36.21178], [-119.34895, 36.21033], [-119.34837, 36.20773], [-119.34807, 36.20641], [-119.34779, 36.20513], [-119.34661, 36.19991], [-119.34595, 36.19699], [-119.34265, 36.18236], [-119.33596, 36.15276], [-119.33414, 36.14476], [-119.33205, 36.13548], [-119.33162, 36.13364], [-119.32934, 36.12362], [-119.3267, 36.11196], [-119.32515, 36.10514], [-119.32462, 36.10279], [-119.32438, 36.10172], [-119.32403, 36.10018], [-119.32295, 36.09545], [-119.3226, 36.09389], [-119.32225, 36.09237], [-119.32093, 36.08655], [-119.31896, 36.0779], [-119.31751, 36.07147], [-119.31627, 36.06606], [-119.31466, 36.05898], [-119.31291, 36.05127], [-119.31219, 36.04811], [-119.30668, 36.02392], [-119.30372, 36.01096], [-119.30295, 36.00756], [-119.29765, 35.98448], [-119.29711, 35.98201], [-119.29626, 35.97849], [-119.29391, 35.96825], [-119.29305, 35.96432], [-119.29087, 35.95483], [-119.28638, 35.93528], [-119.28302, 35.92079], [-119.28142, 35.91381], [-119.27636, 35.89189], [-119.27451, 35.88384], [-119.27343, 35.87921], [-119.26787, 35.85511], [-119.26294, 35.83383], [-119.25959, 35.81932], [-119.25297, 35.79083], [-119.24954, 35.77602], [-119.24877, 35.77273], [-119.24814, 35.77004], [-119.25, 35.77], [-119.24814, 35.77004], [-119.24613, 35.7614], [-119.24529, 35.7578], [-119.24439, 35.75394], [-119.24276, 35.74689], [-119.24232, 35.74505], [-119.23669, 35.72084], [-119.22307, 35.66247], [-119.21484, 35.62738], [-119.20963, 35.60523], [-119.20917, 35.60328], [-119.20888, 35.60201], [-119.20724, 35.59505], [-119.20627, 35.59098], [-119.20096, 35.56848], [-119.19854, 35.55819], [-119.1952, 35.5441], [-119.194, 35.53904], [-119.19371, 35.5379], [-119.1933, 35.53644], [-119.19279, 35.53481], [-119.19236, 35.53354], [-119.19177, 35.53196], [-119.19121, 35.53056], [-119.19049, 35.52891], [-119.18981, 35.52746], [-119.18893, 35.52583], [-119.18815, 35.52436], [-119.18725, 35.52281], [-119.18648, 35.52155], [-119.18575, 35.52041], [-119.18477, 35.51896], [-119.1837, 35.51745], [-119.18288, 35.51637], [-119.18206, 35.51532], [-119.18121, 35.51428], [-119.18035, 35.51327], [-119.17941, 35.5122], [-119.17846, 35.51118], [-119.17762, 35.5103], [-119.17666, 35.50933], [-119.17543, 35.50814], [-119.1745, 35.50728], [-119.17337, 35.5062], [-119.17206, 35.50508], [-119.17081, 35.50406], [-119.16927, 35.50286], [-119.16436, 35.49915], [-119.16105, 35.49666], [-119.1459, 35.48523], [-119.11078, 35.45877], [-119.10575, 35.45497], [-119.09279, 35.44519], [-119.08533, 35.43956], [-119.08323, 35.43797], [-119.06992, 35.42792], [-119.06883, 35.4271], [-119.06162, 35.42165], [-119.05171, 35.41416], [-119.05031, 35.41303], [-119.04924, 35.41223], [-119.0484, 35.41138], [-119.04801, 35.41033], [-119.04798, 35.40862], [-119.04805, 35.40742], [-119.04862, 35.40627], [-119.04988, 35.405], [-119.05282, 35.40224], [-119.05399, 35.40115], [-119.05881, 35.39664], [-119.05968, 35.39565], [-119.06014, 35.39463], [-119.06063, 35.39249], [-119.06092, 35.39113], [-119.06109, 35.38983], [-119.06114, 35.38846], [-119.06117, 35.38336], [-119.0612, 35.37759], [-119.0612, 35.37643], [-119.06077, 35.3753], [-119.05967, 35.37442], [-119.05837, 35.37363], [-119.05678, 35.37268], [-119.05554, 35.3721], [-119.05428, 35.37172], [-119.05292, 35.37154], [-119.05073, 35.3715], [-119.04004, 35.37147], [-119.03368, 35.37146], [-119.03031, 35.37145], [-119.0284, 35.37145], [-119.02526, 35.37146], [-119.0214, 35.37144], [-119.01917, 35.37143], [-119.0187, 35.3733]]}, "properties": {"ftype": "line", "id": "rx-valley", "name": "RX Valley (Sacramento\u2013Bakersfield)", "tier": 2, "headway": "15 min"}}, {"type": "Feature", "geometry": {"type": "LineString", "coordinates": [[-121.5006, 38.5847], [-121.50176, 38.58409], [-121.50265, 38.58599], [-121.50358, 38.58775], [-121.50411, 38.58881], [-121.50437, 38.59002], [-121.50437, 38.59114], [-121.50406, 38.59384], [-121.50382, 38.59616], [-121.5038, 38.59729], [-121.50397, 38.59849], [-121.505, 38.60084], [-121.50701, 38.60476], [-121.50759, 38.60589], [-121.50905, 38.60876], [-121.51024, 38.61104], [-121.51159, 38.61361], [-121.51226, 38.61491], [-121.5132, 38.61671], [-121.51375, 38.61781], [-121.51428, 38.61893], [-121.51683, 38.62455], [-121.51749, 38.626], [-121.51813, 38.62753], [-121.51999, 38.63179], [-121.52083, 38.63354], [-121.5216, 38.63508], [-121.52273, 38.6371], [-121.52353, 38.63862], [-121.52432, 38.64004], [-121.52597, 38.64304], [-121.52859, 38.64786], [-121.52994, 38.65035], [-121.53081, 38.65193], [-121.53161, 38.65337], [-121.53283, 38.65565], [-121.53447, 38.65866], [-121.53516, 38.65991], [-121.53795, 38.66496], [-121.53877, 38.66615], [-121.53983, 38.66734], [-121.54082, 38.66818], [-121.54206, 38.66901], [-121.54327, 38.66967], [-121.54469, 38.6703], [-121.54605, 38.67075], [-121.54737, 38.67106], [-121.54888, 38.67128], [-121.5503, 38.67135], [-121.55836, 38.67136], [-121.56042, 38.67137], [-121.56215, 38.67137], [-121.56703, 38.67137], [-121.56943, 38.67138], [-121.57229, 38.67138], [-121.57602, 38.67138], [-121.5852, 38.67137], [-121.59006, 38.67137], [-121.59168, 38.67137], [-121.59531, 38.67137], [-121.59386, 38.67147], [-121.5925, 38.67187], [-121.59159, 38.67289], [-121.59129, 38.67476], [-121.59, 38.695], [-121.59129, 38.67476], [-121.59151, 38.67319], [-121.59219, 38.67208], [-121.59361, 38.6715], [-121.59531, 38.67137], [-121.59168, 38.67137], [-121.59006, 38.67137], [-121.58621, 38.67137], [-121.57602, 38.67138], [-121.573, 38.67138], [-121.56943, 38.67138], [-121.56725, 38.67138], [-121.56215, 38.67137], [-121.56042, 38.67137], [-121.55836, 38.67136], [-121.5503, 38.67135], [-121.54888, 38.67128], [-121.54737, 38.67106], [-121.54605, 38.67075], [-121.54422, 38.67025], [-121.54284, 38.67016], [-121.54151, 38.67062], [-121.54057, 38.67159], [-121.54026, 38.67339], [-121.5402, 38.67701], [-121.54021, 38.67821], [-121.54026, 38.68164], [-121.54026, 38.68507], [-121.5403, 38.68964], [-121.54034, 38.69505], [-121.54038, 38.69903], [-121.54044, 38.70475], [-121.54047, 38.70689], [-121.54051, 38.71295], [-121.54049, 38.71502], [-121.54048, 38.71704], [-121.54052, 38.71993], [-121.54054, 38.7217], [-121.54054, 38.7239], [-121.54055, 38.73136], [-121.54056, 38.73402], [-121.54057, 38.73586], [-121.54052, 38.73921], [-121.5405, 38.74129], [-121.54046, 38.7432], [-121.54046, 38.74438], [-121.54044, 38.74607], [-121.54042, 38.74723], [-121.54044, 38.74841], [-121.54059, 38.74966], [-121.54086, 38.75086], [-121.54122, 38.75201], [-121.54213, 38.75409], [-121.54269, 38.75527], [-121.54318, 38.75662], [-121.5435, 38.75794], [-121.54365, 38.75913], [-121.5437, 38.76838], [-121.54372, 38.77247], [-121.54372, 38.77439], [-121.54373, 38.77548], [-121.54373, 38.77678], [-121.54373, 38.77794], [-121.54374, 38.77903], [-121.54375, 38.78104], [-121.54376, 38.78267], [-121.54377, 38.78392], [-121.54378, 38.78509], [-121.5438, 38.78969], [-121.54381, 38.79147], [-121.54381, 38.79341], [-121.5438, 38.79553], [-121.54379, 38.79848], [-121.54378, 38.80274], [-121.54378, 38.80772], [-121.5438, 38.81004], [-121.54382, 38.81175], [-121.54383, 38.8129], [-121.54384, 38.8142], [-121.54386, 38.81576], [-121.54388, 38.81724], [-121.54387, 38.81899], [-121.54387, 38.82045], [-121.54387, 38.82238], [-121.54387, 38.82357], [-121.54386, 38.82696], [-121.54387, 38.83017], [-121.54389, 38.83443], [-121.5439, 38.83553], [-121.54391, 38.83691], [-121.54356, 38.83829], [-121.54356, 38.83973], [-121.54356, 38.84086], [-121.54356, 38.84219], [-121.54357, 38.84341], [-121.54358, 38.84508], [-121.54344, 38.8464], [-121.54334, 38.84801], [-121.54327, 38.84913], [-121.5432, 38.8503], [-121.54311, 38.85181], [-121.54306, 38.85346], [-121.54313, 38.85472], [-121.54323, 38.85632], [-121.54333, 38.85891], [-121.54332, 38.8605], [-121.5433, 38.86282], [-121.54328, 38.86401], [-121.54326, 38.86521], [-121.54325, 38.86631], [-121.54324, 38.86916], [-121.54324, 38.87195], [-121.54308, 38.88968], [-121.54304, 38.89094], [-121.54321, 38.89269], [-121.5434, 38.8938], [-121.54364, 38.89491], [-121.54405, 38.8962], [-121.54455, 38.89756], [-121.54521, 38.89907], [-121.54597, 38.90054], [-121.54689, 38.90204], [-121.54756, 38.90304], [-121.5483, 38.90436], [-121.54885, 38.9057], [-121.54919, 38.90701], [-121.54938, 38.90849], [-121.54938, 38.90961], [-121.54917, 38.91119], [-121.54881, 38.91254], [-121.54833, 38.91371], [-121.54769, 38.91491], [-121.54678, 38.91618], [-121.54587, 38.9174], [-121.5451, 38.91865], [-121.54456, 38.91984], [-121.54419, 38.921], [-121.54386, 38.92241], [-121.54372, 38.9278], [-121.54372, 38.92953], [-121.54369, 38.93191], [-121.54369, 38.93368], [-121.54367, 38.93548], [-121.54366, 38.93926], [-121.54365, 38.94097], [-121.54361, 38.94289], [-121.54362, 38.94728], [-121.54362, 38.94905], [-121.54362, 38.95014], [-121.54359, 38.95211], [-121.54359, 38.95342], [-121.54358, 38.95475], [-121.54357, 38.95647], [-121.54357, 38.95835], [-121.54358, 38.9598], [-121.54355, 38.96107], [-121.54349, 38.96232], [-121.54337, 38.96363], [-121.54321, 38.96525], [-121.54308, 38.96688], [-121.54305, 38.96821], [-121.54303, 38.96932], [-121.543, 38.97358], [-121.54299, 38.97476], [-121.54288, 38.97675], [-121.54283, 38.97927], [-121.54288, 38.98092], [-121.54296, 38.98255], [-121.54297, 38.98458], [-121.543, 38.98575], [-121.54313, 38.98744], [-121.54321, 38.98876], [-121.54325, 38.98993], [-121.54324, 38.99166], [-121.54322, 38.9939], [-121.54321, 38.99572], [-121.5432, 38.99684], [-121.5432, 38.99872], [-121.54319, 38.99995], [-121.54318, 39.00107], [-121.54317, 39.00238], [-121.54317, 39.00443], [-121.54315, 39.00597], [-121.54314, 39.00865], [-121.54313, 39.01092], [-121.54315, 39.01206], [-121.54337, 39.01347], [-121.54372, 39.0148], [-121.54451, 39.01677], [-121.54506, 39.01813], [-121.54553, 39.01931], [-121.546, 39.02047], [-121.5465, 39.0217], [-121.54691, 39.02284], [-121.54716, 39.02401], [-121.54716, 39.02528], [-121.5469, 39.02651], [-121.54626, 39.02787], [-121.54511, 39.02965], [-121.54426, 39.03106], [-121.54362, 39.03249], [-121.5432, 39.03393], [-121.543, 39.03502], [-121.54294, 39.03875], [-121.54295, 39.0408], [-121.54296, 39.04287], [-121.54297, 39.04493], [-121.54298, 39.04692], [-121.543, 39.04829], [-121.54301, 39.05035], [-121.54302, 39.05239], [-121.54309, 39.05381], [-121.54328, 39.05497], [-121.54363, 39.05631], [-121.54387, 39.05784], [-121.54386, 39.05893], [-121.54371, 39.06012], [-121.54331, 39.06146], [-121.54247, 39.06321], [-121.54184, 39.06438], [-121.54124, 39.06581], [-121.54084, 39.0672], [-121.54067, 39.06833], [-121.5406, 39.06961], [-121.54076, 39.07174], [-121.54155, 39.08201], [-121.54168, 39.0837], [-121.54165, 39.08503], [-121.54139, 39.08678], [-121.54105, 39.08799], [-121.54066, 39.08923], [-121.54038, 39.09048], [-121.54053, 39.09179], [-121.54102, 39.09287], [-121.54199, 39.09417], [-121.54324, 39.09579], [-121.54411, 39.09684], [-121.54544, 39.0984], [-121.54659, 39.09978], [-121.54756, 39.10069], [-121.54876, 39.10149], [-121.54998, 39.10222], [-121.55109, 39.10303], [-121.55212, 39.10412], [-121.55302, 39.10531], [-121.55484, 39.10773], [-121.55557, 39.10869], [-121.55658, 39.11003], [-121.55769, 39.11151], [-121.55843, 39.11248], [-121.5593, 39.11343], [-121.56038, 39.11433], [-121.56233, 39.11558], [-121.56365, 39.11638], [-121.56585, 39.11772], [-121.56956, 39.11998], [-121.57377, 39.12255], [-121.5769, 39.12441], [-121.578, 39.12509], [-121.58006, 39.12633], [-121.58158, 39.12727], [-121.58324, 39.12828], [-121.58494, 39.12928], [-121.58609, 39.13006], [-121.58716, 39.13095], [-121.58827, 39.13222], [-121.58895, 39.13331], [-121.58951, 39.13459], [-121.58983, 39.13572], [-121.59002, 39.13689], [-121.59017, 39.138], [-121.59033, 39.13911], [-121.58455, 39.14069], [-121.5847, 39.14181], [-121.58483, 39.14292], [-121.58507, 39.14458], [-121.58531, 39.14629], [-121.58546, 39.14742], [-121.58564, 39.14868], [-121.58589, 39.14983], [-121.58623, 39.15093], [-121.58674, 39.15214], [-121.58731, 39.15322], [-121.58795, 39.15423], [-121.58869, 39.15519], [-121.58953, 39.15621], [-121.58994, 39.15732], [-121.58943, 39.15847], [-121.58841, 39.15961], [-121.58759, 39.1607], [-121.587, 39.16176], [-121.58671, 39.16294], [-121.58614, 39.16718], [-121.58599, 39.16841], [-121.58231, 39.19797], [-121.57961, 39.21969], [-121.57779, 39.2343], [-121.57404, 39.26481], [-121.57059, 39.2924], [-121.56983, 39.2985], [-121.5692, 39.30369], [-121.56868, 39.30763], [-121.56842, 39.30991], [-121.56805, 39.31277], [-121.5674, 39.318], [-121.567, 39.32127], [-121.56569, 39.33173], [-121.56511, 39.33599], [-121.56334, 39.35011], [-121.5631, 39.35201], [-121.56152, 39.3648], [-121.5606, 39.37218], [-121.5588, 39.38685], [-121.55784, 39.39456], [-121.55401, 39.42526], [-121.55393, 39.42638], [-121.55395, 39.42751], [-121.55447, 39.431], [-121.55515, 39.43515], [-121.5558, 39.43917], [-121.55666, 39.44432], [-121.55739, 39.44875], [-121.56035, 39.46676], [-121.56042, 39.46792], [-121.55982, 39.46912], [-121.55873, 39.47006], [-121.55776, 39.4709], [-121.55684, 39.47194], [-121.55607, 39.47312], [-121.5556, 39.47415], [-121.55528, 39.47525], [-121.55512, 39.47648], [-121.55519, 39.4792], [-121.55525, 39.48082], [-121.55535, 39.48369], [-121.55556, 39.48982], [-121.55599, 39.50248], [-121.55607, 39.50553], [-121.5561, 39.50666], [-121.55608, 39.50787], [-121.55575, 39.50906], [-121.55514, 39.51007], [-121.55419, 39.51102], [-121.556, 39.514], [-121.57203, 39.51442], [-121.57212, 39.51561], [-121.57226, 39.51693], [-121.57248, 39.51911], [-121.57271, 39.52125], [-121.57285, 39.52244], [-121.57317, 39.52386], [-121.57396, 39.52519], [-121.57517, 39.52657], [-121.57909, 39.53097], [-121.58027, 39.5323], [-121.58492, 39.53752], [-121.59082, 39.54415], [-121.60975, 39.56702], [-121.61507, 39.57344], [-121.61822, 39.57724], [-121.61923, 39.57846], [-121.62007, 39.57947], [-121.62089, 39.58048], [-121.62176, 39.58145], [-121.62274, 39.58236], [-121.62372, 39.58314], [-121.62488, 39.58392], [-121.6264, 39.58477], [-121.62996, 39.58645], [-121.63129, 39.58709], [-121.6409, 39.59163], [-121.64746, 39.59472], [-121.65315, 39.59734], [-121.65515, 39.59826], [-121.65766, 39.59941], [-121.66061, 39.60075], [-121.66219, 39.60146], [-121.66398, 39.60231], [-121.66554, 39.6031], [-121.66715, 39.60405], [-121.66841, 39.60486], [-121.66994, 39.60597], [-121.67104, 39.60684], [-121.67226, 39.60791], [-121.67382, 39.60924], [-121.6754, 39.61064], [-121.67666, 39.6117], [-121.67764, 39.61256], [-121.67926, 39.61397], [-121.6803, 39.61481], [-121.68139, 39.61558], [-121.68304, 39.61655], [-121.6857, 39.61787], [-121.68784, 39.61893], [-121.68941, 39.61971], [-121.69113, 39.6207], [-121.69228, 39.62149], [-121.69352, 39.62248], [-121.69526, 39.62403], [-121.69911, 39.62743], [-121.70135, 39.6294], [-121.70322, 39.63105], [-121.70478, 39.63243], [-121.71219, 39.63894], [-121.7132, 39.63983], [-121.71424, 39.6407], [-121.7158, 39.64207], [-121.7189, 39.64483], [-121.72058, 39.64626], [-121.7257, 39.65078], [-121.72946, 39.65408], [-121.73169, 39.65603], [-121.73376, 39.65781], [-121.73492, 39.65882], [-121.7365, 39.66021], [-121.73806, 39.66149], [-121.742, 39.66448], [-121.74345, 39.66559], [-121.74496, 39.66674], [-121.75079, 39.67117], [-121.75718, 39.676], [-121.75843, 39.67693], [-121.76022, 39.67845], [-121.76125, 39.67939], [-121.76715, 39.68465], [-121.76856, 39.68595], [-121.77069, 39.68783], [-121.77207, 39.68905], [-121.77334, 39.69018], [-121.77692, 39.6934], [-121.77853, 39.69481], [-121.78436, 39.70001], [-121.78565, 39.7012], [-121.78713, 39.70248], [-121.79178, 39.70663], [-121.79377, 39.70841], [-121.79574, 39.71016], [-121.7971, 39.7114], [-121.79882, 39.71292], [-121.79984, 39.71397], [-121.80079, 39.71517], [-121.80318, 39.71831], [-121.8055, 39.72133], [-121.80658, 39.72275], [-121.80964, 39.72678], [-121.81121, 39.72882], [-121.8134, 39.73163], [-121.81435, 39.73261], [-121.81657, 39.73436], [-121.81792, 39.73561], [-121.81929, 39.73597], [-121.8206, 39.7364], [-121.82192, 39.73547], [-121.82399, 39.73409], [-121.82572, 39.73293], [-121.82738, 39.7318], [-121.82883, 39.73083], [-121.83016, 39.72995], [-121.8314, 39.72909], [-121.8329, 39.7281], [-121.83474, 39.72683], [-121.837, 39.728], [-121.84516, 39.72226], [-121.84616, 39.72314], [-121.84731, 39.72416], [-121.84827, 39.72502], [-121.84946, 39.72607], [-121.8506, 39.72708], [-121.85177, 39.72809], [-121.85319, 39.72923], [-121.85475, 39.73041], [-121.85652, 39.73165], [-121.8582, 39.73274], [-121.85978, 39.7337], [-121.86134, 39.73459], [-121.8627, 39.7353], [-121.86391, 39.73591], [-121.86552, 39.73668], [-121.86731, 39.73746], [-121.8688, 39.7381], [-121.87025, 39.73872], [-121.87197, 39.73945], [-121.87409, 39.74035], [-121.87559, 39.74099], [-121.87753, 39.74182], [-121.87881, 39.74236], [-121.88031, 39.743], [-121.8818, 39.74364], [-121.88334, 39.74429], [-121.88523, 39.7451], [-121.8872, 39.74594], [-121.88869, 39.74657], [-121.89041, 39.7473], [-121.89222, 39.74808], [-121.8939, 39.74879], [-121.89595, 39.74967], [-121.89719, 39.75019], [-121.89864, 39.75081], [-121.90029, 39.75151], [-121.90188, 39.75219], [-121.90329, 39.75279], [-121.9048, 39.75343], [-121.9061, 39.75399], [-121.90737, 39.75452], [-121.90892, 39.75519], [-121.91066, 39.75592], [-121.91259, 39.75675], [-121.91412, 39.7574], [-121.91557, 39.75801], [-121.91708, 39.75866], [-121.91909, 39.75952], [-121.92179, 39.76067], [-121.92324, 39.76129], [-121.92539, 39.7622], [-121.92713, 39.76294], [-121.92857, 39.76355], [-121.92983, 39.76409], [-121.93143, 39.76477], [-121.9328, 39.76535], [-121.93449, 39.76607], [-121.93601, 39.76672], [-121.93748, 39.76735], [-121.93938, 39.76816], [-121.94185, 39.76929], [-121.94334, 39.77004], [-121.94461, 39.77071], [-121.94584, 39.7714], [-121.94702, 39.77211], [-121.94819, 39.77283], [-121.94945, 39.77366], [-121.95091, 39.77468], [-121.95207, 39.77554], [-121.95339, 39.77656], [-121.95484, 39.77776], [-121.95597, 39.77877], [-121.95708, 39.77982], [-121.95849, 39.78123], [-121.96013, 39.78303], [-121.96148, 39.78466], [-121.96271, 39.78632], [-121.96376, 39.78783], [-121.96452, 39.78901], [-121.96543, 39.79043], [-121.96606, 39.79141], [-121.96669, 39.7924], [-121.96734, 39.79341], [-121.96827, 39.79485], [-121.96907, 39.7961], [-121.96995, 39.79747], [-121.97082, 39.79883], [-121.97163, 39.8001], [-121.97256, 39.80154], [-121.97341, 39.80287], [-121.97442, 39.80445], [-121.97535, 39.80589], [-121.97632, 39.80741], [-121.97732, 39.80897], [-121.97802, 39.81006], [-121.97869, 39.8111], [-121.97949, 39.81234], [-121.9803, 39.81361], [-121.98115, 39.81494], [-121.9822, 39.81657], [-121.98351, 39.81862], [-121.98417, 39.81965], [-121.98501, 39.82096], [-121.98565, 39.82196], [-121.98643, 39.82318], [-121.98757, 39.82494], [-121.9886, 39.82655], [-121.98944, 39.82786], [-121.99035, 39.82927], [-121.99155, 39.83115], [-121.9925, 39.83263], [-121.99322, 39.83374], [-121.99411, 39.83514], [-121.99516, 39.83676], [-121.99619, 39.83837], [-121.99715, 39.83985], [-121.99807, 39.8413], [-121.9989, 39.84258], [-121.9998, 39.844], [-122.00078, 39.84552], [-122.0017, 39.84695], [-122.00361, 39.84991], [-122.00439, 39.85115], [-122.00534, 39.85263], [-122.0064, 39.85429], [-122.00753, 39.85604], [-122.00821, 39.85711], [-122.00904, 39.8584], [-122.0101, 39.86005], [-122.01079, 39.86112], [-122.01151, 39.86224], [-122.01218, 39.8633], [-122.01297, 39.86453], [-122.01363, 39.86555], [-122.01436, 39.86669], [-122.01538, 39.86827], [-122.01679, 39.87046], [-122.01798, 39.87231], [-122.01908, 39.87402], [-122.02033, 39.87596], [-122.0214, 39.87764], [-122.02262, 39.87954], [-122.02325, 39.88052], [-122.02396, 39.88161], [-122.0249, 39.88308], [-122.02598, 39.88476], [-122.02697, 39.8863], [-122.02802, 39.88793], [-122.02918, 39.88975], [-122.03026, 39.89142], [-122.03144, 39.89326], [-122.03217, 39.8944], [-122.03297, 39.89563], [-122.03397, 39.89718], [-122.03466, 39.89826], [-122.03554, 39.89964], [-122.03651, 39.90113], [-122.03725, 39.90229], [-122.03795, 39.90337], [-122.03891, 39.90487], [-122.03995, 39.9065], [-122.0407, 39.90766], [-122.04138, 39.90872], [-122.04281, 39.91095], [-122.04364, 39.91224], [-122.04468, 39.91386], [-122.04556, 39.91524], [-122.04635, 39.91648], [-122.04724, 39.91795], [-122.04795, 39.91926], [-122.04868, 39.92068], [-122.04931, 39.9219], [-122.05001, 39.92326], [-122.05069, 39.92458], [-122.05153, 39.92621], [-122.05215, 39.92741], [-122.0529, 39.92886], [-122.05384, 39.93068], [-122.05466, 39.93229], [-122.05536, 39.93364], [-122.05594, 39.93477], [-122.05669, 39.93622], [-122.05749, 39.93778], [-122.05814, 39.93904], [-122.05889, 39.9405], [-122.05955, 39.94176], [-122.06096, 39.9445], [-122.06176, 39.94607], [-122.06282, 39.94812], [-122.06363, 39.94969], [-122.0645, 39.95137], [-122.06518, 39.95269], [-122.06592, 39.95413], [-122.06672, 39.95569], [-122.06743, 39.95707], [-122.06816, 39.95849], [-122.06894, 39.96], [-122.06986, 39.9618], [-122.07064, 39.9633], [-122.07123, 39.96444], [-122.07198, 39.9659], [-122.07288, 39.96765], [-122.07363, 39.9691], [-122.07436, 39.97051], [-122.07513, 39.97201], [-122.07602, 39.97373], [-122.07665, 39.97498], [-122.07756, 39.97673], [-122.07841, 39.97837], [-122.07915, 39.9798], [-122.07987, 39.98121], [-122.08057, 39.98258], [-122.08137, 39.98412], [-122.08207, 39.98546], [-122.08286, 39.987], [-122.08395, 39.98912], [-122.08503, 39.9912], [-122.08614, 39.99337], [-122.08682, 39.99468], [-122.08749, 39.99599], [-122.0884, 39.99775], [-122.08917, 39.99925], [-122.09012, 40.00109], [-122.09072, 40.00224], [-122.09129, 40.00335], [-122.09181, 40.00436], [-122.09245, 40.0056], [-122.09338, 40.0074], [-122.09427, 40.00914], [-122.09481, 40.01016], [-122.09583, 40.01213], [-122.09665, 40.01374], [-122.09771, 40.01579], [-122.09873, 40.01776], [-122.09975, 40.01973], [-122.10051, 40.02123], [-122.10108, 40.02233], [-122.10175, 40.02363], [-122.10233, 40.02476], [-122.10315, 40.02635], [-122.10385, 40.02734], [-122.10485, 40.02823], [-122.10602, 40.0289], [-122.10736, 40.02937], [-122.1088, 40.02957], [-122.11037, 40.02951], [-122.11213, 40.02933], [-122.11572, 40.02896], [-122.11717, 40.02881], [-122.12031, 40.02848], [-122.12211, 40.0283], [-122.12404, 40.0281], [-122.12572, 40.02793], [-122.12721, 40.02778], [-122.12873, 40.02763], [-122.13031, 40.02765], [-122.1317, 40.02791], [-122.13319, 40.0285], [-122.13444, 40.02934], [-122.13559, 40.03074], [-122.13655, 40.03215], [-122.13775, 40.03391], [-122.13857, 40.0351], [-122.13947, 40.03643], [-122.14041, 40.03781], [-122.14126, 40.03904], [-122.14239, 40.0407], [-122.14339, 40.04216], [-122.1445, 40.04379], [-122.14521, 40.04483], [-122.14594, 40.04589], [-122.14718, 40.04769], [-122.14813, 40.04909], [-122.14913, 40.05051], [-122.14984, 40.05148], [-122.15071, 40.05276], [-122.15153, 40.05397], [-122.15278, 40.0558], [-122.15391, 40.05746], [-122.15475, 40.05869], [-122.15584, 40.06028], [-122.15713, 40.06215], [-122.15781, 40.06313], [-122.15848, 40.06411], [-122.15965, 40.06582], [-122.16084, 40.06755], [-122.16158, 40.06863], [-122.16227, 40.06965], [-122.16325, 40.07107], [-122.16461, 40.07305], [-122.16529, 40.07405], [-122.17049, 40.08167], [-122.17204, 40.08393], [-122.17334, 40.0858], [-122.17641, 40.09026], [-122.18184, 40.09824], [-122.18419, 40.10166], [-122.18629, 40.10473], [-122.18914, 40.10888], [-122.19018, 40.11041], [-122.19105, 40.11167], [-122.19311, 40.11462], [-122.19391, 40.11581], [-122.19471, 40.11702], [-122.20058, 40.12555], [-122.20597, 40.13347], [-122.20945, 40.13852], [-122.21037, 40.13987], [-122.21123, 40.14108], [-122.21263, 40.14318], [-122.21583, 40.14782], [-122.21776, 40.15063], [-122.21916, 40.15264], [-122.2199, 40.15365], [-122.22064, 40.1546], [-122.22157, 40.15575], [-122.22301, 40.15746], [-122.22507, 40.15984], [-122.22787, 40.16309], [-122.23368, 40.16987], [-122.2353, 40.17173], [-122.23789, 40.17473], [-122.23943, 40.17652], [-122.236, 40.178], [-122.23943, 40.17652], [-122.24064, 40.1779], [-122.24153, 40.17903], [-122.24206, 40.18019], [-122.24223, 40.18134], [-122.2419, 40.18293], [-122.24068, 40.18583], [-122.24006, 40.18749], [-122.23979, 40.18921], [-122.23988, 40.19084], [-122.24029, 40.19246], [-122.24089, 40.19374], [-122.24148, 40.19489], [-122.24306, 40.19784], [-122.24394, 40.19949], [-122.24449, 40.20051], [-122.24562, 40.2026], [-122.2466, 40.20404], [-122.24789, 40.20536], [-122.24914, 40.20632], [-122.25094, 40.20733], [-122.25949, 40.21171], [-122.26081, 40.21261], [-122.26162, 40.21352], [-122.26221, 40.21463], [-122.26244, 40.21577], [-122.26251, 40.21812], [-122.2627, 40.21953], [-122.26301, 40.22062], [-122.26451, 40.22449], [-122.26532, 40.2266], [-122.26587, 40.22783], [-122.26666, 40.22907], [-122.26744, 40.23008], [-122.26893, 40.23188], [-122.27001, 40.23306], [-122.27131, 40.23412], [-122.27265, 40.23487], [-122.27817, 40.23708], [-122.28015, 40.23786], [-122.28154, 40.23841], [-122.28538, 40.23992], [-122.28711, 40.24059], [-122.2919, 40.24248], [-122.29575, 40.24399], [-122.30031, 40.2458], [-122.30184, 40.2464], [-122.3031, 40.247], [-122.30447, 40.24787], [-122.30574, 40.24896], [-122.30673, 40.25011], [-122.30745, 40.25127], [-122.3085, 40.25321], [-122.30926, 40.25434], [-122.31068, 40.25599], [-122.31153, 40.25706], [-122.31208, 40.25808], [-122.3124, 40.25939], [-122.31241, 40.26225], [-122.3124, 40.26355], [-122.31234, 40.2647], [-122.31186, 40.2695], [-122.31147, 40.27325], [-122.31135, 40.27475], [-122.31146, 40.27625], [-122.3119, 40.27773], [-122.31261, 40.27949], [-122.3133, 40.28082], [-122.31425, 40.28217], [-122.31517, 40.28318], [-122.31672, 40.28475], [-122.3184, 40.28627], [-122.31949, 40.28719], [-122.32104, 40.28848], [-122.32225, 40.28951], [-122.32352, 40.29078], [-122.3243, 40.2919], [-122.32488, 40.29305], [-122.32528, 40.29445], [-122.3256, 40.29639], [-122.32582, 40.29784], [-122.32601, 40.29912], [-122.32621, 40.30043], [-122.32643, 40.30187], [-122.32678, 40.30421], [-122.32754, 40.30911], [-122.32782, 40.31098], [-122.32809, 40.31293], [-122.32819, 40.31469], [-122.32816, 40.31649], [-122.32808, 40.31758], [-122.32776, 40.31967], [-122.32752, 40.32081], [-122.32715, 40.32222], [-122.32677, 40.32342], [-122.32606, 40.32525], [-122.32467, 40.32867], [-122.32399, 40.33041], [-122.32296, 40.333], [-122.31695, 40.34801], [-122.31631, 40.34958], [-122.31489, 40.35313], [-122.31416, 40.35457], [-122.31336, 40.35574], [-122.31204, 40.35729], [-122.31116, 40.35815], [-122.31018, 40.35896], [-122.30851, 40.36022], [-122.30673, 40.36154], [-122.30028, 40.36632], [-122.29893, 40.36732], [-122.29787, 40.3681], [-122.28641, 40.37661], [-122.2849, 40.37768], [-122.28336, 40.37885], [-122.28169, 40.38007], [-122.27971, 40.38155], [-122.27675, 40.38367], [-122.27523, 40.38459], [-122.27323, 40.38576], [-122.27164, 40.38667], [-122.2705, 40.38733], [-122.26893, 40.38822], [-122.26779, 40.38888], [-122.26488, 40.39055], [-122.26357, 40.3913], [-122.25785, 40.3946], [-122.25523, 40.39611], [-122.25344, 40.39713], [-122.25127, 40.39838], [-122.24993, 40.39915], [-122.24872, 40.39984], [-122.24728, 40.40069], [-122.24618, 40.40159], [-122.24522, 40.4028], [-122.24467, 40.40407], [-122.24448, 40.40517], [-122.24465, 40.40671], [-122.2452, 40.40809], [-122.24576, 40.40919], [-122.24647, 40.41038], [-122.24761, 40.41233], [-122.2487, 40.414], [-122.24982, 40.41523], [-122.25304, 40.41763], [-122.25651, 40.42], [-122.26372, 40.42494], [-122.26552, 40.42617], [-122.26728, 40.42741], [-122.26939, 40.42887], [-122.27162, 40.43042], [-122.273, 40.43135], [-122.2741, 40.43212], [-122.27729, 40.4343], [-122.28137, 40.43709], [-122.28336, 40.43847], [-122.28833, 40.44186], [-122.29085, 40.44358], [-122.29329, 40.44528], [-122.29462, 40.44618], [-122.29654, 40.44747], [-122.29774, 40.4483], [-122.3011, 40.4506], [-122.30271, 40.4517], [-122.30457, 40.45298], [-122.30752, 40.45498], [-122.30888, 40.45591], [-122.31119, 40.45749], [-122.31469, 40.45989], [-122.318, 40.46215], [-122.3201, 40.46359], [-122.3217, 40.46468], [-122.32456, 40.46664], [-122.32672, 40.46814], [-122.32967, 40.47015], [-122.33123, 40.4712], [-122.33363, 40.47285], [-122.33517, 40.4739], [-122.33774, 40.47566], [-122.34286, 40.47915], [-122.34609, 40.48136], [-122.35332, 40.48631], [-122.35779, 40.48936], [-122.35942, 40.49048], [-122.36177, 40.49208], [-122.36612, 40.49505], [-122.37056, 40.49808], [-122.37276, 40.49959], [-122.37439, 40.50071], [-122.37556, 40.50159], [-122.37682, 40.50284], [-122.3777, 40.50389], [-122.37835, 40.50491], [-122.37894, 40.50616], [-122.37929, 40.50724], [-122.37967, 40.5092], [-122.38015, 40.51195], [-122.38044, 40.51361], [-122.38111, 40.51733], [-122.38244, 40.52498], [-122.38291, 40.52759], [-122.38313, 40.52889], [-122.38442, 40.53615], [-122.38478, 40.53819], [-122.3862, 40.54622], [-122.3864, 40.54738], [-122.38667, 40.54889], [-122.38699, 40.55068], [-122.38731, 40.55254], [-122.38813, 40.55717], [-122.38838, 40.55859], [-122.38862, 40.55991], [-122.38964, 40.56565], [-122.39002, 40.56782], [-122.39048, 40.57045], [-122.39099, 40.57331], [-122.39114, 40.5745], [-122.39142, 40.57613], [-122.39174, 40.57793], [-122.3921, 40.58003], [-122.3923, 40.58113], [-122.39257, 40.58247], [-122.39294, 40.58355], [-122.39351, 40.58472], [-122.39415, 40.58575], [-122.392, 40.587]]}, "properties": {"ftype": "line", "id": "rx-northvalley", "name": "RX North Valley (Sacramento\u2013Redding)", "tier": 2, "headway": "30 min"}}, {"type": "Feature", "geometry": {"type": "LineString", "coordinates": [[-121.5006, 38.5847], [-121.50117, 38.58589], [-121.49936, 38.58613], [-121.49795, 38.58632], [-121.49652, 38.5868], [-121.49535, 38.58754], [-121.49346, 38.588], [-121.49154, 38.58829], [-121.4901, 38.58851], [-121.4886, 38.58864], [-121.48724, 38.58842], [-121.48583, 38.58804], [-121.48416, 38.58759], [-121.48278, 38.58722], [-121.48054, 38.58666], [-121.4791, 38.58627], [-121.47759, 38.58587], [-121.47611, 38.58547], [-121.47476, 38.58511], [-121.47327, 38.58471], [-121.47189, 38.58434], [-121.47016, 38.58387], [-121.46873, 38.58354], [-121.46732, 38.58334], [-121.46586, 38.58317], [-121.4643, 38.58285], [-121.46282, 38.58239], [-121.46127, 38.58188], [-121.45997, 38.5815], [-121.45842, 38.58134], [-121.45695, 38.58145], [-121.45536, 38.58182], [-121.45391, 38.58235], [-121.45275, 38.58302], [-121.45162, 38.58391], [-121.45104, 38.58497], [-121.45079, 38.5861], [-121.45051, 38.58739], [-121.45038, 38.58879], [-121.45029, 38.59115], [-121.45022, 38.59297], [-121.45009, 38.59419], [-121.44985, 38.59532], [-121.44948, 38.59644], [-121.44895, 38.59756], [-121.44823, 38.5987], [-121.44746, 38.59966], [-121.44659, 38.60054], [-121.4455, 38.60155], [-121.4446, 38.60239], [-121.44343, 38.60349], [-121.44214, 38.60468], [-121.44112, 38.60562], [-121.43985, 38.6068], [-121.43806, 38.60842], [-121.43711, 38.6093], [-121.43525, 38.61101], [-121.43412, 38.61205], [-121.43304, 38.61306], [-121.43211, 38.61393], [-121.43105, 38.6149], [-121.43007, 38.61581], [-121.42907, 38.61673], [-121.42779, 38.61792], [-121.42661, 38.61901], [-121.42568, 38.61986], [-121.4247, 38.62078], [-121.42367, 38.62173], [-121.42253, 38.62277], [-121.4214, 38.62382], [-121.42039, 38.62475], [-121.41916, 38.62588], [-121.41794, 38.62702], [-121.4167, 38.62816], [-121.41546, 38.62931], [-121.41447, 38.63022], [-121.41316, 38.63143], [-121.41202, 38.63248], [-121.4107, 38.6337], [-121.40919, 38.63509], [-121.4079, 38.63628], [-121.40656, 38.63752], [-121.40552, 38.63847], [-121.40432, 38.63958], [-121.40276, 38.64103], [-121.40118, 38.64249], [-121.39962, 38.64393], [-121.39805, 38.64538], [-121.39691, 38.64642], [-121.39578, 38.64746], [-121.39419, 38.64894], [-121.3926, 38.6504], [-121.39101, 38.65187], [-121.38964, 38.65314], [-121.38806, 38.65459], [-121.38306, 38.65921], [-121.38176, 38.6604], [-121.38048, 38.66158], [-121.37949, 38.6625], [-121.37834, 38.66356], [-121.37723, 38.66459], [-121.37613, 38.6656], [-121.37502, 38.66662], [-121.37397, 38.66759], [-121.37244, 38.669], [-121.37066, 38.67064], [-121.3697, 38.67153], [-121.36872, 38.67243], [-121.3676, 38.67346], [-121.3665, 38.67447], [-121.36535, 38.67554], [-121.36434, 38.67647], [-121.36326, 38.67746], [-121.36167, 38.67892], [-121.36067, 38.67984], [-121.35953, 38.68089], [-121.35788, 38.68241], [-121.35622, 38.68394], [-121.35522, 38.68486], [-121.35396, 38.68602], [-121.35268, 38.68721], [-121.3514, 38.68839], [-121.35012, 38.68958], [-121.34913, 38.6905], [-121.34784, 38.6917], [-121.34575, 38.69362], [-121.34379, 38.6954], [-121.3423, 38.69677], [-121.3405, 38.69843], [-121.33853, 38.70025], [-121.33678, 38.70186], [-121.33577, 38.70279], [-121.33411, 38.70432], [-121.33279, 38.70556], [-121.33176, 38.70659], [-121.33079, 38.70755], [-121.32963, 38.70885], [-121.3283, 38.71039], [-121.32749, 38.71134], [-121.32623, 38.71281], [-121.32506, 38.71417], [-121.32389, 38.71554], [-121.32272, 38.7169], [-121.32154, 38.71826], [-121.32041, 38.7196], [-121.3192, 38.72101], [-121.31803, 38.72237], [-121.31684, 38.72374], [-121.31566, 38.7251], [-121.31444, 38.72645], [-121.31323, 38.72779], [-121.31242, 38.72871], [-121.31135, 38.72995], [-121.31023, 38.73127], [-121.30913, 38.73254], [-121.30806, 38.73379], [-121.30712, 38.73488], [-121.30632, 38.7358], [-121.30546, 38.73676], [-121.3041, 38.7379], [-121.30306, 38.73871], [-121.30124, 38.74013], [-121.29966, 38.74135], [-121.29845, 38.7423], [-121.29683, 38.74356], [-121.29502, 38.74497], [-121.29389, 38.74584], [-121.2919, 38.7474], [-121.29084, 38.74819], [-121.28939, 38.74871], [-121.28625, 38.74962], [-121.288, 38.752], [-121.28625, 38.74962], [-121.28494, 38.75032], [-121.28372, 38.75118], [-121.28242, 38.752], [-121.28126, 38.7527], [-121.28005, 38.75341], [-121.27883, 38.75414], [-121.27661, 38.75546], [-121.27525, 38.75626], [-121.27409, 38.7569], [-121.27265, 38.75752], [-121.27114, 38.75799], [-121.26961, 38.75832], [-121.26812, 38.75849], [-121.26625, 38.75856], [-121.2648, 38.75861], [-121.26334, 38.75878], [-121.26193, 38.75933], [-121.26086, 38.76017], [-121.26009, 38.76119], [-121.25934, 38.76234], [-121.25849, 38.76363], [-121.25777, 38.76475], [-121.25681, 38.76622], [-121.25601, 38.76745], [-121.2553, 38.76846], [-121.25454, 38.76938], [-121.25372, 38.77031], [-121.25247, 38.77173], [-121.25165, 38.77265], [-121.2505, 38.77396], [-121.24947, 38.77512], [-121.24862, 38.77609], [-121.24774, 38.77717], [-121.24695, 38.77826], [-121.24606, 38.7795], [-121.24491, 38.7811], [-121.24382, 38.78261], [-121.24303, 38.78368], [-121.24231, 38.78468], [-121.24156, 38.78575], [-121.24088, 38.78671], [-121.23993, 38.78804], [-121.23878, 38.7896], [-121.23792, 38.79081], [-121.23705, 38.792], [-121.23632, 38.793], [-121.23563, 38.79401], [-121.23506, 38.79503], [-121.2346, 38.79607], [-121.23408, 38.7974], [-121.23356, 38.79846], [-121.2325, 38.79933], [-121.23115, 38.79978], [-121.22888, 38.80034], [-121.22697, 38.80081], [-121.22535, 38.80132], [-121.22392, 38.80187], [-121.22272, 38.80244], [-121.22144, 38.80314], [-121.21974, 38.80417], [-121.21861, 38.80486], [-121.21703, 38.80583], [-121.21547, 38.80676], [-121.21384, 38.80775], [-121.21269, 38.80845], [-121.21126, 38.80933], [-121.20896, 38.81072], [-121.20649, 38.81222], [-121.20496, 38.81315], [-121.20369, 38.81389], [-121.20213, 38.81484], [-121.2007, 38.81571], [-121.19946, 38.81658], [-121.19827, 38.81774], [-121.19722, 38.81886], [-121.19639, 38.81975], [-121.19507, 38.82116], [-121.1937, 38.82264], [-121.19271, 38.82368], [-121.19193, 38.82469], [-121.19146, 38.8258], [-121.19108, 38.82703], [-121.19046, 38.82906], [-121.18999, 38.83051], [-121.18964, 38.83167], [-121.18913, 38.83289], [-121.18819, 38.83412], [-121.18707, 38.83505], [-121.18576, 38.83579], [-121.18428, 38.8363], [-121.18272, 38.83657], [-121.18119, 38.83666], [-121.17973, 38.83677], [-121.17834, 38.83727], [-121.17735, 38.83826], [-121.17708, 38.83946], [-121.17739, 38.84063], [-121.1779, 38.84188], [-121.17803, 38.84297], [-121.17751, 38.84411], [-121.17661, 38.84494], [-121.17597, 38.84609], [-121.17587, 38.84719], [-121.17538, 38.84823], [-121.17448, 38.84911], [-121.17304, 38.84972], [-121.17164, 38.85016], [-121.17059, 38.8509], [-121.17002, 38.85202], [-121.16987, 38.85313], [-121.16929, 38.85412], [-121.1678, 38.85511], [-121.16662, 38.85575], [-121.16587, 38.85667], [-121.16585, 38.85788], [-121.16571, 38.85938], [-121.16545, 38.86066], [-121.16497, 38.86191], [-121.16419, 38.86327], [-121.16351, 38.86432], [-121.16249, 38.86518], [-121.16128, 38.86573], [-121.15986, 38.86601], [-121.15823, 38.86611], [-121.15678, 38.86638], [-121.15575, 38.8672], [-121.1555, 38.86836], [-121.15587, 38.86941], [-121.15573, 38.8705], [-121.15471, 38.87144], [-121.15328, 38.87172], [-121.1518, 38.87158], [-121.15017, 38.87211], [-121.14835, 38.87301], [-121.14707, 38.87364], [-121.14549, 38.87442], [-121.14428, 38.87501], [-121.14262, 38.87583], [-121.14132, 38.87638], [-121.13994, 38.87664], [-121.13843, 38.87656], [-121.13628, 38.87626], [-121.13457, 38.87602], [-121.13309, 38.8758], [-121.13152, 38.87572], [-121.13006, 38.87573], [-121.12859, 38.87581], [-121.12465, 38.876], [-121.12248, 38.87611], [-121.12099, 38.87619], [-121.11927, 38.87628], [-121.11779, 38.87635], [-121.11618, 38.87644], [-121.11439, 38.87653], [-121.11291, 38.87663], [-121.1115, 38.87681], [-121.10997, 38.87713], [-121.10863, 38.87752], [-121.10719, 38.87805], [-121.10591, 38.87866], [-121.10373, 38.87992], [-121.10166, 38.88115], [-121.10029, 38.88195], [-121.09903, 38.88248], [-121.09766, 38.88279], [-121.09563, 38.88296], [-121.09425, 38.88306], [-121.09267, 38.88319], [-121.09117, 38.8835], [-121.08877, 38.88474], [-121.08717, 38.88586], [-121.08587, 38.88706], [-121.08511, 38.88813], [-121.08263, 38.892], [-121.08161, 38.89361], [-121.08089, 38.89491], [-121.08057, 38.89613], [-121.077, 38.897], [-121.08063, 38.89677], [-121.0809, 38.89791], [-121.08167, 38.89973], [-121.08216, 38.90084], [-121.08285, 38.90239], [-121.08336, 38.9036], [-121.08393, 38.9049], [-121.08452, 38.90623], [-121.08534, 38.90814], [-121.0858, 38.90919], [-121.08637, 38.91041], [-121.08715, 38.91165], [-121.08858, 38.9135], [-121.08942, 38.91458], [-121.09037, 38.91578], [-121.0911, 38.91671], [-121.09197, 38.91783], [-121.09256, 38.91893], [-121.09282, 38.92009], [-121.09275, 38.9212], [-121.09228, 38.92296], [-121.09195, 38.9241], [-121.09151, 38.92569], [-121.09091, 38.92782], [-121.09048, 38.92939], [-121.09021, 38.9306], [-121.08972, 38.93177], [-121.08866, 38.93289], [-121.0872, 38.934], [-121.0851, 38.9356], [-121.08244, 38.93763], [-121.08128, 38.93833], [-121.07989, 38.93882], [-121.07844, 38.93902], [-121.0768, 38.93893], [-121.07529, 38.93869], [-121.07274, 38.93827], [-121.07086, 38.93797], [-121.06892, 38.93765], [-121.06754, 38.93743], [-121.06616, 38.93721], [-121.06456, 38.93708], [-121.06294, 38.93724], [-121.06159, 38.93758], [-121.06003, 38.93804], [-121.0587, 38.93843], [-121.05562, 38.9393], [-121.05344, 38.93994], [-121.05007, 38.94091], [-121.04837, 38.9414], [-121.04704, 38.94188], [-121.04568, 38.94254], [-121.04431, 38.94338], [-121.04321, 38.94408], [-121.04196, 38.94488], [-121.04085, 38.94573], [-121.03994, 38.94669], [-121.0388, 38.94823], [-121.03806, 38.94916], [-121.03715, 38.94998], [-121.0359, 38.95076], [-121.03388, 38.9518], [-121.03186, 38.95284], [-121.0301, 38.95376], [-121.02872, 38.95458], [-121.02738, 38.95554], [-121.02611, 38.95653], [-121.02425, 38.95797], [-121.02287, 38.95905], [-121.0217, 38.96001], [-121.02066, 38.961], [-121.01965, 38.96217], [-121.01884, 38.96328], [-121.01803, 38.96449], [-121.01694, 38.96613], [-121.01601, 38.96753], [-121.01524, 38.96868], [-121.01456, 38.96969], [-121.01347, 38.97098], [-121.01231, 38.97195], [-121.01109, 38.97272], [-121.00994, 38.97332], [-121.00788, 38.97429], [-121.00626, 38.97496], [-121.00498, 38.97547], [-121.00365, 38.97613], [-121.00252, 38.97691], [-121.00154, 38.97792], [-121.00049, 38.98005], [-121.00007, 38.98133], [-120.99932, 38.98361], [-120.99857, 38.98518], [-120.99761, 38.98617], [-120.99535, 38.98826], [-120.99436, 38.9892], [-120.99305, 38.99045], [-120.99206, 38.99137], [-120.99047, 38.9928], [-120.98932, 38.99387], [-120.98837, 38.99493], [-120.98757, 38.9964], [-120.98671, 38.99891], [-120.98632, 39.00015], [-120.9857, 39.00141], [-120.9848, 39.00251], [-120.98296, 39.00439], [-120.98202, 39.00554], [-120.98114, 39.00685], [-120.97589, 39.0147], [-120.97519, 39.01598], [-120.97499, 39.01707], [-120.97512, 39.01833], [-120.9753, 39.01943], [-120.97521, 39.02076], [-120.97464, 39.02194], [-120.97339, 39.02302], [-120.97094, 39.02443], [-120.96975, 39.02524], [-120.96888, 39.02629], [-120.96831, 39.02758], [-120.96779, 39.02873], [-120.96703, 39.03046], [-120.96662, 39.03162], [-120.96648, 39.03277], [-120.96667, 39.03401], [-120.96738, 39.03585], [-120.968, 39.03744], [-120.96856, 39.03887], [-120.96916, 39.04031], [-120.96971, 39.04132], [-120.97054, 39.04264], [-120.97136, 39.044], [-120.97204, 39.04514], [-120.97256, 39.04638], [-120.97279, 39.04759], [-120.97279, 39.04895], [-120.97252, 39.05017], [-120.97201, 39.05161], [-120.97158, 39.05287], [-120.97134, 39.05423], [-120.97143, 39.05541], [-120.97175, 39.05693], [-120.97185, 39.05827], [-120.97164, 39.05936], [-120.97094, 39.06114], [-120.97012, 39.06316], [-120.96954, 39.06459], [-120.96904, 39.06584], [-120.96862, 39.067], [-120.9684, 39.06821], [-120.96842, 39.06951], [-120.96896, 39.07171], [-120.96925, 39.07284], [-120.96929, 39.07403], [-120.96892, 39.0751], [-120.96831, 39.07614], [-120.96769, 39.07727], [-120.96664, 39.07912], [-120.96604, 39.08018], [-120.9651, 39.08182], [-120.96408, 39.08363], [-120.96341, 39.08484], [-120.96268, 39.08612], [-120.96202, 39.08722], [-120.96129, 39.08821], [-120.96036, 39.08931], [-120.95938, 39.09046], [-120.95832, 39.09171], [-120.95732, 39.0931], [-120.95654, 39.09438], [-120.95546, 39.09597], [-120.95446, 39.09759], [-120.95371, 39.0988], [-120.9531, 39.09978], [-120.95246, 39.10077], [-120.95143, 39.10247], [-120.95075, 39.10354], [-120.94984, 39.10453], [-120.94862, 39.10601], [-120.948, 39.10701], [-120.94789, 39.10814], [-120.9481, 39.1095], [-120.94836, 39.11106], [-120.94831, 39.11219], [-120.94777, 39.11344], [-120.94704, 39.11492], [-120.94659, 39.11594], [-120.94603, 39.11758], [-120.94559, 39.119], [-120.94508, 39.12076], [-120.94475, 39.12195], [-120.94428, 39.12301], [-120.94317, 39.12377], [-120.94171, 39.124], [-120.93944, 39.12324], [-120.93818, 39.12253], [-120.9377, 39.1209], [-120.93763, 39.1193], [-120.93746, 39.11818], [-120.937, 39.11704], [-120.93728, 39.11578], [-120.93712, 39.11463], [-120.93624, 39.11372], [-120.93447, 39.11316], [-120.93223, 39.11353], [-120.93092, 39.11448], [-120.93062, 39.11555], [-120.9309, 39.11742], [-120.93114, 39.11865], [-120.93114, 39.12001], [-120.93102, 39.12121], [-120.9309, 39.1225], [-120.93094, 39.12434], [-120.93077, 39.12542], [-120.92969, 39.12627], [-120.92822, 39.1267], [-120.92645, 39.12812], [-120.92523, 39.12893], [-120.92377, 39.12918], [-120.92181, 39.12883], [-120.92025, 39.12867], [-120.91864, 39.12877], [-120.91573, 39.12893], [-120.91432, 39.1293], [-120.91323, 39.13015], [-120.91243, 39.13177], [-120.91166, 39.13269], [-120.90975, 39.13379], [-120.90749, 39.13499], [-120.905, 39.13544], [-120.90344, 39.13573], [-120.9023, 39.13639], [-120.90088, 39.13808], [-120.9003, 39.13919], [-120.8984, 39.14038], [-120.89753, 39.14137], [-120.89667, 39.14379], [-120.89673, 39.14489], [-120.89717, 39.14613], [-120.89674, 39.14891], [-120.8961, 39.14996], [-120.89328, 39.15161], [-120.89189, 39.15238], [-120.89048, 39.15278], [-120.8892, 39.15324], [-120.88814, 39.15412], [-120.88762, 39.15538], [-120.88758, 39.15668], [-120.88729, 39.1578], [-120.88632, 39.1586], [-120.88469, 39.15882], [-120.88284, 39.15828], [-120.88149, 39.15803], [-120.88015, 39.15833], [-120.87886, 39.15903], [-120.87781, 39.16002], [-120.87727, 39.16109], [-120.87701, 39.16292], [-120.87701, 39.16408], [-120.87729, 39.16519], [-120.87723, 39.16645], [-120.87762, 39.16754], [-120.8784, 39.16852], [-120.87846, 39.16971], [-120.87754, 39.17071], [-120.87637, 39.17131], [-120.87467, 39.17118], [-120.87319, 39.17116], [-120.87201, 39.17211], [-120.87134, 39.17318], [-120.86996, 39.17382], [-120.86879, 39.17457], [-120.86739, 39.17509], [-120.86606, 39.17473], [-120.86493, 39.1739], [-120.86353, 39.17354], [-120.86204, 39.17358], [-120.86057, 39.17402], [-120.85983, 39.17506], [-120.85989, 39.17645], [-120.85962, 39.17773], [-120.85889, 39.1789], [-120.85795, 39.17984], [-120.85655, 39.18072], [-120.85533, 39.18145], [-120.85396, 39.18225], [-120.85255, 39.18308], [-120.85118, 39.18423], [-120.85, 39.18523], [-120.84885, 39.18599], [-120.84758, 39.18656], [-120.84552, 39.18737], [-120.84345, 39.18819], [-120.84139, 39.18901], [-120.84002, 39.18938], [-120.83859, 39.18954], [-120.83627, 39.18961], [-120.83483, 39.18969], [-120.83354, 39.19025], [-120.83269, 39.19139], [-120.83223, 39.19264], [-120.83181, 39.19388], [-120.83177, 39.19509], [-120.83232, 39.19654], [-120.83275, 39.1976], [-120.83341, 39.19925], [-120.83358, 39.20043], [-120.8333, 39.20153], [-120.83242, 39.2026], [-120.83181, 39.20377], [-120.83156, 39.20511], [-120.82991, 39.2069], [-120.82862, 39.20763], [-120.8272, 39.20768], [-120.82596, 39.20716], [-120.82447, 39.20613], [-120.82309, 39.20559], [-120.82154, 39.20566], [-120.82023, 39.20612], [-120.81776, 39.20739], [-120.8163, 39.20788], [-120.81488, 39.208], [-120.81341, 39.20782], [-120.81212, 39.20727], [-120.81122, 39.20639], [-120.81043, 39.20501], [-120.80929, 39.20425], [-120.80787, 39.20421], [-120.80647, 39.20424], [-120.80457, 39.20422], [-120.80209, 39.20394], [-120.80049, 39.20381], [-120.79911, 39.20397], [-120.79753, 39.20444], [-120.79593, 39.20463], [-120.79458, 39.20409], [-120.79391, 39.2031], [-120.79405, 39.20194], [-120.79476, 39.20083], [-120.79542, 39.19986], [-120.79556, 39.19861], [-120.79471, 39.19759], [-120.79329, 39.19725], [-120.79169, 39.19752], [-120.79006, 39.19751], [-120.78872, 39.1969], [-120.78731, 39.19565], [-120.78607, 39.19501], [-120.78449, 39.19492], [-120.78269, 39.1949], [-120.78114, 39.19513], [-120.78006, 39.19611], [-120.77937, 39.19713], [-120.77605, 39.19833], [-120.77453, 39.19848], [-120.77293, 39.19848], [-120.77142, 39.19938], [-120.77024, 39.2], [-120.7687, 39.20001], [-120.76561, 39.19927], [-120.76415, 39.19926], [-120.76288, 39.19993], [-120.76168, 39.20091], [-120.76066, 39.2018], [-120.76024, 39.20298], [-120.76056, 39.20407], [-120.76135, 39.20521], [-120.76216, 39.2062], [-120.76295, 39.20739], [-120.76347, 39.20849], [-120.76388, 39.20969], [-120.76382, 39.2108], [-120.76314, 39.212], [-120.76185, 39.21295], [-120.76018, 39.21396], [-120.75891, 39.21482], [-120.75812, 39.21577], [-120.75769, 39.21702], [-120.7577, 39.21836], [-120.75774, 39.21963], [-120.75772, 39.22082], [-120.75763, 39.22205], [-120.75675, 39.22311], [-120.75539, 39.22363], [-120.7524, 39.22435], [-120.75108, 39.22503], [-120.75051, 39.2262], [-120.75085, 39.2274], [-120.7508, 39.22866], [-120.75124, 39.22977], [-120.75142, 39.23087], [-120.7504, 39.23311], [-120.74943, 39.23402], [-120.74785, 39.23427], [-120.74638, 39.23413], [-120.74487, 39.23456], [-120.74402, 39.23546], [-120.74321, 39.23653], [-120.74196, 39.23713], [-120.73867, 39.23695], [-120.73593, 39.23663], [-120.73443, 39.23655], [-120.73306, 39.23714], [-120.73247, 39.23829], [-120.7323, 39.24039], [-120.73154, 39.24142], [-120.73026, 39.24191], [-120.72794, 39.24155], [-120.72643, 39.24154], [-120.72509, 39.24221], [-120.72438, 39.24318], [-120.72394, 39.24434], [-120.72402, 39.24552], [-120.72414, 39.24673], [-120.72304, 39.24811], [-120.72213, 39.24904], [-120.72049, 39.2496], [-120.7192, 39.25008], [-120.71838, 39.25121], [-120.71846, 39.25243], [-120.71804, 39.25363], [-120.7161, 39.25438], [-120.71491, 39.25509], [-120.71423, 39.2561], [-120.71321, 39.25707], [-120.71151, 39.25725], [-120.71035, 39.25664], [-120.70985, 39.25556], [-120.71037, 39.25434], [-120.71138, 39.25354], [-120.71196, 39.2525], [-120.71228, 39.25142], [-120.71315, 39.25054], [-120.71348, 39.24943], [-120.71279, 39.24843], [-120.71155, 39.24787], [-120.71009, 39.2479], [-120.7089, 39.24855], [-120.70825, 39.25004], [-120.70761, 39.25102], [-120.70651, 39.25171], [-120.70513, 39.25199], [-120.70283, 39.25181], [-120.70137, 39.25189], [-120.70015, 39.25249], [-120.69945, 39.25349], [-120.6994, 39.25462], [-120.70061, 39.25642], [-120.70136, 39.25738], [-120.70172, 39.25864], [-120.70117, 39.26015], [-120.701, 39.26171], [-120.70096, 39.26284], [-120.70094, 39.26397], [-120.70043, 39.2652], [-120.69932, 39.26586], [-120.69754, 39.26606], [-120.69615, 39.26635], [-120.69514, 39.26714], [-120.69455, 39.2684], [-120.69382, 39.26936], [-120.69168, 39.27116], [-120.69069, 39.27198], [-120.6897, 39.2728], [-120.68867, 39.27388], [-120.68815, 39.27492], [-120.68803, 39.27649], [-120.68799, 39.27761], [-120.68769, 39.27871], [-120.68666, 39.28022], [-120.68561, 39.28159], [-120.68445, 39.28288], [-120.68304, 39.28386], [-120.68154, 39.2846], [-120.6803, 39.28536], [-120.67945, 39.2868], [-120.67876, 39.28776], [-120.6773, 39.28847], [-120.67633, 39.28932], [-120.67572, 39.29111], [-120.67492, 39.29252], [-120.67394, 39.2939], [-120.67333, 39.29489], [-120.6731, 39.29616], [-120.67303, 39.29736], [-120.67232, 39.2983], [-120.67112, 39.29922], [-120.67001, 39.30008], [-120.66446, 39.30175], [-120.66321, 39.3024], [-120.66244, 39.30334], [-120.66143, 39.30409], [-120.65997, 39.30461], [-120.65875, 39.30525], [-120.65729, 39.30562], [-120.65594, 39.30605], [-120.65442, 39.30635], [-120.65315, 39.30687], [-120.64871, 39.30813], [-120.64714, 39.30867], [-120.64536, 39.30955], [-120.64391, 39.31025], [-120.64099, 39.31129], [-120.63983, 39.31192], [-120.63879, 39.31285], [-120.63693, 39.31342], [-120.63556, 39.31374], [-120.63306, 39.31443], [-120.63148, 39.31496], [-120.62986, 39.31571], [-120.62712, 39.31733], [-120.62587, 39.31819], [-120.6245, 39.31887], [-120.62307, 39.31901], [-120.61942, 39.31896], [-120.61785, 39.31902], [-120.61623, 39.31921], [-120.61461, 39.31948], [-120.61254, 39.31983], [-120.60995, 39.32056], [-120.60819, 39.3211], [-120.60664, 39.3217], [-120.60146, 39.32284], [-120.60017, 39.32331], [-120.59901, 39.3242], [-120.59781, 39.32496], [-120.59561, 39.3251], [-120.59422, 39.32525], [-120.59287, 39.32578], [-120.59165, 39.3268], [-120.59032, 39.32795], [-120.58908, 39.32886], [-120.58767, 39.32939], [-120.5862, 39.32914], [-120.58483, 39.32812], [-120.58348, 39.32742], [-120.58155, 39.32706], [-120.57869, 39.32661], [-120.57667, 39.32601], [-120.57502, 39.32561], [-120.57344, 39.32534], [-120.57192, 39.32455], [-120.57097, 39.32365], [-120.57029, 39.32258], [-120.56897, 39.32137], [-120.56708, 39.31921], [-120.56601, 39.31829], [-120.56492, 39.31681], [-120.56394, 39.3158], [-120.56304, 39.31461], [-120.56203, 39.31381], [-120.56088, 39.31295], [-120.55972, 39.31228], [-120.55798, 39.31207], [-120.5565, 39.31163], [-120.55547, 39.31082], [-120.55409, 39.31045], [-120.55264, 39.31054], [-120.55114, 39.31003], [-120.55063, 39.30881], [-120.55068, 39.30769], [-120.55044, 39.30657], [-120.55001, 39.30549], [-120.54986, 39.30349], [-120.54948, 39.3024], [-120.54835, 39.30168], [-120.54544, 39.30165], [-120.54341, 39.30173], [-120.54202, 39.30204], [-120.54022, 39.30236], [-120.53849, 39.30217], [-120.5368, 39.30196], [-120.53455, 39.30168], [-120.53318, 39.30121], [-120.53233, 39.30031], [-120.53216, 39.29923], [-120.53216, 39.29809], [-120.53155, 39.29706], [-120.53036, 39.2964], [-120.52891, 39.29628], [-120.52748, 39.29639], [-120.52598, 39.29636], [-120.52443, 39.29648], [-120.52208, 39.29718], [-120.52074, 39.29754], [-120.51421, 39.29838], [-120.51285, 39.29865], [-120.51122, 39.29921], [-120.50972, 39.29992], [-120.50858, 39.30063], [-120.50794, 39.30162], [-120.50783, 39.30271], [-120.50751, 39.30378], [-120.50669, 39.30496], [-120.50564, 39.30602], [-120.50428, 39.30693], [-120.50275, 39.30755], [-120.50135, 39.3078], [-120.49936, 39.30765], [-120.49735, 39.30737], [-120.49518, 39.30677], [-120.4933, 39.30616], [-120.49189, 39.30587], [-120.49015, 39.30589], [-120.48783, 39.30598], [-120.48638, 39.30596], [-120.48492, 39.30588], [-120.48296, 39.3063], [-120.48155, 39.3065], [-120.48013, 39.30641], [-120.47869, 39.30626], [-120.47724, 39.30619], [-120.47579, 39.30637], [-120.47386, 39.30688], [-120.47228, 39.30746], [-120.47078, 39.30814], [-120.46935, 39.30892], [-120.46806, 39.30983], [-120.46639, 39.31107], [-120.46487, 39.31162], [-120.46326, 39.31131], [-120.46215, 39.31059], [-120.46099, 39.30991], [-120.45936, 39.30942], [-120.45803, 39.309], [-120.45694, 39.3083], [-120.45568, 39.30722], [-120.45342, 39.30531], [-120.45227, 39.30461], [-120.45075, 39.30453], [-120.4464, 39.30649], [-120.4454, 39.30729], [-120.44426, 39.30916], [-120.4434, 39.31007], [-120.43905, 39.31108], [-120.43724, 39.31115], [-120.43581, 39.31128], [-120.4341, 39.31245], [-120.43311, 39.31327], [-120.42637, 39.3172], [-120.42488, 39.3179], [-120.42284, 39.3185], [-120.42133, 39.31907], [-120.41899, 39.32015], [-120.41766, 39.32089], [-120.41658, 39.32163], [-120.41517, 39.32229], [-120.41365, 39.32252], [-120.41207, 39.32238], [-120.41037, 39.32185], [-120.40837, 39.32155], [-120.40671, 39.32119], [-120.40498, 39.32096], [-120.40333, 39.32145], [-120.40167, 39.32182], [-120.39828, 39.32242], [-120.39601, 39.32283], [-120.39417, 39.32351], [-120.39257, 39.32401], [-120.39057, 39.32425], [-120.38883, 39.32431], [-120.38739, 39.32426], [-120.38572, 39.32395], [-120.38373, 39.32303], [-120.38215, 39.32245], [-120.38063, 39.32245], [-120.37888, 39.32256], [-120.37527, 39.32287], [-120.37168, 39.32316], [-120.36996, 39.32292], [-120.36792, 39.32168], [-120.36628, 39.32074], [-120.36453, 39.31993], [-120.36219, 39.31903], [-120.36069, 39.31849], [-120.35829, 39.31763], [-120.35706, 39.31701], [-120.35575, 39.31638], [-120.35367, 39.31621], [-120.35219, 39.31609], [-120.34709, 39.31416], [-120.34574, 39.3135], [-120.34275, 39.31154], [-120.34149, 39.31079], [-120.33988, 39.31014], [-120.33756, 39.30955], [-120.33579, 39.30914], [-120.29997, 39.30109], [-120.29788, 39.30062], [-120.29628, 39.30026], [-120.29471, 39.29992], [-120.2932, 39.29992], [-120.29193, 39.30039], [-120.29101, 39.30122], [-120.29036, 39.30234], [-120.28932, 39.30323], [-120.28796, 39.3037], [-120.28661, 39.30437], [-120.28579, 39.30525], [-120.28488, 39.30736], [-120.28409, 39.30842], [-120.28284, 39.30916], [-120.2814, 39.3096], [-120.27996, 39.30994], [-120.27825, 39.311], [-120.27704, 39.31164], [-120.27562, 39.31176], [-120.27386, 39.31138], [-120.27241, 39.31132], [-120.27093, 39.31174], [-120.26929, 39.31168], [-120.2678, 39.31161], [-120.26537, 39.31286], [-120.26415, 39.31347], [-120.26252, 39.31392], [-120.2608, 39.31413], [-120.25941, 39.31446], [-120.25774, 39.31535], [-120.25649, 39.3159], [-120.25331, 39.31589], [-120.25128, 39.31581], [-120.24965, 39.31565], [-120.24809, 39.31527], [-120.24647, 39.31523], [-120.24492, 39.31491], [-120.24419, 39.31391], [-120.2445, 39.3128], [-120.24616, 39.31176], [-120.2471, 39.31094], [-120.24755, 39.30971], [-120.24837, 39.30855], [-120.24956, 39.30675], [-120.25021, 39.30578], [-120.25185, 39.30394], [-120.25286, 39.30305], [-120.25429, 39.30256], [-120.25594, 39.30227], [-120.25755, 39.30181], [-120.25902, 39.30126], [-120.26145, 39.3004], [-120.26279, 39.29986], [-120.27164, 39.29509], [-120.27258, 39.29425], [-120.27262, 39.29312], [-120.27176, 39.29225], [-120.27018, 39.29201], [-120.26882, 39.29237], [-120.26564, 39.29348], [-120.26354, 39.29424], [-120.26144, 39.29501], [-120.25933, 39.29577], [-120.25722, 39.29652], [-120.25511, 39.29726], [-120.25301, 39.29802], [-120.2509, 39.29877], [-120.24934, 39.29937], [-120.248, 39.30023], [-120.24696, 39.3013], [-120.24566, 39.30279], [-120.24397, 39.30474], [-120.24239, 39.3065], [-120.2414, 39.30761], [-120.24025, 39.30862], [-120.23892, 39.30949], [-120.23671, 39.31098], [-120.23558, 39.31164], [-120.23324, 39.3122], [-120.23193, 39.31259], [-120.23084, 39.31345], [-120.2301, 39.31447], [-120.22899, 39.31517], [-120.22671, 39.3155], [-120.22499, 39.3157], [-120.22359, 39.31601], [-120.22121, 39.31684], [-120.21909, 39.31758], [-120.21751, 39.31814], [-120.21619, 39.3186], [-120.21481, 39.31894], [-120.21337, 39.31903], [-120.21193, 39.31887], [-120.21032, 39.31836], [-120.20902, 39.31787], [-120.20759, 39.31764], [-120.20618, 39.3177], [-120.20482, 39.31806], [-120.20276, 39.3189], [-120.20148, 39.31943], [-120.1993, 39.32005], [-120.1981, 39.32066], [-120.19698, 39.32167], [-120.19565, 39.32253], [-120.19423, 39.32332], [-120.19301, 39.324], [-120.19132, 39.32498], [-120.18983, 39.3258], [-120.18851, 39.32648], [-120.1861, 39.3272], [-120.18433, 39.32767], [-120.18293, 39.32804], [-120.18603, 39.33097], [-120.18733, 39.33008], [-120.18851, 39.32915], [-120.18963, 39.32814], [-120.19056, 39.32722], [-120.19167, 39.32624], [-120.19279, 39.32551], [-120.19396, 39.32492], [-120.19548, 39.32438], [-120.19745, 39.32389], [-120.19998, 39.32331], [-120.2016, 39.32301], [-120.20328, 39.32295], [-120.20631, 39.3227], [-120.20758, 39.32219], [-120.20766, 39.32091], [-120.20742, 39.31977], [-120.20663, 39.31864], [-120.20565, 39.31773], [-120.20472, 39.3169], [-120.20413, 39.31588], [-120.2039, 39.3147], [-120.20414, 39.3135], [-120.20464, 39.31227], [-120.20509, 39.31115], [-120.20568, 39.3097], [-120.20605, 39.30863], [-120.20609, 39.30749], [-120.20593, 39.30592], [-120.20576, 39.30438], [-120.20561, 39.3032], [-120.20547, 39.3016], [-120.2054, 39.30035], [-120.2055, 39.29892], [-120.206, 39.2972], [-120.20648, 39.2959], [-120.20727, 39.29372], [-120.20769, 39.29257], [-120.208, 39.2914], [-120.20833, 39.28967], [-120.2086, 39.28825], [-120.20863, 39.28714], [-120.20819, 39.28567], [-120.20767, 39.28416], [-120.2073, 39.28269], [-120.20708, 39.28135], [-120.20695, 39.28005], [-120.20691, 39.27873], [-120.20693, 39.27759], [-120.20695, 39.2764], [-120.20698, 39.27484], [-120.20703, 39.2737], [-120.20718, 39.27247], [-120.20751, 39.2711], [-120.20789, 39.26974], [-120.20828, 39.26864], [-120.20928, 39.26734], [-120.20999, 39.26637], [-120.21038, 39.26532], [-120.21049, 39.26388], [-120.21065, 39.26259], [-120.21116, 39.26111], [-120.21149, 39.26005], [-120.21168, 39.2589], [-120.21173, 39.25777], [-120.21168, 39.25659], [-120.21158, 39.25506], [-120.21148, 39.25361], [-120.21137, 39.25186], [-120.21123, 39.24968], [-120.21115, 39.24853], [-120.21109, 39.24742], [-120.21098, 39.24563], [-120.21079, 39.24456], [-120.21038, 39.24321], [-120.20994, 39.24181], [-120.20957, 39.24067], [-120.20919, 39.23952], [-120.20858, 39.2382], [-120.2078, 39.23711], [-120.20657, 39.23584], [-120.20584, 39.23483], [-120.20548, 39.23358], [-120.2056, 39.23211], [-120.20573, 39.231], [-120.20577, 39.22981], [-120.20572, 39.22866], [-120.20539, 39.22741], [-120.20476, 39.22631], [-120.204, 39.2251], [-120.20334, 39.22402], [-120.20257, 39.2228], [-120.20203, 39.22157], [-120.20196, 39.22048], [-120.20226, 39.2191], [-120.20243, 39.21796], [-120.20226, 39.21656], [-120.20207, 39.21542], [-120.20148, 39.21412], [-120.20049, 39.21293], [-120.19968, 39.21204], [-120.19882, 39.21106], [-120.19826, 39.20982], [-120.19822, 39.20859], [-120.19854, 39.20734], [-120.19899, 39.20599], [-120.19944, 39.2048], [-120.19993, 39.20378], [-120.20059, 39.2026], [-120.20127, 39.20149], [-120.20161, 39.20033], [-120.20109, 39.19908], [-120.20002, 39.19773], [-120.19903, 39.19683], [-120.19773, 39.19606], [-120.19683, 39.19498], [-120.19628, 39.19376], [-120.1963, 39.19245], [-120.19672, 39.1911], [-120.19648, 39.18992], [-120.19569, 39.18854], [-120.19513, 39.18739], [-120.19476, 39.18628], [-120.19466, 39.18514], [-120.19509, 39.18396], [-120.19526, 39.18288], [-120.19477, 39.18184], [-120.19219, 39.17906], [-120.19124, 39.17814], [-120.19035, 39.17707], [-120.18974, 39.17603], [-120.18935, 39.17485], [-120.18896, 39.17372], [-120.18787, 39.17192], [-120.18694, 39.1709], [-120.18554, 39.16984], [-120.18454, 39.16905], [-120.18357, 39.16811], [-120.18246, 39.16736], [-120.18108, 39.16706], [-120.17978, 39.16651], [-120.1787, 39.16577], [-120.17734, 39.16539], [-120.17522, 39.1654], [-120.17384, 39.16517], [-120.17243, 39.16467], [-120.17011, 39.1645], [-120.16877, 39.16419], [-120.16752, 39.16355], [-120.16599, 39.16319], [-120.1635, 39.16316], [-120.1619, 39.16326], [-120.16038, 39.16329], [-120.15891, 39.1634], [-120.15653, 39.16382], [-120.15508, 39.16392], [-120.15352, 39.16375], [-120.15188, 39.16375], [-120.15032, 39.16382], [-120.14905, 39.16436], [-120.14727, 39.16585], [-120.14615, 39.16688], [-120.14523, 39.16772], [-120.14427, 39.16851], [-120.14314, 39.16923], [-120.14215, 39.17007], [-120.144, 39.172]]}, "properties": {"ftype": "line", "id": "rx-donner", "name": "RX Donner (Sacramento\u2013Tahoe City)", "tier": 2, "headway": "30 min"}}, {"type": "Feature", "geometry": {"type": "LineString", "coordinates": [[-121.5006, 38.5847], [-121.50083, 38.58363], [-121.49948, 38.58315], [-121.49712, 38.5825], [-121.49578, 38.58215], [-121.49445, 38.58179], [-121.49312, 38.58143], [-121.49179, 38.58108], [-121.49046, 38.58072], [-121.4899, 38.58177], [-121.48942, 38.58288], [-121.48894, 38.58398], [-121.48846, 38.58507], [-121.48798, 38.58617], [-121.48751, 38.58726], [-121.48699, 38.58833], [-121.48624, 38.59013], [-121.48434, 38.59131], [-121.48247, 38.59226], [-121.4811, 38.59282], [-121.47991, 38.59337], [-121.47879, 38.59404], [-121.47782, 38.59482], [-121.47675, 38.59587], [-121.47568, 38.59659], [-121.47335, 38.5977], [-121.4698, 38.59929], [-121.46838, 38.59979], [-121.46649, 38.60008], [-121.46074, 38.60007], [-121.45843, 38.60008], [-121.45612, 38.60007], [-121.45378, 38.60006], [-121.44906, 38.60005], [-121.44685, 38.60006], [-121.44519, 38.60006], [-121.44371, 38.60006], [-121.44027, 38.60005], [-121.43863, 38.60027], [-121.43711, 38.60087], [-121.43576, 38.60193], [-121.43486, 38.60298], [-121.43383, 38.60419], [-121.43264, 38.60554], [-121.43174, 38.60646], [-121.43019, 38.60788], [-121.42904, 38.60891], [-121.42656, 38.61119], [-121.42357, 38.61385], [-121.42081, 38.61632], [-121.42005, 38.61726], [-121.41956, 38.61858], [-121.41949, 38.62153], [-121.41917, 38.6226], [-121.41835, 38.6235], [-121.41634, 38.6244], [-121.41442, 38.62512], [-121.41251, 38.62593], [-121.41055, 38.62677], [-121.4056, 38.62873], [-121.40439, 38.62932], [-121.40322, 38.62995], [-121.40079, 38.63092], [-121.39874, 38.63145], [-121.397, 38.63199], [-121.38867, 38.63522], [-121.38698, 38.63628], [-121.38596, 38.63715], [-121.38456, 38.63842], [-121.38335, 38.63953], [-121.38203, 38.64074], [-121.38111, 38.6416], [-121.37977, 38.64281], [-121.37854, 38.64391], [-121.37758, 38.64484], [-121.37653, 38.64574], [-121.37547, 38.64658], [-121.37402, 38.64776], [-121.37311, 38.64867], [-121.37223, 38.6496], [-121.37051, 38.6512], [-121.36748, 38.65393], [-121.36443, 38.65683], [-121.36317, 38.65798], [-121.36108, 38.65942], [-121.35931, 38.6598], [-121.35791, 38.66008], [-121.35695, 38.66094], [-121.35516, 38.66093], [-121.35372, 38.6609], [-121.35217, 38.66088], [-121.35074, 38.66086], [-121.34921, 38.66084], [-121.34764, 38.66082], [-121.34592, 38.66078], [-121.34425, 38.66078], [-121.34285, 38.66077], [-121.34147, 38.66076], [-121.33991, 38.66072], [-121.33793, 38.66072], [-121.33614, 38.66066], [-121.33433, 38.66065], [-121.33269, 38.66063], [-121.32966, 38.6606], [-121.32806, 38.66059], [-121.32653, 38.66059], [-121.32497, 38.66084], [-121.3237, 38.66134], [-121.32176, 38.66255], [-121.32049, 38.66314], [-121.31895, 38.66344], [-121.31639, 38.66347], [-121.31168, 38.66348], [-121.30976, 38.6635], [-121.30818, 38.66351], [-121.30654, 38.6635], [-121.30394, 38.66352], [-121.30082, 38.66356], [-121.29712, 38.66358], [-121.29521, 38.66359], [-121.29341, 38.6636], [-121.28964, 38.66363], [-121.28816, 38.66366], [-121.2858, 38.66369], [-121.28126, 38.66372], [-121.27855, 38.66377], [-121.27712, 38.66381], [-121.27543, 38.66382], [-121.27354, 38.66384], [-121.27201, 38.66385], [-121.27029, 38.66388], [-121.26888, 38.6639], [-121.26733, 38.66392], [-121.26472, 38.66396], [-121.26308, 38.66399], [-121.26109, 38.664], [-121.259, 38.664], [-121.25754, 38.66401], [-121.25597, 38.66404], [-121.25419, 38.66416], [-121.25119, 38.6642], [-121.24964, 38.66422], [-121.24675, 38.66421], [-121.24516, 38.66421], [-121.24311, 38.66418], [-121.24168, 38.66418], [-121.23905, 38.66412], [-121.23597, 38.6641], [-121.23302, 38.66403], [-121.23085, 38.66398], [-121.22931, 38.66394], [-121.22757, 38.66389], [-121.226, 38.66383], [-121.22396, 38.66384], [-121.22243, 38.66389], [-121.22049, 38.66386], [-121.21821, 38.6639], [-121.21674, 38.66392], [-121.21535, 38.66416], [-121.21397, 38.66475], [-121.21264, 38.66577], [-121.21109, 38.6671], [-121.20869, 38.66913], [-121.20752, 38.67005], [-121.20632, 38.67067], [-121.20411, 38.67135], [-121.20274, 38.67184], [-121.20149, 38.67271], [-121.20044, 38.6739], [-121.19945, 38.67503], [-121.19857, 38.67598], [-121.19732, 38.6769], [-121.19594, 38.67751], [-121.19467, 38.67799], [-121.19335, 38.67866], [-121.19224, 38.67932], [-121.19089, 38.68], [-121.18945, 38.68066], [-121.18783, 38.68157], [-121.18607, 38.68241], [-121.18486, 38.68296], [-121.1833, 38.6834], [-121.18207, 38.6839], [-121.18078, 38.68439], [-121.17936, 38.68413], [-121.17777, 38.68384], [-121.17646, 38.68337], [-121.17535, 38.68178], [-121.17548, 38.68015], [-121.17622, 38.67911], [-121.17667, 38.67804], [-121.17568, 38.67695], [-121.17461, 38.67581], [-121.17376, 38.67493], [-121.17283, 38.67404], [-121.17184, 38.67314], [-121.17027, 38.6736], [-121.16919, 38.67431], [-121.16756, 38.67399], [-121.16614, 38.67365], [-121.16482, 38.67318], [-121.16332, 38.67265], [-121.16186, 38.67213], [-121.16025, 38.67156], [-121.15893, 38.67115], [-121.15753, 38.67065], [-121.15598, 38.67008], [-121.15456, 38.66963], [-121.15308, 38.66923], [-121.15158, 38.669], [-121.15002, 38.66874], [-121.14846, 38.66839], [-121.14713, 38.66805], [-121.14546, 38.66744], [-121.14424, 38.6669], [-121.14289, 38.66634], [-121.14128, 38.66567], [-121.1398, 38.66506], [-121.13822, 38.66444], [-121.13699, 38.66393], [-121.13563, 38.66319], [-121.13385, 38.66198], [-121.13256, 38.66108], [-121.13101, 38.66004], [-121.12974, 38.65915], [-121.1285, 38.65831], [-121.12697, 38.65721], [-121.12576, 38.65642], [-121.12473, 38.65561], [-121.12362, 38.65477], [-121.12226, 38.65377], [-121.12048, 38.6524], [-121.11918, 38.65142], [-121.11822, 38.65061], [-121.11676, 38.6493], [-121.11584, 38.64847], [-121.11521, 38.64732], [-121.11485, 38.64611], [-121.11486, 38.64478], [-121.11346, 38.64446], [-121.11219, 38.64392], [-121.11059, 38.64369], [-121.10904, 38.64363], [-121.10505, 38.64382], [-121.09982, 38.64404], [-121.09838, 38.64413], [-121.09643, 38.64449], [-121.08872, 38.64699], [-121.08665, 38.64771], [-121.08258, 38.64907], [-121.08113, 38.64954], [-121.07875, 38.65031], [-121.07742, 38.65075], [-121.074, 38.65189], [-121.07097, 38.65289], [-121.06837, 38.65378], [-121.06651, 38.65442], [-121.06442, 38.65512], [-121.06136, 38.65616], [-121.05898, 38.65692], [-121.05741, 38.65742], [-121.05598, 38.65783], [-121.05462, 38.65813], [-121.05282, 38.6584], [-121.05037, 38.65868], [-121.04889, 38.6587], [-121.04733, 38.65848], [-121.04591, 38.658], [-121.04432, 38.65714], [-121.04278, 38.65585], [-121.04134, 38.65504], [-121.03997, 38.65466], [-121.03848, 38.65452], [-121.03711, 38.65465], [-121.03469, 38.65521], [-121.03301, 38.65543], [-121.03005, 38.65545], [-121.0257, 38.65538], [-121.02301, 38.65534], [-121.01668, 38.65523], [-121.01057, 38.65561], [-121.00617, 38.65595], [-121.00461, 38.65604], [-121.00214, 38.65623], [-121.00017, 38.65645], [-120.99863, 38.65669], [-120.99454, 38.65737], [-120.99303, 38.65758], [-120.99163, 38.65763], [-120.98827, 38.65734], [-120.9867, 38.65725], [-120.9852, 38.65742], [-120.98223, 38.65837], [-120.98066, 38.65893], [-120.97917, 38.65935], [-120.97776, 38.65951], [-120.97548, 38.65953], [-120.9735, 38.65955], [-120.97129, 38.65959], [-120.96927, 38.65961], [-120.96745, 38.65962], [-120.96462, 38.65965], [-120.9624, 38.65967], [-120.96037, 38.65969], [-120.95661, 38.65972], [-120.95428, 38.65975], [-120.95274, 38.65985], [-120.95136, 38.66003], [-120.94991, 38.66029], [-120.94755, 38.66073], [-120.94518, 38.66118], [-120.94261, 38.66166], [-120.94077, 38.66199], [-120.93897, 38.66235], [-120.93678, 38.66298], [-120.93467, 38.66388], [-120.93341, 38.66456], [-120.93029, 38.66622], [-120.92883, 38.66715], [-120.927, 38.66862], [-120.92535, 38.67025], [-120.92382, 38.67179], [-120.92009, 38.67548], [-120.9175, 38.67805], [-120.91524, 38.68024], [-120.91254, 38.68286], [-120.91111, 38.68431], [-120.9072, 38.68815], [-120.90626, 38.68908], [-120.90515, 38.68987], [-120.90377, 38.69074], [-120.90172, 38.69176], [-120.90006, 38.69247], [-120.89395, 38.69483], [-120.89246, 38.6953], [-120.89058, 38.69572], [-120.88905, 38.69594], [-120.88765, 38.69604], [-120.88624, 38.69607], [-120.88477, 38.69609], [-120.88269, 38.69627], [-120.88105, 38.69655], [-120.87957, 38.69691], [-120.87786, 38.69748], [-120.87542, 38.69832], [-120.87286, 38.69921], [-120.86991, 38.70023], [-120.86787, 38.70094], [-120.86563, 38.70171], [-120.86263, 38.70276], [-120.85984, 38.70377], [-120.85703, 38.7047], [-120.85576, 38.70516], [-120.85333, 38.706], [-120.85148, 38.70662], [-120.85009, 38.70713], [-120.84858, 38.70766], [-120.84699, 38.70819], [-120.84567, 38.70856], [-120.84396, 38.70905], [-120.84234, 38.70962], [-120.84105, 38.71045], [-120.83992, 38.7115], [-120.8389, 38.71276], [-120.83811, 38.71379], [-120.83724, 38.71532], [-120.83595, 38.71839], [-120.83545, 38.7196], [-120.83461, 38.72071], [-120.83341, 38.72145], [-120.83183, 38.72198], [-120.83025, 38.72254], [-120.82905, 38.72318], [-120.82803, 38.724], [-120.82708, 38.72508], [-120.82562, 38.72673], [-120.82451, 38.72779], [-120.82299, 38.72878], [-120.82175, 38.72949], [-120.82061, 38.73012], [-120.8193, 38.73048], [-120.81774, 38.73049], [-120.81624, 38.73032], [-120.81299, 38.72997], [-120.81146, 38.72979], [-120.81015, 38.72937], [-120.80889, 38.72856], [-120.80733, 38.72822], [-120.80546, 38.72821], [-120.80392, 38.72839], [-120.80237, 38.72915], [-120.80114, 38.72976], [-120.79988, 38.7303], [-120.79842, 38.73023], [-120.79699, 38.72985], [-120.7955, 38.72992], [-120.79422, 38.73063], [-120.79226, 38.73131], [-120.79087, 38.73169], [-120.78898, 38.73142], [-120.78737, 38.73134], [-120.78555, 38.7318], [-120.78366, 38.73255], [-120.782, 38.73287], [-120.78055, 38.73289], [-120.77875, 38.7331], [-120.77712, 38.73363], [-120.77582, 38.73405], [-120.77444, 38.73414], [-120.77151, 38.73354], [-120.77022, 38.73293], [-120.76873, 38.73153], [-120.76764, 38.73076], [-120.76624, 38.73032], [-120.76451, 38.73026], [-120.76283, 38.73029], [-120.76101, 38.73059], [-120.75854, 38.73163], [-120.75707, 38.73196], [-120.75549, 38.73187], [-120.75302, 38.73154], [-120.75103, 38.73117], [-120.74951, 38.73096], [-120.74795, 38.7311], [-120.74666, 38.73164], [-120.74564, 38.7327], [-120.74499, 38.73374], [-120.74413, 38.73517], [-120.74315, 38.73619], [-120.73878, 38.73816], [-120.73732, 38.73849], [-120.73568, 38.73828], [-120.7342, 38.73783], [-120.73267, 38.73767], [-120.731, 38.73799], [-120.72954, 38.7385], [-120.72797, 38.73878], [-120.72563, 38.7388], [-120.72382, 38.73881], [-120.72219, 38.73851], [-120.71834, 38.73733], [-120.7167, 38.73696], [-120.71512, 38.73688], [-120.71317, 38.7369], [-120.71091, 38.73692], [-120.70753, 38.73692], [-120.70575, 38.73709], [-120.70375, 38.73747], [-120.70191, 38.73803], [-120.70034, 38.73871], [-120.69916, 38.73934], [-120.69792, 38.73984], [-120.69652, 38.74], [-120.69498, 38.7397], [-120.69173, 38.73855], [-120.6902, 38.73801], [-120.6835, 38.73562], [-120.68188, 38.73516], [-120.67983, 38.73487], [-120.67623, 38.73458], [-120.67158, 38.73421], [-120.67016, 38.73425], [-120.66882, 38.73457], [-120.66746, 38.73529], [-120.66591, 38.73688], [-120.66505, 38.73792], [-120.66296, 38.74037], [-120.66181, 38.74177], [-120.66082, 38.74279], [-120.65959, 38.74351], [-120.658, 38.74392], [-120.65637, 38.74394], [-120.65127, 38.74367], [-120.64936, 38.74358], [-120.64779, 38.7437], [-120.64572, 38.74431], [-120.64422, 38.74457], [-120.64004, 38.74404], [-120.6379, 38.74369], [-120.63613, 38.74347], [-120.63463, 38.74347], [-120.63307, 38.74366], [-120.63153, 38.74405], [-120.63025, 38.74445], [-120.62867, 38.74475], [-120.62689, 38.74486], [-120.62543, 38.74517], [-120.62268, 38.74692], [-120.62154, 38.74756], [-120.62015, 38.74792], [-120.61757, 38.74808], [-120.61414, 38.74869], [-120.61265, 38.74884], [-120.61117, 38.74904], [-120.60912, 38.74967], [-120.60683, 38.75039], [-120.60504, 38.75098], [-120.6037, 38.75158], [-120.60206, 38.75249], [-120.60044, 38.7533], [-120.59909, 38.75369], [-120.59691, 38.75405], [-120.5952, 38.75453], [-120.59077, 38.75671], [-120.58892, 38.75761], [-120.58724, 38.75829], [-120.58497, 38.75897], [-120.58342, 38.75945], [-120.58154, 38.76032], [-120.58006, 38.76095], [-120.57862, 38.76126], [-120.57723, 38.76135], [-120.57553, 38.76128], [-120.57193, 38.76116], [-120.56991, 38.7611], [-120.56764, 38.76105], [-120.56603, 38.76107], [-120.56445, 38.7612], [-120.56104, 38.76164], [-120.55971, 38.76193], [-120.55853, 38.76255], [-120.55719, 38.76388], [-120.55658, 38.76488], [-120.55633, 38.76599], [-120.55548, 38.76704], [-120.55409, 38.76746], [-120.55268, 38.7672], [-120.55171, 38.76636], [-120.55111, 38.76535], [-120.55024, 38.76443], [-120.54906, 38.76375], [-120.54747, 38.76309], [-120.54599, 38.76268], [-120.54453, 38.76291], [-120.54315, 38.7632], [-120.54133, 38.7631], [-120.5398, 38.76289], [-120.53833, 38.76262], [-120.53646, 38.76222], [-120.535, 38.76193], [-120.53355, 38.76151], [-120.53213, 38.761], [-120.53049, 38.76062], [-120.52905, 38.76037], [-120.5275, 38.76013], [-120.526, 38.76032], [-120.5245, 38.76075], [-120.52295, 38.76077], [-120.5205, 38.75988], [-120.51921, 38.75944], [-120.51779, 38.75936], [-120.51623, 38.75983], [-120.51504, 38.76042], [-120.51352, 38.76075], [-120.51193, 38.76041], [-120.51046, 38.75984], [-120.50894, 38.75981], [-120.50697, 38.76018], [-120.50559, 38.76054], [-120.50444, 38.76123], [-120.50297, 38.76188], [-120.50141, 38.76228], [-120.5002, 38.76299], [-120.49803, 38.76565], [-120.4971, 38.76646], [-120.49559, 38.76682], [-120.49421, 38.7667], [-120.49267, 38.7666], [-120.49123, 38.76618], [-120.4898, 38.76595], [-120.48829, 38.76605], [-120.48681, 38.76594], [-120.48553, 38.76544], [-120.48414, 38.76507], [-120.48233, 38.76516], [-120.48082, 38.76537], [-120.47951, 38.766], [-120.47778, 38.76736], [-120.47705, 38.76833], [-120.47691, 38.76969], [-120.47683, 38.77077], [-120.47607, 38.77181], [-120.46932, 38.77465], [-120.46786, 38.77521], [-120.46602, 38.77589], [-120.46454, 38.77639], [-120.46302, 38.77654], [-120.46144, 38.7761], [-120.46042, 38.77511], [-120.46004, 38.77392], [-120.45949, 38.7729], [-120.45819, 38.77204], [-120.45666, 38.77145], [-120.4552, 38.77127], [-120.45221, 38.77161], [-120.4506, 38.77158], [-120.44924, 38.77092], [-120.44797, 38.76973], [-120.4469, 38.76893], [-120.44554, 38.76868], [-120.44414, 38.76896], [-120.44187, 38.76889], [-120.44048, 38.7687], [-120.4391, 38.76908], [-120.43766, 38.76941], [-120.43635, 38.76997], [-120.43491, 38.77031], [-120.43361, 38.77069], [-120.43224, 38.77129], [-120.43096, 38.77184], [-120.42984, 38.77264], [-120.42861, 38.77335], [-120.42734, 38.77384], [-120.42543, 38.77401], [-120.4241, 38.77429], [-120.42286, 38.77503], [-120.42153, 38.77546], [-120.42009, 38.77551], [-120.41864, 38.77494], [-120.41689, 38.77488], [-120.41542, 38.7751], [-120.41403, 38.77549], [-120.41246, 38.7756], [-120.41088, 38.77552], [-120.40913, 38.77565], [-120.40769, 38.77579], [-120.40633, 38.77625], [-120.40468, 38.77601], [-120.40327, 38.77538], [-120.40211, 38.77468], [-120.39931, 38.77385], [-120.39782, 38.7737], [-120.39642, 38.77404], [-120.39489, 38.77409], [-120.39151, 38.77339], [-120.3901, 38.77291], [-120.38864, 38.77259], [-120.38751, 38.77182], [-120.38344, 38.76975], [-120.38243, 38.76897], [-120.38164, 38.76798], [-120.38047, 38.76731], [-120.37907, 38.76689], [-120.37757, 38.76704], [-120.37618, 38.7675], [-120.37479, 38.76758], [-120.37327, 38.7673], [-120.37047, 38.76638], [-120.36913, 38.76599], [-120.367, 38.76565], [-120.36481, 38.76518], [-120.36267, 38.76452], [-120.36142, 38.76392], [-120.35996, 38.76366], [-120.3588, 38.76426], [-120.35789, 38.76548], [-120.35719, 38.76643], [-120.35585, 38.76682], [-120.35457, 38.76639], [-120.35321, 38.76522], [-120.35196, 38.76458], [-120.35045, 38.76443], [-120.34916, 38.76398], [-120.34765, 38.76363], [-120.34621, 38.7638], [-120.34469, 38.76398], [-120.34348, 38.76455], [-120.34219, 38.76499], [-120.34081, 38.76532], [-120.3388, 38.7649], [-120.33745, 38.76459], [-120.33588, 38.76457], [-120.33446, 38.76422], [-120.33321, 38.76368], [-120.33169, 38.76352], [-120.33022, 38.76389], [-120.32777, 38.76401], [-120.32558, 38.76404], [-120.32414, 38.76416], [-120.32267, 38.76468], [-120.32129, 38.76528], [-120.31983, 38.76578], [-120.31848, 38.76632], [-120.31753, 38.76721], [-120.31633, 38.76782], [-120.31516, 38.76864], [-120.31417, 38.76943], [-120.31292, 38.76998], [-120.31124, 38.77043], [-120.30976, 38.77082], [-120.30836, 38.77118], [-120.30701, 38.77155], [-120.30558, 38.77205], [-120.30408, 38.7728], [-120.30277, 38.77346], [-120.30142, 38.77396], [-120.29989, 38.77435], [-120.29822, 38.7746], [-120.29679, 38.77465], [-120.29539, 38.77456], [-120.29399, 38.77436], [-120.29273, 38.77375], [-120.29173, 38.77297], [-120.29051, 38.77239], [-120.289, 38.77238], [-120.28748, 38.77306], [-120.286, 38.77377], [-120.28444, 38.7743], [-120.28319, 38.77482], [-120.28226, 38.77582], [-120.28124, 38.77659], [-120.27985, 38.77702], [-120.2756, 38.77752], [-120.27409, 38.77745], [-120.27286, 38.77693], [-120.27141, 38.77664], [-120.2699, 38.77673], [-120.26854, 38.77649], [-120.26712, 38.77641], [-120.26521, 38.77663], [-120.26359, 38.77713], [-120.26218, 38.77753], [-120.26057, 38.77788], [-120.25873, 38.77807], [-120.2572, 38.77841], [-120.256, 38.77898], [-120.25471, 38.77952], [-120.25298, 38.78016], [-120.25139, 38.78075], [-120.24991, 38.78096], [-120.24851, 38.78087], [-120.24683, 38.78076], [-120.24457, 38.78062], [-120.2431, 38.78062], [-120.24004, 38.7818], [-120.23891, 38.78251], [-120.23798, 38.78353], [-120.23668, 38.78412], [-120.23515, 38.78413], [-120.23379, 38.78379], [-120.23223, 38.78349], [-120.23075, 38.78338], [-120.22917, 38.78341], [-120.22744, 38.78336], [-120.22593, 38.78328], [-120.22447, 38.78321], [-120.22308, 38.78308], [-120.22142, 38.78258], [-120.22004, 38.78216], [-120.21849, 38.78217], [-120.2171, 38.78267], [-120.21594, 38.78361], [-120.21499, 38.78446], [-120.21389, 38.7852], [-120.21025, 38.78612], [-120.20856, 38.78652], [-120.2059, 38.78716], [-120.20417, 38.78776], [-120.20283, 38.78825], [-120.20018, 38.78863], [-120.19876, 38.78892], [-120.19591, 38.7902], [-120.19471, 38.79075], [-120.1927, 38.79111], [-120.1913, 38.79126], [-120.18964, 38.79114], [-120.18819, 38.79082], [-120.1866, 38.79026], [-120.18529, 38.78985], [-120.18387, 38.78965], [-120.18234, 38.78953], [-120.18031, 38.78913], [-120.17841, 38.78871], [-120.17692, 38.78838], [-120.17542, 38.78829], [-120.17397, 38.78849], [-120.17254, 38.78903], [-120.17103, 38.78936], [-120.16862, 38.78918], [-120.16709, 38.78907], [-120.16562, 38.78882], [-120.16257, 38.78788], [-120.16043, 38.78722], [-120.15906, 38.78689], [-120.15766, 38.78698], [-120.15639, 38.78752], [-120.15425, 38.78908], [-120.15334, 38.7899], [-120.15258, 38.79089], [-120.15184, 38.79196], [-120.15103, 38.79304], [-120.15018, 38.79391], [-120.14919, 38.79469], [-120.14802, 38.79538], [-120.1468, 38.79603], [-120.14572, 38.79673], [-120.14475, 38.7976], [-120.14393, 38.79868], [-120.14291, 38.80057], [-120.14231, 38.8017], [-120.14149, 38.80324], [-120.14077, 38.80458], [-120.14005, 38.80561], [-120.13847, 38.80682], [-120.13685, 38.80792], [-120.13559, 38.80863], [-120.1342, 38.80897], [-120.13265, 38.80911], [-120.13114, 38.80936], [-120.12802, 38.81023], [-120.12656, 38.81062], [-120.1251, 38.81095], [-120.12356, 38.81123], [-120.12186, 38.8115], [-120.1205, 38.81126], [-120.12007, 38.81019], [-120.12078, 38.80915], [-120.12233, 38.80814], [-120.12326, 38.80729], [-120.12352, 38.80618], [-120.12235, 38.80547], [-120.12121, 38.80485], [-120.12171, 38.80341], [-120.12145, 38.80219], [-120.12022, 38.80169], [-120.11912, 38.80261], [-120.11816, 38.80343], [-120.11678, 38.80365], [-120.11503, 38.80333], [-120.11368, 38.80295], [-120.11243, 38.8024], [-120.11117, 38.80315], [-120.11046, 38.8042], [-120.10939, 38.80491], [-120.10807, 38.80528], [-120.10666, 38.80543], [-120.10311, 38.80528], [-120.10169, 38.80521], [-120.10022, 38.80531], [-120.09898, 38.80585], [-120.09767, 38.80667], [-120.09628, 38.80754], [-120.0952, 38.80822], [-120.09416, 38.80907], [-120.09295, 38.80961], [-120.0919, 38.81051], [-120.09097, 38.81157], [-120.08995, 38.81239], [-120.08834, 38.81288], [-120.08692, 38.81325], [-120.08561, 38.8138], [-120.08415, 38.81464], [-120.08313, 38.81555], [-120.08208, 38.8165], [-120.08052, 38.81713], [-120.07913, 38.81755], [-120.0778, 38.81806], [-120.07669, 38.81876], [-120.07529, 38.81974], [-120.07403, 38.8205], [-120.07198, 38.82125], [-120.07057, 38.8217], [-120.06888, 38.82212], [-120.06743, 38.82241], [-120.06589, 38.82233], [-120.06444, 38.82241], [-120.06302, 38.82286], [-120.06161, 38.82341], [-120.06035, 38.8242], [-120.05911, 38.82474], [-120.05745, 38.82515], [-120.05497, 38.82575], [-120.05337, 38.82598], [-120.0516, 38.82582], [-120.04976, 38.82547], [-120.04837, 38.82523], [-120.0469, 38.82477], [-120.04546, 38.82439], [-120.04392, 38.82426], [-120.04245, 38.82398], [-120.04112, 38.82355], [-120.03979, 38.82294], [-120.03869, 38.82221], [-120.03705, 38.82075], [-120.03613, 38.81988], [-120.03522, 38.81899], [-120.03448, 38.81796], [-120.03401, 38.81669], [-120.03356, 38.81494], [-120.03308, 38.81387], [-120.03196, 38.8131], [-120.03039, 38.81296], [-120.02902, 38.81347], [-120.02827, 38.8144], [-120.02794, 38.81556], [-120.02798, 38.81668], [-120.028, 38.81784], [-120.02738, 38.81883], [-120.02741, 38.82003], [-120.02756, 38.82117], [-120.02806, 38.8222], [-120.0281, 38.82335], [-120.02827, 38.82454], [-120.02885, 38.82563], [-120.02992, 38.82636], [-120.03087, 38.82753], [-120.03142, 38.82866], [-120.03173, 38.82986], [-120.03235, 38.83094], [-120.034, 38.8312], [-120.03528, 38.83174], [-120.03569, 38.83279], [-120.03505, 38.83396], [-120.03451, 38.83505], [-120.03541, 38.83605], [-120.03688, 38.83648], [-120.03767, 38.83754], [-120.03873, 38.83836], [-120.04028, 38.83847], [-120.04149, 38.8393], [-120.04257, 38.84076], [-120.04264, 38.84189], [-120.04138, 38.84245], [-120.03985, 38.84236], [-120.0381, 38.84271], [-120.03633, 38.84314], [-120.03491, 38.84347], [-120.03359, 38.84383], [-120.0323, 38.84432], [-120.03112, 38.84499], [-120.03007, 38.84571], [-120.02913, 38.84657], [-120.02816, 38.84751], [-120.02728, 38.84835], [-120.02615, 38.84918], [-120.02463, 38.84997], [-120.02325, 38.85064], [-120.02207, 38.85126], [-120.0206, 38.85185], [-120.01922, 38.8525], [-120.01801, 38.85305], [-120.01666, 38.85368], [-120.01532, 38.85432], [-120.0141, 38.85495], [-120.01319, 38.85588], [-120.01242, 38.85712], [-120.01203, 38.85816], [-120.01215, 38.85933], [-120.01233, 38.8608], [-120.01245, 38.86199], [-120.01227, 38.8631], [-120.01162, 38.86419], [-120.01064, 38.86511], [-120.00947, 38.86614], [-120.00828, 38.86721], [-120.00727, 38.86821], [-120.0067, 38.86922], [-120.00636, 38.87033], [-120.00605, 38.87156], [-120.0057, 38.87364], [-120.00549, 38.87501], [-120.00525, 38.87669], [-120.00503, 38.87816], [-120.00467, 38.87931], [-120.00381, 38.88124], [-120.00329, 38.88243], [-120.0025, 38.88424], [-120.00166, 38.88607], [-120.00095, 38.88766], [-120.00037, 38.88896], [-119.99993, 38.89001], [-119.99972, 38.8912], [-119.99977, 38.89264], [-119.99986, 38.89381], [-119.99992, 38.89507], [-119.99985, 38.8963], [-119.99956, 38.89737], [-119.99914, 38.89844], [-119.99847, 38.90007], [-119.99812, 38.90122], [-119.99816, 38.90241], [-119.99862, 38.90354], [-119.99937, 38.90474], [-120.00018, 38.90602], [-120.00089, 38.90714], [-120.00156, 38.90821], [-120.00224, 38.90928], [-120.00308, 38.91061], [-120.00365, 38.91164], [-120.00421, 38.91278], [-120.00356, 38.91389], [-120.00217, 38.91477], [-120.00103, 38.91553], [-119.99969, 38.91641], [-119.99853, 38.91718], [-119.99712, 38.91812], [-119.99579, 38.91901], [-119.99454, 38.91983], [-119.99346, 38.92055], [-119.99197, 38.92154], [-119.99055, 38.92248], [-119.98946, 38.9232], [-119.98826, 38.924], [-119.98718, 38.92471], [-119.98609, 38.92544], [-119.98482, 38.92628], [-119.98376, 38.92698], [-119.98256, 38.92782], [-119.98137, 38.92881], [-119.98037, 38.92984], [-119.97952, 38.9309], [-119.97884, 38.93194], [-119.97818, 38.93321], [-119.97776, 38.93436], [-119.97738, 38.93591], [-119.97724, 38.93711], [-119.97722, 38.93824], [-119.97723, 38.93945], [-119.98, 38.94]]}, "properties": {"ftype": "line", "id": "rx-tahoe-south", "name": "RX Tahoe South (Sacramento\u2013South Lake Tahoe)", "tier": 2, "headway": "30 min"}}, {"type": "Feature", "geometry": {"type": "LineString", "coordinates": [[-119.0187, 35.3733], [-119.01868, 35.37143], [-119.01648, 35.37141], [-119.01415, 35.37141], [-119.01162, 35.3714], [-119.01002, 35.37157], [-119.00727, 35.37191], [-119.00555, 35.37206], [-119.00311, 35.37232], [-119.00116, 35.37256], [-118.99764, 35.373], [-118.99414, 35.37344], [-118.99137, 35.37378], [-118.98421, 35.37468], [-118.98284, 35.37479], [-118.98137, 35.37466], [-118.97849, 35.37401], [-118.97048, 35.37209], [-118.95741, 35.36896], [-118.95452, 35.36827], [-118.95069, 35.36735], [-118.93079, 35.36257], [-118.91428, 35.35861], [-118.89975, 35.35512], [-118.89648, 35.35433], [-118.88959, 35.35266], [-118.88816, 35.35232], [-118.88425, 35.35138], [-118.87982, 35.35031], [-118.87411, 35.34895], [-118.87171, 35.34837], [-118.85816, 35.34512], [-118.85673, 35.34477], [-118.84322, 35.34151], [-118.82517, 35.33716], [-118.80761, 35.33293], [-118.78969, 35.3286], [-118.78801, 35.3282], [-118.78645, 35.32782], [-118.77742, 35.32564], [-118.77612, 35.32537], [-118.77463, 35.32525], [-118.7733, 35.32546], [-118.77211, 35.32597], [-118.77112, 35.32669], [-118.77004, 35.32744], [-118.76881, 35.32811], [-118.76753, 35.32865], [-118.7662, 35.32908], [-118.7648, 35.3294], [-118.76345, 35.32955], [-118.7614, 35.3297], [-118.76006, 35.32973], [-118.7586, 35.32961], [-118.757, 35.32936], [-118.75415, 35.32892], [-118.75231, 35.32866], [-118.74133, 35.32695], [-118.73781, 35.3264], [-118.73352, 35.32568], [-118.7319, 35.32547], [-118.71644, 35.32385], [-118.71502, 35.32361], [-118.71367, 35.32317], [-118.70862, 35.32109], [-118.70739, 35.32045], [-118.70602, 35.31961], [-118.70503, 35.31881], [-118.70346, 35.31676], [-118.70217, 35.31495], [-118.70142, 35.31406], [-118.70043, 35.31329], [-118.69911, 35.31268], [-118.69769, 35.31238], [-118.69632, 35.31231], [-118.69493, 35.31232], [-118.69349, 35.31224], [-118.69212, 35.31195], [-118.69063, 35.31131], [-118.68707, 35.30956], [-118.6829, 35.30748], [-118.68175, 35.30687], [-118.67785, 35.30459], [-118.67664, 35.30402], [-118.67504, 35.30344], [-118.67298, 35.30253], [-118.6719, 35.30188], [-118.67083, 35.30102], [-118.67, 35.30011], [-118.66969, 35.299], [-118.66978, 35.29786], [-118.6694, 35.29674], [-118.66835, 35.29603], [-118.66699, 35.29594], [-118.66507, 35.29663], [-118.66374, 35.29699], [-118.66233, 35.29704], [-118.66085, 35.2968], [-118.65952, 35.29668], [-118.6582, 35.29711], [-118.65694, 35.29762], [-118.65552, 35.29758], [-118.65396, 35.29683], [-118.65274, 35.29639], [-118.65077, 35.29654], [-118.64938, 35.29653], [-118.64818, 35.29604], [-118.64716, 35.29501], [-118.64625, 35.29421], [-118.64502, 35.29366], [-118.64179, 35.29315], [-118.64048, 35.29281], [-118.63803, 35.29161], [-118.63487, 35.28997], [-118.63363, 35.28952], [-118.63206, 35.28961], [-118.62866, 35.29053], [-118.6272, 35.29088], [-118.62536, 35.29126], [-118.624, 35.29133], [-118.62293, 35.29065], [-118.62267, 35.28957], [-118.62336, 35.28859], [-118.62586, 35.28767], [-118.6272, 35.28745], [-118.62881, 35.28778], [-118.63027, 35.28785], [-118.63173, 35.28729], [-118.63302, 35.28693], [-118.63441, 35.28689], [-118.63645, 35.28719], [-118.63778, 35.28764], [-118.63886, 35.28831], [-118.63997, 35.28898], [-118.64128, 35.28938], [-118.6426, 35.28897], [-118.64334, 35.28801], [-118.64424, 35.28706], [-118.64548, 35.28643], [-118.64775, 35.28586], [-118.64906, 35.28572], [-118.65045, 35.28603], [-118.65317, 35.287], [-118.65453, 35.28723], [-118.65575, 35.28668], [-118.65618, 35.28565], [-118.65566, 35.2846], [-118.65452, 35.28383], [-118.6536, 35.28298], [-118.65308, 35.28191], [-118.65207, 35.2812], [-118.65073, 35.28117], [-118.64944, 35.28094], [-118.64845, 35.28019], [-118.64703, 35.27968], [-118.64583, 35.27909], [-118.64539, 35.27805], [-118.64563, 35.27692], [-118.64724, 35.27518], [-118.64775, 35.27406], [-118.64725, 35.27301], [-118.6461, 35.27242], [-118.64471, 35.2724], [-118.64348, 35.27329], [-118.64132, 35.27497], [-118.64008, 35.27548], [-118.638, 35.27506], [-118.63669, 35.27482], [-118.63534, 35.27493], [-118.63421, 35.27564], [-118.63292, 35.27606], [-118.63167, 35.27569], [-118.63062, 35.27457], [-118.62965, 35.27377], [-118.62613, 35.27212], [-118.62468, 35.27147], [-118.62363, 35.27072], [-118.62311, 35.2696], [-118.62321, 35.26803], [-118.62294, 35.26694], [-118.62176, 35.26626], [-118.62046, 35.26584], [-118.61872, 35.26483], [-118.61744, 35.26445], [-118.61613, 35.26484], [-118.6154, 35.26578], [-118.61551, 35.26701], [-118.61703, 35.26918], [-118.61769, 35.27016], [-118.61809, 35.2712], [-118.61763, 35.27223], [-118.6164, 35.27276], [-118.61419, 35.27213], [-118.6124, 35.27137], [-118.61097, 35.27101], [-118.60982, 35.27042], [-118.60927, 35.26942], [-118.60819, 35.26864], [-118.60729, 35.26774], [-118.6062, 35.26713], [-118.60481, 35.26729], [-118.60288, 35.26757], [-118.60069, 35.2679], [-118.59935, 35.2678], [-118.59833, 35.26708], [-118.5972, 35.26636], [-118.59649, 35.26536], [-118.59618, 35.26427], [-118.59509, 35.26357], [-118.59401, 35.26286], [-118.59369, 35.26175], [-118.59422, 35.26064], [-118.59485, 35.25925], [-118.59498, 35.25807], [-118.5946, 35.25702], [-118.59395, 35.25606], [-118.59354, 35.25482], [-118.59311, 35.25373], [-118.59197, 35.2531], [-118.59066, 35.25323], [-118.58929, 35.25323], [-118.58828, 35.25249], [-118.58762, 35.2515], [-118.58634, 35.25104], [-118.58503, 35.25129], [-118.58371, 35.25135], [-118.5826, 35.25063], [-118.58214, 35.24957], [-118.58205, 35.24847], [-118.58235, 35.24738], [-118.58195, 35.24634], [-118.58095, 35.24548], [-118.58055, 35.24392], [-118.58004, 35.24285], [-118.57902, 35.24206], [-118.57774, 35.24149], [-118.57674, 35.24065], [-118.57608, 35.23953], [-118.57463, 35.23717], [-118.57416, 35.23613], [-118.57438, 35.23503], [-118.57405, 35.23396], [-118.57296, 35.23336], [-118.57165, 35.23304], [-118.57044, 35.23212], [-118.56936, 35.23148], [-118.56783, 35.23103], [-118.56432, 35.23008], [-118.563, 35.2299], [-118.56169, 35.23016], [-118.56056, 35.2309], [-118.55955, 35.23164], [-118.5582, 35.23173], [-118.55714, 35.23108], [-118.55685, 35.23], [-118.55749, 35.229], [-118.55835, 35.22814], [-118.55874, 35.22704], [-118.55841, 35.22562], [-118.55829, 35.22447], [-118.55791, 35.22338], [-118.55685, 35.2227], [-118.55626, 35.22162], [-118.5567, 35.22044], [-118.55725, 35.21941], [-118.55705, 35.21832], [-118.55599, 35.21753], [-118.55509, 35.21668], [-118.5544, 35.21555], [-118.55261, 35.21262], [-118.55185, 35.21135], [-118.55125, 35.21035], [-118.55058, 35.20941], [-118.54958, 35.20862], [-118.54836, 35.2081], [-118.54655, 35.20781], [-118.5439, 35.20748], [-118.54249, 35.20726], [-118.5411, 35.20746], [-118.5397, 35.20781], [-118.53829, 35.20789], [-118.53569, 35.20715], [-118.53465, 35.20642], [-118.53448, 35.2053], [-118.53525, 35.20437], [-118.53656, 35.2041], [-118.5379, 35.20446], [-118.53926, 35.20428], [-118.54049, 35.20369], [-118.54136, 35.20285], [-118.54137, 35.20175], [-118.54045, 35.2009], [-118.53911, 35.20037], [-118.53779, 35.19987], [-118.53655, 35.19949], [-118.53523, 35.1997], [-118.53442, 35.20058], [-118.53449, 35.20168], [-118.53547, 35.20249], [-118.53684, 35.20255], [-118.53794, 35.20193], [-118.53849, 35.20092], [-118.53828, 35.19898], [-118.53796, 35.19788], [-118.53693, 35.19711], [-118.5356, 35.19707], [-118.5339, 35.19831], [-118.53272, 35.1989], [-118.53142, 35.19862], [-118.53065, 35.19767], [-118.53027, 35.19652], [-118.529, 35.19575], [-118.52769, 35.19511], [-118.52677, 35.19432], [-118.52538, 35.19408], [-118.52394, 35.19428], [-118.52265, 35.1948], [-118.52133, 35.19518], [-118.52, 35.19495], [-118.51905, 35.19413], [-118.5187, 35.19299], [-118.5188, 35.19188], [-118.51843, 35.19078], [-118.51724, 35.19019], [-118.51586, 35.18997], [-118.51474, 35.18935], [-118.51373, 35.18851], [-118.51238, 35.18774], [-118.5112, 35.18706], [-118.51026, 35.18627], [-118.5094, 35.18541], [-118.50832, 35.18462], [-118.50717, 35.18403], [-118.50617, 35.1833], [-118.50496, 35.18271], [-118.50343, 35.18264], [-118.50199, 35.18259], [-118.50067, 35.1824], [-118.49933, 35.18233], [-118.49827, 35.18156], [-118.49756, 35.1806], [-118.49644, 35.17996], [-118.49503, 35.17988], [-118.49377, 35.18025], [-118.49238, 35.18016], [-118.49078, 35.18014], [-118.48943, 35.18002], [-118.48794, 35.17903], [-118.48684, 35.1783], [-118.48569, 35.17767], [-118.48433, 35.17731], [-118.48301, 35.17689], [-118.48199, 35.17588], [-118.48144, 35.17484], [-118.4809, 35.17382], [-118.4798, 35.17322], [-118.47878, 35.17243], [-118.4781, 35.17135], [-118.47766, 35.1703], [-118.47685, 35.16944], [-118.47569, 35.1688], [-118.47472, 35.16794], [-118.47414, 35.1668], [-118.47405, 35.16561], [-118.47389, 35.16435], [-118.47396, 35.16322], [-118.47443, 35.16217], [-118.4745, 35.1609], [-118.47462, 35.15976], [-118.47498, 35.15861], [-118.47506, 35.15746], [-118.47474, 35.1564], [-118.47411, 35.15545], [-118.47347, 35.15441], [-118.47307, 35.15335], [-118.47257, 35.15232], [-118.47232, 35.15125], [-118.47161, 35.15032], [-118.47137, 35.14911], [-118.47118, 35.14792], [-118.47126, 35.14682], [-118.47244, 35.14566], [-118.47374, 35.14489], [-118.47488, 35.14421], [-118.47587, 35.14347], [-118.47658, 35.1425], [-118.47637, 35.14137], [-118.4753, 35.14066], [-118.47282, 35.14006], [-118.47164, 35.13953], [-118.47099, 35.13851], [-118.47032, 35.13758], [-118.46887, 35.13633], [-118.46774, 35.1356], [-118.46644, 35.13518], [-118.44894, 35.13274], [-118.45, 35.13], [-118.44894, 35.13274], [-118.44746, 35.13258], [-118.44616, 35.1324], [-118.44342, 35.13201], [-118.44111, 35.1317], [-118.43522, 35.13087], [-118.43243, 35.13049], [-118.42937, 35.13005], [-118.42052, 35.12882], [-118.41181, 35.1276], [-118.39155, 35.12478], [-118.3867, 35.1241], [-118.38501, 35.12389], [-118.37905, 35.12306], [-118.37715, 35.1228], [-118.37351, 35.12228], [-118.37196, 35.12206], [-118.3702, 35.12182], [-118.36857, 35.12159], [-118.36647, 35.12127], [-118.36507, 35.12107], [-118.36362, 35.12091], [-118.36221, 35.12082], [-118.36081, 35.12078], [-118.3594, 35.1208], [-118.3579, 35.12089], [-118.35469, 35.12121], [-118.35321, 35.12132], [-118.35181, 35.12135], [-118.35043, 35.12129], [-118.34892, 35.12113], [-118.3476, 35.12091], [-118.34607, 35.12061], [-118.3444, 35.12024], [-118.34312, 35.11991], [-118.34187, 35.11947], [-118.34064, 35.11887], [-118.32283, 35.10808], [-118.31328, 35.10228], [-118.31117, 35.10101], [-118.31014, 35.10033], [-118.30925, 35.09952], [-118.30828, 35.09826], [-118.3075, 35.09733], [-118.30644, 35.09654], [-118.30517, 35.096], [-118.30378, 35.09574], [-118.30238, 35.09573], [-118.30095, 35.09602], [-118.29069, 35.09908], [-118.2877, 35.09997], [-118.28603, 35.10041], [-118.28418, 35.10095], [-118.28287, 35.10132], [-118.28159, 35.10165], [-118.27201, 35.10398], [-118.2707, 35.10423], [-118.26923, 35.10428], [-118.26339, 35.10401], [-118.2619, 35.10398], [-118.26058, 35.10401], [-118.25923, 35.10409], [-118.25791, 35.10424], [-118.25647, 35.10445], [-118.25516, 35.10471], [-118.25381, 35.10505], [-118.24953, 35.10625], [-118.24825, 35.10663], [-118.24703, 35.10707], [-118.244, 35.10844], [-118.24278, 35.10897], [-118.24152, 35.10944], [-118.24021, 35.10984], [-118.2389, 35.11015], [-118.23746, 35.1104], [-118.23485, 35.11074], [-118.23356, 35.11097], [-118.23224, 35.11139], [-118.23105, 35.112], [-118.23006, 35.11274], [-118.22922, 35.11359], [-118.22815, 35.11502], [-118.22732, 35.11598], [-118.22621, 35.11668], [-118.22489, 35.1171], [-118.2235, 35.11717], [-118.2221, 35.11689], [-118.21495, 35.11471], [-118.21331, 35.1142], [-118.21203, 35.1137], [-118.21087, 35.11306], [-118.20957, 35.11256], [-118.20823, 35.1124], [-118.20691, 35.11256], [-118.20566, 35.11301], [-118.20465, 35.11373], [-118.20379, 35.11455], [-118.20274, 35.11523], [-118.20142, 35.1157], [-118.20004, 35.11595], [-118.1987, 35.11595], [-118.19731, 35.11577], [-118.19593, 35.1155], [-118.19453, 35.11514], [-118.1932, 35.1147], [-118.19205, 35.11406], [-118.19115, 35.11319], [-118.19057, 35.1121], [-118.1891, 35.10761], [-118.18624, 35.09881], [-118.18465, 35.09394], [-118.18436, 35.09287], [-118.18415, 35.09177], [-118.18404, 35.09053], [-118.18403, 35.08934], [-118.18418, 35.0873], [-118.18426, 35.0861], [-118.18426, 35.08494], [-118.18416, 35.08378], [-118.18398, 35.0827], [-118.18143, 35.07465], [-118.1795, 35.06868], [-118.17622, 35.05854], [-118.17593, 35.0574], [-118.17569, 35.05618], [-118.17523, 35.05463], [-118.17491, 35.05345], [-118.17351, 35.04889], [-118.17, 35.05], [-118.17273, 35.04959], [-118.17238, 35.0485], [-118.17197, 35.0472], [-118.17146, 35.04561], [-118.17093, 35.04398], [-118.17033, 35.04213], [-118.16993, 35.04105], [-118.16962, 35.03978], [-118.16965, 35.03784], [-118.16948, 35.03647], [-118.16899, 35.03504], [-118.16844, 35.03334], [-118.16802, 35.03198], [-118.16751, 35.03039], [-118.16568, 35.02472], [-118.16349, 35.01796], [-118.16228, 35.01425], [-118.16139, 35.0115], [-118.16097, 35.01019], [-118.1606, 35.00887], [-118.16031, 35.00661], [-118.16011, 35.00499], [-118.15999, 35.00342], [-118.15981, 35.0019], [-118.15974, 35.00057], [-118.15938, 34.99355], [-118.15922, 34.99102], [-118.15891, 34.98473], [-118.15882, 34.98282], [-118.1588, 34.98031], [-118.1593, 34.9733], [-118.15997, 34.96474], [-118.16016, 34.96238], [-118.1605, 34.95701], [-118.16091, 34.95205], [-118.16129, 34.9471], [-118.1618, 34.94051], [-118.16255, 34.93045], [-118.16273, 34.9281], [-118.16288, 34.92613], [-118.16314, 34.92267], [-118.16324, 34.92148], [-118.16334, 34.92016], [-118.16373, 34.91486], [-118.16388, 34.91294], [-118.1642, 34.90886], [-118.16462, 34.90324], [-118.16493, 34.89898], [-118.16569, 34.88912], [-118.16598, 34.88525], [-118.16636, 34.88013], [-118.16661, 34.879], [-118.16716, 34.87788], [-118.1703, 34.87393], [-118.17094, 34.87277], [-118.17123, 34.87138], [-118.1714, 34.86744], [-118.17152, 34.86441], [-118.17166, 34.8611], [-118.17182, 34.85699], [-118.17179, 34.85542], [-118.17139, 34.84987], [-118.17124, 34.84782], [-118.1711, 34.846], [-118.17028, 34.83505], [-118.17016, 34.83338], [-118.16998, 34.83073], [-118.16995, 34.82947], [-118.17011, 34.82447], [-118.17029, 34.821], [-118.17042, 34.81701], [-118.17049, 34.81513], [-118.17077, 34.80652], [-118.17078, 34.80445], [-118.17066, 34.79157], [-118.17061, 34.78432], [-118.17058, 34.78033], [-118.17037, 34.77885], [-118.17008, 34.77766], [-118.16871, 34.77703], [-118.16668, 34.77697], [-118.15263, 34.77705], [-118.1513, 34.77708], [-118.14987, 34.77708], [-118.14909, 34.77603], [-118.14824, 34.7713], [-118.14707, 34.76391], [-118.14687, 34.7627], [-118.14668, 34.76146], [-118.14618, 34.75832], [-118.14574, 34.75554], [-118.14504, 34.75111], [-118.14455, 34.74797], [-118.14245, 34.73477], [-118.14224, 34.73345], [-118.14162, 34.72953], [-118.14108, 34.72613], [-118.14079, 34.72422], [-118.14054, 34.72235], [-118.14024, 34.72058], [-118.14005, 34.71941], [-118.13987, 34.7183], [-118.13962, 34.71682], [-118.13946, 34.71544], [-118.13944, 34.71417], [-118.13926, 34.71293], [-118.13908, 34.71169], [-118.13886, 34.71028], [-118.1385, 34.70803], [-118.13827, 34.70666], [-118.13793, 34.70461], [-118.13766, 34.7032], [-118.13752, 34.70199], [-118.13732, 34.70073], [-118.1371, 34.69936], [-118.13692, 34.69826], [-118.135, 34.698]]}, "properties": {"ftype": "line", "id": "rx-tehachapi", "name": "RX Tehachapi (Bakersfield\u2013Lancaster)", "tier": 2, "headway": "30 min"}}, {"type": "Feature", "geometry": {"type": "Point", "coordinates": [-121.5006, 38.5847]}, "properties": {"ftype": "station", "id": "sacramento", "name": "Sacramento Valley", "tier": 2, "lines": ["RX Valley (Sacramento\u2013Bakersfield)", "RX North Valley (Sacramento\u2013Redding)", "RX Donner (Sacramento\u2013Tahoe City)", "RX Tahoe South (Sacramento\u2013South Lake Tahoe)"]}}, {"type": "Feature", "geometry": {"type": "Point", "coordinates": [-121.37, 38.41]}, "properties": {"ftype": "station", "id": "elk-grove", "name": "Elk Grove", "tier": 2, "lines": ["RX Valley (Sacramento\u2013Bakersfield)"]}}, {"type": "Feature", "geometry": {"type": "Point", "coordinates": [-121.272, 38.134]}, "properties": {"ftype": "station", "id": "lodi", "name": "Lodi", "tier": 2, "lines": ["RX Valley (Sacramento\u2013Bakersfield)"]}}, {"type": "Feature", "geometry": {"type": "Point", "coordinates": [-121.286, 37.953]}, "properties": {"ftype": "station", "id": "stockton", "name": "Stockton", "tier": 2, "lines": ["RX Valley (Sacramento\u2013Bakersfield)"]}}, {"type": "Feature", "geometry": {"type": "Point", "coordinates": [-120.997, 37.642]}, "properties": {"ftype": "station", "id": "modesto", "name": "Modesto", "tier": 2, "lines": ["RX Valley (Sacramento\u2013Bakersfield)"]}}, {"type": "Feature", "geometry": {"type": "Point", "coordinates": [-120.85, 37.49]}, "properties": {"ftype": "station", "id": "turlock", "name": "Turlock", "tier": 2, "lines": ["RX Valley (Sacramento\u2013Bakersfield)"]}}, {"type": "Feature", "geometry": {"type": "Point", "coordinates": [-120.483, 37.305]}, "properties": {"ftype": "station", "id": "merced", "name": "Merced", "tier": 2, "lines": ["RX Valley (Sacramento\u2013Bakersfield)"]}}, {"type": "Feature", "geometry": {"type": "Point", "coordinates": [-120.06, 36.96]}, "properties": {"ftype": "station", "id": "madera", "name": "Madera", "tier": 2, "lines": ["RX Valley (Sacramento\u2013Bakersfield)"]}}, {"type": "Feature", "geometry": {"type": "Point", "coordinates": [-119.7871, 36.7378]}, "properties": {"ftype": "station", "id": "fresno", "name": "Fresno", "tier": 2, "lines": ["RX Valley (Sacramento\u2013Bakersfield)"]}}, {"type": "Feature", "geometry": {"type": "Point", "coordinates": [-119.61, 36.57]}, "properties": {"ftype": "station", "id": "selma", "name": "Selma", "tier": 2, "lines": ["RX Valley (Sacramento\u2013Bakersfield)"]}}, {"type": "Feature", "geometry": {"type": "Point", "coordinates": [-119.292, 36.33]}, "properties": {"ftype": "station", "id": "visalia", "name": "Visalia", "tier": 2, "lines": ["RX Valley (Sacramento\u2013Bakersfield)"]}}, {"type": "Feature", "geometry": {"type": "Point", "coordinates": [-119.35, 36.21]}, "properties": {"ftype": "station", "id": "tulare", "name": "Tulare", "tier": 2, "lines": ["RX Valley (Sacramento\u2013Bakersfield)"]}}, {"type": "Feature", "geometry": {"type": "Point", "coordinates": [-119.25, 35.77]}, "properties": {"ftype": "station", "id": "delano", "name": "Delano", "tier": 2, "lines": ["RX Valley (Sacramento\u2013Bakersfield)"]}}, {"type": "Feature", "geometry": {"type": "Point", "coordinates": [-119.0187, 35.3733]}, "properties": {"ftype": "station", "id": "bakersfield", "name": "Bakersfield", "tier": 2, "lines": ["RX Valley (Sacramento\u2013Bakersfield)", "RX Tehachapi (Bakersfield\u2013Lancaster)"]}}, {"type": "Feature", "geometry": {"type": "Point", "coordinates": [-121.59, 39.14]}, "properties": {"ftype": "station", "id": "marysville", "name": "Yuba City/Marysville", "tier": 2, "lines": ["RX North Valley (Sacramento\u2013Redding)"]}}, {"type": "Feature", "geometry": {"type": "Point", "coordinates": [-121.556, 39.514]}, "properties": {"ftype": "station", "id": "oroville", "name": "Oroville", "tier": 2, "lines": ["RX North Valley (Sacramento\u2013Redding)"]}}, {"type": "Feature", "geometry": {"type": "Point", "coordinates": [-121.837, 39.728]}, "properties": {"ftype": "station", "id": "chico", "name": "Chico", "tier": 2, "lines": ["RX North Valley (Sacramento\u2013Redding)"]}}, {"type": "Feature", "geometry": {"type": "Point", "coordinates": [-122.236, 40.178]}, "properties": {"ftype": "station", "id": "red-bluff", "name": "Red Bluff", "tier": 2, "lines": ["RX North Valley (Sacramento\u2013Redding)"]}}, {"type": "Feature", "geometry": {"type": "Point", "coordinates": [-122.392, 40.587]}, "properties": {"ftype": "station", "id": "redding", "name": "Redding", "tier": 2, "lines": ["RX North Valley (Sacramento\u2013Redding)"]}}, {"type": "Feature", "geometry": {"type": "Point", "coordinates": [-121.288, 38.752]}, "properties": {"ftype": "station", "id": "roseville", "name": "Roseville", "tier": 2, "lines": ["RX Donner (Sacramento\u2013Tahoe City)"]}}, {"type": "Feature", "geometry": {"type": "Point", "coordinates": [-121.077, 38.897]}, "properties": {"ftype": "station", "id": "auburn", "name": "Auburn", "tier": 2, "lines": ["RX Donner (Sacramento\u2013Tahoe City)"]}}, {"type": "Feature", "geometry": {"type": "Point", "coordinates": [-120.183, 39.328]}, "properties": {"ftype": "station", "id": "truckee", "name": "Truckee", "tier": 2, "lines": ["RX Donner (Sacramento\u2013Tahoe City)"]}}, {"type": "Feature", "geometry": {"type": "Point", "coordinates": [-120.144, 39.172]}, "properties": {"ftype": "station", "id": "tahoe-city", "name": "Tahoe City", "tier": 2, "lines": ["RX Donner (Sacramento\u2013Tahoe City)"]}}, {"type": "Feature", "geometry": {"type": "Point", "coordinates": [-121.176, 38.678]}, "properties": {"ftype": "station", "id": "folsom", "name": "Folsom", "tier": 2, "lines": ["RX Tahoe South (Sacramento\u2013South Lake Tahoe)"]}}, {"type": "Feature", "geometry": {"type": "Point", "coordinates": [-120.8, 38.73]}, "properties": {"ftype": "station", "id": "placerville", "name": "Placerville", "tier": 2, "lines": ["RX Tahoe South (Sacramento\u2013South Lake Tahoe)"]}}, {"type": "Feature", "geometry": {"type": "Point", "coordinates": [-119.98, 38.94]}, "properties": {"ftype": "station", "id": "south-tahoe", "name": "South Lake Tahoe", "tier": 2, "lines": ["RX Tahoe South (Sacramento\u2013South Lake Tahoe)"]}}, {"type": "Feature", "geometry": {"type": "Point", "coordinates": [-118.45, 35.13]}, "properties": {"ftype": "station", "id": "tehachapi", "name": "Tehachapi", "tier": 2, "lines": ["RX Tehachapi (Bakersfield\u2013Lancaster)"]}}, {"type": "Feature", "geometry": {"type": "Point", "coordinates": [-118.17, 35.05]}, "properties": {"ftype": "station", "id": "mojave", "name": "Mojave", "tier": 2, "lines": ["RX Tehachapi (Bakersfield\u2013Lancaster)"]}}, {"type": "Feature", "geometry": {"type": "Point", "coordinates": [-118.135, 34.698]}, "properties": {"ftype": "station", "id": "lancaster", "name": "Lancaster", "tier": 2, "lines": ["RX Tehachapi (Bakersfield\u2013Lancaster)"]}}, {"type": "Feature", "geometry": {"type": "Point", "coordinates": [-121.59, 38.695]}, "properties": {"ftype": "station", "id": "smf", "name": "Sacramento Airport", "tier": 2, "lines": ["RX North Valley (Sacramento\u2013Redding)"]}}]}
