{"type": "FeatureCollection", "features": [{"type": "Feature", "geometry": {"type": "LineString", "coordinates": [[-118.2365, 34.0556], [-118.23487, 34.05501], [-118.23457, 34.05638], [-118.23429, 34.05749], [-118.23369, 34.05854], [-118.23305, 34.05958], [-118.23241, 34.06064], [-118.23159, 34.06155], [-118.23024, 34.0619], [-118.22893, 34.06216], [-118.22764, 34.06253], [-118.22675, 34.06383], [-118.22633, 34.06489], [-118.22591, 34.06598], [-118.22522, 34.06768], [-118.22492, 34.06885], [-118.2252, 34.07026], [-118.2255, 34.07153], [-118.22566, 34.07269], [-118.22588, 34.07392], [-118.22605, 34.07507], [-118.22633, 34.07641], [-118.22685, 34.07828], [-118.22696, 34.07993], [-118.22689, 34.08103], [-118.22686, 34.08224], [-118.22661, 34.08357], [-118.22629, 34.0847], [-118.22614, 34.08583], [-118.22619, 34.08697], [-118.22643, 34.08809], [-118.22685, 34.08913], [-118.22751, 34.09021], [-118.22865, 34.09161], [-118.2297, 34.09264], [-118.23079, 34.09336], [-118.23248, 34.09412], [-118.23399, 34.09474], [-118.23511, 34.09531], [-118.23611, 34.09605], [-118.23698, 34.09696], [-118.23783, 34.09804], [-118.2388, 34.09919], [-118.23963, 34.1003], [-118.24015, 34.1014], [-118.24072, 34.10289], [-118.24116, 34.10407], [-118.24168, 34.10523], [-118.2425, 34.10633], [-118.24343, 34.10736], [-118.24426, 34.10828], [-118.24512, 34.10928], [-118.24572, 34.11028], [-118.24622, 34.11131], [-118.24694, 34.11249], [-118.24786, 34.11345], [-118.24908, 34.11449], [-118.25046, 34.11568], [-118.25175, 34.11678], [-118.25335, 34.11816], [-118.25481, 34.11942], [-118.25576, 34.12023], [-118.25701, 34.12136], [-118.25797, 34.12231], [-118.25891, 34.12332], [-118.25978, 34.12434], [-118.26052, 34.12527], [-118.26138, 34.12648], [-118.26222, 34.12776], [-118.26285, 34.12882], [-118.2636, 34.13025], [-118.26431, 34.13154], [-118.26517, 34.13319], [-118.26599, 34.1348], [-118.26671, 34.13617], [-118.26737, 34.13746], [-118.26823, 34.13914], [-118.26917, 34.14097], [-118.26973, 34.14206], [-118.27027, 34.1431], [-118.2711, 34.14472], [-118.27191, 34.14631], [-118.27263, 34.14771], [-118.27319, 34.14878], [-118.27379, 34.14996], [-118.27462, 34.15156], [-118.27535, 34.15297], [-118.27597, 34.15409], [-118.27672, 34.15526], [-118.27758, 34.15642], [-118.27873, 34.1578], [-118.27983, 34.15893], [-118.28074, 34.15977], [-118.28195, 34.16077], [-118.28298, 34.16154], [-118.28401, 34.16223], [-118.28578, 34.16329], [-118.28904, 34.1651], [-118.29035, 34.16582], [-118.29194, 34.16669], [-118.29332, 34.16746], [-118.2947, 34.16823], [-118.29602, 34.16896], [-118.29769, 34.16988], [-118.29975, 34.17105], [-118.30139, 34.17201], [-118.30509, 34.17406], [-118.30731, 34.17536], [-118.30884, 34.17627], [-118.30989, 34.17695], [-118.31134, 34.17796], [-118.309, 34.1808], [-118.31182, 34.1783], [-118.31329, 34.17943], [-118.31445, 34.18037], [-118.31541, 34.18119], [-118.31634, 34.18202], [-118.31724, 34.18282], [-118.31822, 34.18369], [-118.31922, 34.18453], [-118.3208, 34.1859], [-118.32196, 34.18657], [-118.32888, 34.18799], [-118.33815, 34.18983], [-118.33965, 34.19011], [-118.34108, 34.1904], [-118.3425, 34.19068], [-118.34483, 34.19114], [-118.34736, 34.19165], [-118.34878, 34.19196], [-118.35084, 34.19239], [-118.35252, 34.19272], [-118.35384, 34.19297], [-118.36112, 34.19441], [-118.359, 34.197], [-118.36112, 34.19441], [-118.37033, 34.19624], [-118.37906, 34.19797], [-118.38755, 34.19964], [-118.38945, 34.20002], [-118.39367, 34.20085], [-118.39624, 34.20136], [-118.40384, 34.20286], [-118.40546, 34.20318], [-118.40944, 34.20397], [-118.41381, 34.20483], [-118.41585, 34.20523], [-118.41789, 34.20564], [-118.42035, 34.20612], [-118.42244, 34.20652], [-118.42439, 34.20691], [-118.42655, 34.20735], [-118.42896, 34.20782], [-118.43063, 34.20811], [-118.43378, 34.20869], [-118.43677, 34.20927], [-118.44003, 34.20992], [-118.44196, 34.21029], [-118.44374, 34.21061], [-118.44598, 34.21054], [-118.44796, 34.21053], [-118.449, 34.1866], [-118.448, 34.21053], [-118.44608, 34.21053], [-118.44475, 34.21072], [-118.44633, 34.21112], [-118.4484, 34.21161], [-118.44991, 34.21189], [-118.46065, 34.21398], [-118.4658, 34.215], [-118.46833, 34.2155], [-118.47015, 34.21584], [-118.47158, 34.21614], [-118.47343, 34.21655], [-118.48037, 34.21792], [-118.48183, 34.21821], [-118.48355, 34.21854], [-118.49409, 34.22062], [-118.49878, 34.22155], [-118.50235, 34.22225], [-118.51787, 34.22531], [-118.52724, 34.22716], [-118.53368, 34.22843], [-118.53586, 34.22886], [-118.54407, 34.23047], [-118.54582, 34.23082], [-118.55343, 34.23232], [-118.56207, 34.23402], [-118.56352, 34.2343], [-118.57092, 34.23576], [-118.57374, 34.23632], [-118.57968, 34.23748], [-118.58267, 34.23807], [-118.58829, 34.23917], [-118.58969, 34.23945], [-118.59101, 34.23976], [-118.59232, 34.24021], [-118.5936, 34.24081], [-118.59475, 34.24149], [-118.59587, 34.24232], [-118.59675, 34.24315], [-118.59761, 34.24416], [-118.59827, 34.24517], [-118.59878, 34.24621], [-118.59919, 34.2474], [-118.59946, 34.24893], [-118.5995, 34.25004], [-118.5995, 34.25236], [-118.5995, 34.2535], [-118.59952, 34.25697], [-118.598, 34.256], [-118.59952, 34.25697], [-118.59953, 34.26451], [-118.59953, 34.2678], [-118.59954, 34.26947], [-118.59982, 34.27058], [-118.60074, 34.27158], [-118.60191, 34.27207], [-118.6036, 34.27213], [-118.60539, 34.27206], [-118.60842, 34.27194], [-118.60998, 34.27181], [-118.61124, 34.27129], [-118.6121, 34.27037], [-118.61317, 34.26674], [-118.61368, 34.26565], [-118.61478, 34.26482], [-118.61715, 34.26412], [-118.62019, 34.26334], [-118.62149, 34.26318], [-118.64641, 34.26606], [-118.64781, 34.26616], [-118.64918, 34.26597], [-118.65043, 34.26545], [-118.65145, 34.26466], [-118.65236, 34.26376], [-118.65336, 34.26285], [-118.65477, 34.26203], [-118.65603, 34.26163], [-118.65789, 34.26137], [-118.65942, 34.2612], [-118.66099, 34.26106], [-118.66255, 34.26098], [-118.66395, 34.2612], [-118.66531, 34.26167], [-118.66901, 34.26321], [-118.67051, 34.26384], [-118.6725, 34.26466], [-118.67376, 34.26511], [-118.67505, 34.2654], [-118.67674, 34.26556], [-118.67831, 34.26556], [-118.67961, 34.26557], [-118.68375, 34.26567], [-118.68519, 34.26575], [-118.6868, 34.26601], [-118.68838, 34.26644], [-118.69006, 34.26713], [-118.69174, 34.26807], [-118.6936, 34.26917], [-118.69473, 34.26984], [-118.695, 34.271], [-118.69473, 34.26984], [-118.69645, 34.27086], [-118.69786, 34.27152], [-118.69927, 34.27187], [-118.70089, 34.27196], [-118.70846, 34.27196], [-118.71717, 34.27196], [-118.72967, 34.27197], [-118.73971, 34.27197], [-118.7435, 34.27197], [-118.76043, 34.27196], [-118.76204, 34.27197], [-118.76363, 34.27208], [-118.77644, 34.27531], [-118.77872, 34.27592], [-118.78025, 34.27639], [-118.78186, 34.27713], [-118.78482, 34.27856], [-118.78621, 34.27923], [-118.78736, 34.27976], [-118.78902, 34.28027], [-118.79066, 34.28052], [-118.7959, 34.28073], [-118.79727, 34.28078], [-118.79861, 34.28092], [-118.80024, 34.28137], [-118.80145, 34.28196], [-118.80258, 34.28277], [-118.80456, 34.28444], [-118.80555, 34.28517], [-118.80665, 34.28578], [-118.80816, 34.28636], [-118.80975, 34.28671], [-118.81141, 34.28685], [-118.8129, 34.28693], [-118.81799, 34.28722], [-118.8231, 34.28751], [-118.82482, 34.28772], [-118.8302, 34.28924], [-118.83178, 34.28987], [-118.83475, 34.2917], [-118.83598, 34.29239], [-118.83734, 34.29279], [-118.83886, 34.29283], [-118.84032, 34.29252], [-118.84334, 34.29153], [-118.85353, 34.28817], [-118.85544, 34.28755], [-118.85694, 34.28706], [-118.85821, 34.28673], [-118.86157, 34.28601], [-118.8641, 34.28544], [-118.8657, 34.28511], [-118.86727, 34.28492], [-118.86924, 34.2849], [-118.87341, 34.2849], [-118.87479, 34.2849], [-118.87758, 34.2849], [-118.88, 34.285], [-118.87823, 34.2849], [-118.88197, 34.2849], [-118.8904, 34.2849], [-118.89195, 34.2849], [-118.89377, 34.28484], [-118.89617, 34.28441], [-118.90097, 34.28343], [-118.90414, 34.28277], [-118.90597, 34.2824], [-118.90989, 34.2816], [-118.91283, 34.28099], [-118.91518, 34.2805], [-118.91662, 34.28021], [-118.91848, 34.27982], [-118.91989, 34.27936], [-118.92126, 34.27874], [-118.92371, 34.27754], [-118.92607, 34.27638], [-118.93044, 34.27425], [-118.93182, 34.27358], [-118.9331, 34.27306], [-118.93526, 34.27251], [-118.93732, 34.27205], [-118.93897, 34.27167], [-118.94023, 34.27138], [-118.94204, 34.27098], [-118.94359, 34.27063], [-118.94503, 34.27032], [-118.94838, 34.26978], [-118.94984, 34.26956], [-118.95216, 34.2692], [-118.95401, 34.26892], [-118.95795, 34.26831], [-118.9615, 34.26776], [-118.96307, 34.26753], [-118.96446, 34.2673], [-118.96839, 34.2667], [-118.9713, 34.26626], [-118.97409, 34.26583], [-118.9755, 34.26561], [-118.97695, 34.26536], [-118.97839, 34.26491], [-118.97988, 34.26422], [-118.98478, 34.26109], [-118.98671, 34.25985], [-118.98873, 34.25855], [-118.99308, 34.25576], [-118.99517, 34.25441], [-118.99693, 34.25329], [-118.99963, 34.25156], [-119.00425, 34.2486], [-119.00553, 34.24776], [-119.00663, 34.24692], [-119.00768, 34.24575], [-119.00989, 34.24268], [-119.01072, 34.24152], [-119.01172, 34.24012], [-119.01371, 34.23733], [-119.01516, 34.23531], [-119.01587, 34.2344], [-119.01688, 34.2334], [-119.01796, 34.23234], [-119.01924, 34.2311], [-119.02012, 34.23026], [-119.02125, 34.22917], [-119.02542, 34.22513], [-119.02637, 34.2242], [-119.02734, 34.22326], [-119.02968, 34.221], [-119.03087, 34.21983], [-119.03176, 34.21882], [-119.03248, 34.2179], [-119.03332, 34.21682], [-119.03432, 34.21554], [-119.03559, 34.21391], [-119.03659, 34.21263], [-119.03756, 34.21187], [-119.03889, 34.21213], [-119.03995, 34.21281], [-119.04, 34.217], [-119.04029, 34.21283], [-119.03894, 34.21218], [-119.03756, 34.21187], [-119.03659, 34.21263], [-119.0382, 34.21057], [-119.03905, 34.20941], [-119.03992, 34.20797], [-119.0409, 34.20598], [-119.04148, 34.20474], [-119.04228, 34.20312], [-119.04281, 34.20202], [-119.04368, 34.20022], [-119.04428, 34.19913], [-119.04507, 34.1982], [-119.04619, 34.19736], [-119.04741, 34.19681], [-119.04896, 34.19646], [-119.05042, 34.19641], [-119.05779, 34.19647], [-119.06979, 34.19656], [-119.08716, 34.1967], [-119.09141, 34.19673], [-119.09589, 34.19677], [-119.10393, 34.19683], [-119.10963, 34.19688], [-119.11151, 34.19689], [-119.11454, 34.19691], [-119.11633, 34.19693], [-119.12488, 34.19699], [-119.12709, 34.19701], [-119.13377, 34.19706], [-119.13703, 34.19709], [-119.13953, 34.1971], [-119.14222, 34.19712], [-119.15542, 34.19723], [-119.15747, 34.19723], [-119.15964, 34.19726], [-119.16203, 34.19728], [-119.16361, 34.19729], [-119.16518, 34.19729], [-119.16739, 34.1973], [-119.16893, 34.19732], [-119.17067, 34.19734], [-119.17219, 34.19749], [-119.17349, 34.19788], [-119.17492, 34.19868], [-119.176, 34.19972], [-119.17669, 34.2009], [-119.17701, 34.20214], [-119.17703, 34.20332], [-119.17702, 34.20447], [-119.177, 34.20639], [-119.17684, 34.2189], [-119.17665, 34.2269], [-119.17661, 34.22821], [-119.17678, 34.22975], [-119.17726, 34.2309], [-119.17808, 34.23193], [-119.17927, 34.23288], [-119.1805, 34.23376], [-119.18859, 34.23939], [-119.19361, 34.24288], [-119.1949, 34.24369], [-119.20022, 34.24642], [-119.20148, 34.24707], [-119.20341, 34.24806], [-119.2048, 34.24864], [-119.20702, 34.24923], [-119.20863, 34.24943], [-119.21022, 34.24947], [-119.21172, 34.24935], [-119.21305, 34.24916], [-119.2224, 34.24773], [-119.22375, 34.24761], [-119.22522, 34.24776], [-119.22652, 34.24814], [-119.2294, 34.24947], [-119.24962, 34.25897], [-119.25339, 34.26073], [-119.2548, 34.26134], [-119.25868, 34.26315], [-119.26137, 34.26441], [-119.26258, 34.26498], [-119.26679, 34.26696], [-119.26794, 34.26752], [-119.26911, 34.26824], [-119.27127, 34.27008], [-119.27231, 34.27101], [-119.27339, 34.27186], [-119.27453, 34.27252], [-119.27579, 34.27303], [-119.27745, 34.27355], [-119.27916, 34.27406], [-119.28215, 34.27496], [-119.28543, 34.27595], [-119.28703, 34.27647], [-119.28838, 34.27686], [-119.28994, 34.27702], [-119.29171, 34.27701], [-119.29311, 34.277], [-119.294, 34.279], [-119.29425, 34.277], [-119.29656, 34.277], [-119.29912, 34.27699], [-119.30065, 34.27698], [-119.30312, 34.27697], [-119.30689, 34.27696], [-119.30918, 34.27695], [-119.31061, 34.27707], [-119.31182, 34.27756], [-119.31301, 34.27838], [-119.31497, 34.27979], [-119.3167, 34.28102], [-119.31831, 34.28218], [-119.31935, 34.28293], [-119.32068, 34.28374], [-119.32213, 34.28442], [-119.32653, 34.28617], [-119.32784, 34.2867], [-119.33324, 34.28884], [-119.33473, 34.28948], [-119.33612, 34.29027], [-119.33739, 34.29128], [-119.33871, 34.29278], [-119.34004, 34.29443], [-119.34083, 34.29542], [-119.3416, 34.2964], [-119.34234, 34.29731], [-119.34351, 34.29876], [-119.34511, 34.30077], [-119.34634, 34.30217], [-119.34736, 34.30322], [-119.3483, 34.30411], [-119.34948, 34.30515], [-119.35214, 34.30732], [-119.35333, 34.30829], [-119.35452, 34.30919], [-119.35619, 34.31045], [-119.35722, 34.31123], [-119.35855, 34.31223], [-119.35979, 34.31318], [-119.36155, 34.31452], [-119.36261, 34.31532], [-119.36407, 34.31642], [-119.36507, 34.31713], [-119.36675, 34.31814], [-119.3679, 34.31881], [-119.36955, 34.31977], [-119.371, 34.32057], [-119.37232, 34.32108], [-119.3739, 34.32143], [-119.37535, 34.32157], [-119.37706, 34.32146], [-119.3787, 34.32113], [-119.38075, 34.32059], [-119.3825, 34.32012], [-119.38492, 34.31945], [-119.38653, 34.31903], [-119.38794, 34.31875], [-119.38931, 34.31885], [-119.3906, 34.31936], [-119.39177, 34.32044], [-119.39286, 34.32182], [-119.39405, 34.32337], [-119.39492, 34.32451], [-119.39602, 34.32593], [-119.39748, 34.32778], [-119.3985, 34.32902], [-119.39929, 34.32998], [-119.40008, 34.33093], [-119.40104, 34.33183], [-119.40222, 34.33261], [-119.40364, 34.33351], [-119.40478, 34.33427], [-119.40997, 34.33754], [-119.41127, 34.33845], [-119.41247, 34.33946], [-119.41678, 34.34365], [-119.41785, 34.34466], [-119.41922, 34.346], [-119.42021, 34.34697], [-119.42144, 34.34816], [-119.42436, 34.35103], [-119.42558, 34.3522], [-119.42691, 34.35337], [-119.42795, 34.35421], [-119.42903, 34.35506], [-119.43029, 34.35592], [-119.43166, 34.35659], [-119.43299, 34.35688], [-119.43476, 34.35675], [-119.43623, 34.3566], [-119.43765, 34.35655], [-119.439, 34.35651], [-119.4406, 34.35655], [-119.44223, 34.35709], [-119.44338, 34.35792], [-119.44492, 34.35956], [-119.44602, 34.36076], [-119.44697, 34.36179], [-119.44855, 34.3635], [-119.44942, 34.36445], [-119.45027, 34.36537], [-119.45122, 34.36648], [-119.45203, 34.36753], [-119.45319, 34.36895], [-119.45411, 34.36991], [-119.45504, 34.37074], [-119.45593, 34.37157], [-119.45691, 34.37243], [-119.4579, 34.37318], [-119.45905, 34.3739], [-119.46017, 34.37451], [-119.4618, 34.37498], [-119.46329, 34.37532], [-119.46499, 34.37573], [-119.46706, 34.37628], [-119.46865, 34.37655], [-119.4701, 34.37666], [-119.47176, 34.3766], [-119.47327, 34.37638], [-119.47471, 34.37625], [-119.47633, 34.37644], [-119.47782, 34.37699], [-119.47897, 34.37767], [-119.48063, 34.37901], [-119.48196, 34.37981], [-119.48319, 34.38033], [-119.48478, 34.38102], [-119.48647, 34.38173], [-119.48967, 34.38308], [-119.49182, 34.384], [-119.49307, 34.38452], [-119.49446, 34.385], [-119.49586, 34.3853], [-119.49724, 34.38542], [-119.49954, 34.38536], [-119.5009, 34.3854], [-119.50222, 34.38556], [-119.50352, 34.38583], [-119.50872, 34.3871], [-119.51089, 34.38764], [-119.51427, 34.38847], [-119.51576, 34.38888], [-119.51695, 34.38951], [-119.51858, 34.39124], [-119.52008, 34.39303], [-119.52225, 34.39563], [-119.52335, 34.39692], [-119.52, 34.4], [-119.52383, 34.3975], [-119.5247, 34.3984], [-119.52577, 34.39924], [-119.52691, 34.39989], [-119.52894, 34.40086], [-119.53082, 34.40175], [-119.53329, 34.40292], [-119.53451, 34.40347], [-119.53575, 34.40406], [-119.5371, 34.40467], [-119.53857, 34.40518], [-119.5402, 34.40547], [-119.54351, 34.40557], [-119.54549, 34.40561], [-119.5472, 34.40576], [-119.54847, 34.40624], [-119.55196, 34.40903], [-119.55315, 34.41005], [-119.55526, 34.41185], [-119.55672, 34.41309], [-119.55779, 34.414], [-119.55886, 34.41489], [-119.56006, 34.41557], [-119.56154, 34.41592], [-119.56529, 34.41631], [-119.56672, 34.41639], [-119.57108, 34.41585], [-119.57385, 34.41545], [-119.57528, 34.41528], [-119.57659, 34.41521], [-119.57829, 34.41523], [-119.57979, 34.41539], [-119.58221, 34.41576], [-119.58478, 34.41615], [-119.58642, 34.41652], [-119.58913, 34.41741], [-119.59076, 34.41794], [-119.59232, 34.41839], [-119.59368, 34.41875], [-119.59536, 34.4192], [-119.59688, 34.4196], [-119.59814, 34.41994], [-119.59998, 34.42043], [-119.6013, 34.42072], [-119.60275, 34.42073], [-119.60434, 34.42045], [-119.60579, 34.42021], [-119.60724, 34.4202], [-119.60854, 34.4204], [-119.60982, 34.4207], [-119.61111, 34.42093], [-119.6125, 34.4211], [-119.61395, 34.42116], [-119.61598, 34.42121], [-119.61752, 34.42115], [-119.61902, 34.42098], [-119.6209, 34.42075], [-119.62235, 34.42058], [-119.62388, 34.42039], [-119.62544, 34.42021], [-119.62801, 34.4199], [-119.62948, 34.41972], [-119.63152, 34.41947], [-119.63355, 34.41923], [-119.63588, 34.41895], [-119.63761, 34.41879], [-119.63898, 34.41874], [-119.64106, 34.41885], [-119.6425, 34.41904], [-119.64402, 34.41933], [-119.64775, 34.42029], [-119.65121, 34.42116], [-119.65271, 34.42154], [-119.65425, 34.42194], [-119.65654, 34.42252], [-119.65789, 34.42272], [-119.65924, 34.42272], [-119.66088, 34.42244], [-119.66306, 34.42184], [-119.66475, 34.42136], [-119.66685, 34.42076], [-119.66923, 34.42009], [-119.67261, 34.41914], [-119.67439, 34.41861], [-119.68052, 34.41685], [-119.68493, 34.41562], [-119.68703, 34.41503], [-119.68887, 34.4145], [-119.69126, 34.41382], [-119.69268, 34.41342], [-119.69459, 34.41288], [-119.69623, 34.41243], [-119.6984, 34.41181], [-119.69986, 34.41149], [-119.70123, 34.41157], [-119.70256, 34.4121], [-119.70519, 34.41399], [-119.7, 34.42], [-119.70519, 34.41399], [-119.70738, 34.41559], [-119.70917, 34.4169], [-119.71358, 34.42013], [-119.71681, 34.4225], [-119.71799, 34.42332], [-119.71936, 34.42414], [-119.72066, 34.42478], [-119.72186, 34.42527], [-119.72338, 34.42577], [-119.72498, 34.42615], [-119.72663, 34.42644], [-119.72815, 34.42666], [-119.73358, 34.42741], [-119.73573, 34.42768], [-119.73722, 34.42793], [-119.7389, 34.42833], [-119.74028, 34.42878], [-119.7418, 34.42939], [-119.74328, 34.43012], [-119.74459, 34.4309], [-119.74647, 34.43204], [-119.74759, 34.43276], [-119.74941, 34.43432], [-119.75035, 34.43509], [-119.75156, 34.4359], [-119.75301, 34.43668], [-119.75423, 34.43719], [-119.75592, 34.43773], [-119.75739, 34.43806], [-119.75878, 34.43833], [-119.76151, 34.43887], [-119.76617, 34.43978], [-119.76895, 34.44033], [-119.77128, 34.44079], [-119.77495, 34.4415], [-119.7765, 34.44171], [-119.77818, 34.44181], [-119.78295, 34.44172], [-119.78576, 34.44164], [-119.78849, 34.44156], [-119.7919, 34.44147], [-119.79337, 34.44143], [-119.79522, 34.44137], [-119.79737, 34.44133], [-119.80382, 34.44115], [-119.80521, 34.44111], [-119.80659, 34.44107], [-119.80879, 34.441], [-119.81052, 34.44096], [-119.81199, 34.44088], [-119.81413, 34.44068], [-119.81632, 34.44046], [-119.81809, 34.4403], [-119.81978, 34.44012], [-119.82118, 34.43998], [-119.82294, 34.43981], [-119.82679, 34.43943], [-119.82908, 34.4392], [-119.83069, 34.43904], [-119.83208, 34.43891], [-119.83691, 34.43843], [-119.84202, 34.43791], [-119.84546, 34.43757], [-119.84766, 34.43735], [-119.845, 34.424]]}, "properties": {"ftype": "line", "id": "rx-coast-south", "name": "RX Coast (LA\u2013Goleta)", "tier": 2, "headway": "15 min"}}, {"type": "Feature", "geometry": {"type": "LineString", "coordinates": [[-118.2365, 34.0556], [-118.23487, 34.05501], [-118.23457, 34.05638], [-118.23429, 34.05749], [-118.23369, 34.05854], [-118.23305, 34.05958], [-118.23241, 34.06064], [-118.23159, 34.06155], [-118.23024, 34.0619], [-118.22893, 34.06216], [-118.22764, 34.06253], [-118.22675, 34.06383], [-118.22633, 34.06489], [-118.22591, 34.06598], [-118.22522, 34.06768], [-118.22492, 34.06885], [-118.2252, 34.07026], [-118.2255, 34.07153], [-118.22566, 34.07269], [-118.22588, 34.07392], [-118.22605, 34.07507], [-118.22633, 34.07641], [-118.22685, 34.07828], [-118.22696, 34.07993], [-118.22689, 34.08103], [-118.22686, 34.08224], [-118.22661, 34.08357], [-118.22629, 34.0847], [-118.22614, 34.08583], [-118.22619, 34.08697], [-118.22643, 34.08809], [-118.22685, 34.08913], [-118.22751, 34.09021], [-118.22865, 34.09161], [-118.2297, 34.09264], [-118.23079, 34.09336], [-118.23248, 34.09412], [-118.23399, 34.09474], [-118.23511, 34.09531], [-118.23611, 34.09605], [-118.23698, 34.09696], [-118.23783, 34.09804], [-118.2388, 34.09919], [-118.23963, 34.1003], [-118.24015, 34.1014], [-118.24072, 34.10289], [-118.24116, 34.10407], [-118.24168, 34.10523], [-118.2425, 34.10633], [-118.24343, 34.10736], [-118.24426, 34.10828], [-118.24512, 34.10928], [-118.24572, 34.11028], [-118.24622, 34.11131], [-118.24694, 34.11249], [-118.24786, 34.11345], [-118.24908, 34.11449], [-118.25046, 34.11568], [-118.25175, 34.11678], [-118.25335, 34.11816], [-118.25481, 34.11942], [-118.25576, 34.12023], [-118.25701, 34.12136], [-118.25797, 34.12231], [-118.25891, 34.12332], [-118.25978, 34.12434], [-118.26052, 34.12527], [-118.26138, 34.12648], [-118.26222, 34.12776], [-118.26285, 34.12882], [-118.2636, 34.13025], [-118.26431, 34.13154], [-118.26517, 34.13319], [-118.26599, 34.1348], [-118.26671, 34.13617], [-118.26737, 34.13746], [-118.26823, 34.13914], [-118.26917, 34.14097], [-118.26973, 34.14206], [-118.27027, 34.1431], [-118.2711, 34.14472], [-118.27191, 34.14631], [-118.27263, 34.14771], [-118.27319, 34.14878], [-118.27379, 34.14996], [-118.27462, 34.15156], [-118.27535, 34.15297], [-118.27597, 34.15409], [-118.27672, 34.15526], [-118.27758, 34.15642], [-118.27873, 34.1578], [-118.27983, 34.15893], [-118.28074, 34.15977], [-118.28195, 34.16077], [-118.28298, 34.16154], [-118.28401, 34.16223], [-118.28578, 34.16329], [-118.28904, 34.1651], [-118.29035, 34.16582], [-118.29194, 34.16669], [-118.29332, 34.16746], [-118.2947, 34.16823], [-118.29602, 34.16896], [-118.29769, 34.16988], [-118.29975, 34.17105], [-118.30139, 34.17201], [-118.30509, 34.17406], [-118.30731, 34.17536], [-118.30884, 34.17627], [-118.30989, 34.17695], [-118.31134, 34.17796], [-118.309, 34.1808], [-118.31182, 34.1783], [-118.31329, 34.17943], [-118.31445, 34.18037], [-118.31541, 34.18119], [-118.31634, 34.18202], [-118.31724, 34.18282], [-118.31822, 34.18369], [-118.31949, 34.18484], [-118.32136, 34.18648], [-118.32253, 34.18746], [-118.32413, 34.18871], [-118.32567, 34.18981], [-118.32826, 34.19159], [-118.33004, 34.19281], [-118.33245, 34.19445], [-118.33418, 34.19562], [-118.33758, 34.19797], [-118.3419, 34.20095], [-118.34464, 34.20281], [-118.34633, 34.20393], [-118.34853, 34.2054], [-118.34959, 34.20612], [-118.35098, 34.20707], [-118.35597, 34.21047], [-118.36347, 34.21558], [-118.36879, 34.21921], [-118.3707, 34.22052], [-118.37264, 34.22183], [-118.37424, 34.22292], [-118.37549, 34.22377], [-118.37674, 34.22467], [-118.37842, 34.22582], [-118.38064, 34.22757], [-118.3817, 34.22842], [-118.38267, 34.22922], [-118.38469, 34.23107], [-118.38655, 34.23284], [-118.38868, 34.23484], [-118.39131, 34.23733], [-118.39257, 34.23849], [-118.39355, 34.23944], [-118.39536, 34.24116], [-118.39835, 34.24398], [-118.403, 34.24837], [-118.40932, 34.25434], [-118.4186, 34.26311], [-118.42181, 34.26615], [-118.42493, 34.2691], [-118.42815, 34.27213], [-118.42953, 34.27344], [-118.43591, 34.27948], [-118.43685, 34.28036], [-118.4389, 34.28229], [-118.44048, 34.28378], [-118.44713, 34.29006], [-118.44805, 34.29087], [-118.44967, 34.29213], [-118.45063, 34.29288], [-118.45544, 34.29659], [-118.45889, 34.29925], [-118.46591, 34.30467], [-118.46976, 34.30765], [-118.47128, 34.30882], [-118.467, 34.312], [-118.47128, 34.30882], [-118.47235, 34.30959], [-118.47531, 34.31188], [-118.47647, 34.3127], [-118.47778, 34.31314], [-118.48629, 34.31456], [-118.48917, 34.31504], [-118.49046, 34.31527], [-118.49167, 34.31578], [-118.49262, 34.31665], [-118.49339, 34.31766], [-118.49428, 34.31891], [-118.49562, 34.31982], [-118.49684, 34.32025], [-118.4985, 34.32085], [-118.5012, 34.32262], [-118.50223, 34.32352], [-118.50273, 34.32459], [-118.50275, 34.32611], [-118.503, 34.32725], [-118.50387, 34.32872], [-118.50491, 34.33078], [-118.50581, 34.33273], [-118.50642, 34.3338], [-118.50746, 34.33475], [-118.51689, 34.3533], [-118.51754, 34.35462], [-118.51794, 34.35587], [-118.51871, 34.35713], [-118.52039, 34.35889], [-118.52281, 34.36145], [-118.52354, 34.36258], [-118.52375, 34.36367], [-118.52342, 34.36574], [-118.52229, 34.37199], [-118.52234, 34.3732], [-118.52363, 34.37523], [-118.52664, 34.37912], [-118.52928, 34.38255], [-118.53005, 34.38356], [-118.53088, 34.38462], [-118.53377, 34.38838], [-118.53523, 34.39027], [-118.53623, 34.39157], [-118.53738, 34.39307], [-118.53807, 34.39399], [-118.53853, 34.39508], [-118.541, 34.395], [-118.53859, 34.39534], [-118.53848, 34.39663], [-118.5381, 34.39801], [-118.53804, 34.39921], [-118.53829, 34.40051], [-118.53892, 34.40398], [-118.53933, 34.40619], [-118.53963, 34.4078], [-118.54002, 34.40989], [-118.54028, 34.41126], [-118.54045, 34.41249], [-118.54076, 34.41419], [-118.54122, 34.41666], [-118.54154, 34.41836], [-118.54174, 34.4195], [-118.54137, 34.42068], [-118.54041, 34.42148], [-118.53904, 34.42188], [-118.53752, 34.42167], [-118.53611, 34.42117], [-118.5346, 34.4205], [-118.5333, 34.41984], [-118.53227, 34.41904], [-118.53167, 34.41801], [-118.53086, 34.41701], [-118.52976, 34.41613], [-118.52796, 34.41466], [-118.5265, 34.41393], [-118.52413, 34.41313], [-118.52286, 34.41272], [-118.52146, 34.41288], [-118.52023, 34.41387], [-118.51892, 34.41448], [-118.51711, 34.41467], [-118.51524, 34.41505], [-118.51369, 34.41564], [-118.51155, 34.41672], [-118.50801, 34.41854], [-118.50664, 34.41914], [-118.50536, 34.41951], [-118.50365, 34.41979], [-118.50222, 34.41998], [-118.49848, 34.42045], [-118.4941, 34.421], [-118.49277, 34.42117], [-118.49128, 34.42135], [-118.48957, 34.4214], [-118.48803, 34.42127], [-118.48656, 34.42092], [-118.48519, 34.42034], [-118.48398, 34.41955], [-118.48296, 34.4186], [-118.48221, 34.41769], [-118.48119, 34.41657], [-118.4796, 34.41512], [-118.47727, 34.41302], [-118.47527, 34.41117], [-118.47411, 34.41031], [-118.4728, 34.40962], [-118.47137, 34.40911], [-118.46985, 34.40881], [-118.46822, 34.40871], [-118.46675, 34.40879], [-118.46053, 34.40915], [-118.45843, 34.40927], [-118.45691, 34.40936], [-118.45385, 34.40954], [-118.45042, 34.40974], [-118.44852, 34.40988], [-118.44688, 34.41004], [-118.44516, 34.4102], [-118.44306, 34.41031], [-118.44106, 34.41038], [-118.43956, 34.41054], [-118.4383, 34.41083], [-118.43679, 34.4114], [-118.43512, 34.41236], [-118.43133, 34.4147], [-118.43002, 34.4155], [-118.42875, 34.41629], [-118.42761, 34.41699], [-118.42641, 34.41761], [-118.42492, 34.41812], [-118.42292, 34.41858], [-118.42161, 34.41891], [-118.42041, 34.41947], [-118.41933, 34.4204], [-118.41813, 34.42164], [-118.41717, 34.42247], [-118.41587, 34.42308], [-118.41425, 34.42334], [-118.40977, 34.42305], [-118.40845, 34.42296], [-118.40671, 34.42297], [-118.40516, 34.42342], [-118.40407, 34.42412], [-118.4028, 34.42533], [-118.40175, 34.42609], [-118.40048, 34.42658], [-118.39918, 34.42674], [-118.39766, 34.4268], [-118.39634, 34.42692], [-118.39486, 34.42746], [-118.39232, 34.42931], [-118.39097, 34.43011], [-118.38954, 34.43048], [-118.38823, 34.43049], [-118.38689, 34.43025], [-118.3855, 34.42971], [-118.38425, 34.42893], [-118.38296, 34.42858], [-118.38159, 34.42874], [-118.38033, 34.42947], [-118.37925, 34.43065], [-118.37827, 34.4317], [-118.37645, 34.43264], [-118.37522, 34.43317], [-118.37382, 34.43358], [-118.37042, 34.43405], [-118.36896, 34.43411], [-118.36727, 34.43409], [-118.36595, 34.43374], [-118.36422, 34.4327], [-118.36281, 34.43234], [-118.36132, 34.4323], [-118.35976, 34.43198], [-118.35809, 34.43135], [-118.35667, 34.43075], [-118.35542, 34.43024], [-118.35379, 34.42989], [-118.35244, 34.42926], [-118.35127, 34.42842], [-118.3499, 34.4283], [-118.34864, 34.42899], [-118.34818, 34.43003], [-118.34811, 34.43129], [-118.34761, 34.43249], [-118.34652, 34.43342], [-118.34434, 34.43417], [-118.34274, 34.43467], [-118.34138, 34.43514], [-118.34017, 34.43593], [-118.33899, 34.43682], [-118.33775, 34.43727], [-118.33553, 34.43766], [-118.33266, 34.43819], [-118.32878, 34.43889], [-118.32737, 34.4393], [-118.32561, 34.44019], [-118.32432, 34.44062], [-118.32291, 34.44067], [-118.32147, 34.43998], [-118.31997, 34.4395], [-118.31524, 34.44032], [-118.3107, 34.44181], [-118.30941, 34.44224], [-118.30801, 34.44238], [-118.30575, 34.44211], [-118.30393, 34.44103], [-118.30284, 34.44043], [-118.30159, 34.44002], [-118.30008, 34.44005], [-118.29853, 34.44129], [-118.29732, 34.44208], [-118.29589, 34.44224], [-118.29469, 34.44163], [-118.29335, 34.44139], [-118.29202, 34.44145], [-118.29064, 34.44065], [-118.28921, 34.44013], [-118.28787, 34.44052], [-118.28662, 34.44133], [-118.28524, 34.44162], [-118.28385, 34.44161], [-118.28258, 34.44211], [-118.28101, 34.44202], [-118.28, 34.44098], [-118.27892, 34.44009], [-118.27683, 34.43955], [-118.27538, 34.43925], [-118.27406, 34.43942], [-118.27285, 34.43995], [-118.27081, 34.44006], [-118.26888, 34.44002], [-118.26702, 34.4398], [-118.26421, 34.44038], [-118.26252, 34.44061], [-118.26073, 34.44064], [-118.25882, 34.44065], [-118.25748, 34.44077], [-118.25587, 34.44141], [-118.25432, 34.44181], [-118.2529, 34.44171], [-118.25144, 34.44103], [-118.25033, 34.44038], [-118.24918, 34.43966], [-118.24803, 34.43873], [-118.24667, 34.43808], [-118.24532, 34.43794], [-118.24344, 34.43835], [-118.24193, 34.43839], [-118.24023, 34.43862], [-118.23891, 34.43837], [-118.23785, 34.43761], [-118.23627, 34.43722], [-118.23478, 34.43717], [-118.23081, 34.43736], [-118.22695, 34.43843], [-118.22564, 34.43869], [-118.22423, 34.43854], [-118.22298, 34.43814], [-118.22174, 34.43774], [-118.22039, 34.43758], [-118.219, 34.43794], [-118.21773, 34.43874], [-118.21648, 34.43956], [-118.21511, 34.44177], [-118.21432, 34.44302], [-118.21332, 34.4443], [-118.21252, 34.44534], [-118.21155, 34.44618], [-118.21041, 34.44674], [-118.20889, 34.4474], [-118.20721, 34.44814], [-118.2057, 34.44893], [-118.20445, 34.44968], [-118.20298, 34.45058], [-118.20192, 34.45144], [-118.20122, 34.45244], [-118.20045, 34.45362], [-118.19957, 34.45458], [-118.19819, 34.4555], [-118.19728, 34.45642], [-118.19686, 34.45747], [-118.197, 34.45907], [-118.19715, 34.46032], [-118.19686, 34.46236], [-118.19663, 34.46391], [-118.19645, 34.46526], [-118.19602, 34.46647], [-118.19491, 34.46792], [-118.19187, 34.47002], [-118.19029, 34.47082], [-118.18904, 34.4712], [-118.18673, 34.47166], [-118.18486, 34.47191], [-118.18256, 34.47189], [-118.17822, 34.47116], [-118.17688, 34.47111], [-118.17518, 34.47149], [-118.17402, 34.47215], [-118.17309, 34.47305], [-118.17219, 34.47406], [-118.17111, 34.47516], [-118.16968, 34.47603], [-118.16834, 34.47656], [-118.16643, 34.47726], [-118.16385, 34.47839], [-118.1625, 34.47922], [-118.16139, 34.47981], [-118.15979, 34.48027], [-118.15817, 34.48025], [-118.15646, 34.47999], [-118.15472, 34.4797], [-118.15273, 34.4797], [-118.14884, 34.48074], [-118.147, 34.48127], [-118.14499, 34.48186], [-118.14257, 34.4823], [-118.14107, 34.48271], [-118.13956, 34.48364], [-118.13823, 34.4847], [-118.13708, 34.48553], [-118.13554, 34.48647], [-118.13329, 34.48783], [-118.12938, 34.48996], [-118.12813, 34.49075], [-118.12707, 34.49164], [-118.12584, 34.49269], [-118.12459, 34.49351], [-118.12331, 34.49412], [-118.12091, 34.49513], [-118.11984, 34.49582], [-118.11888, 34.4969], [-118.11815, 34.49792], [-118.11745, 34.49902], [-118.11638, 34.50087], [-118.11545, 34.5026], [-118.11482, 34.50358], [-118.11408, 34.50455], [-118.11334, 34.50548], [-118.11262, 34.50639], [-118.11146, 34.50783], [-118.11051, 34.50877], [-118.1093, 34.5096], [-118.10838, 34.51046], [-118.10784, 34.51145], [-118.1073, 34.51259], [-118.10677, 34.51363], [-118.1059, 34.51462], [-118.10468, 34.51533], [-118.10086, 34.51686], [-118.09861, 34.51776], [-118.09702, 34.51858], [-118.09602, 34.51949], [-118.09488, 34.52077], [-118.09362, 34.52155], [-118.09171, 34.5223], [-118.09055, 34.52307], [-118.08989, 34.52401], [-118.08968, 34.52511], [-118.09004, 34.52643], [-118.09116, 34.52758], [-118.09285, 34.5282], [-118.09483, 34.52862], [-118.09629, 34.52905], [-118.09756, 34.5296], [-118.09937, 34.53131], [-118.10083, 34.53293], [-118.10217, 34.53457], [-118.103, 34.53563], [-118.10633, 34.54029], [-118.10761, 34.54199], [-118.10935, 34.54449], [-118.11045, 34.54603], [-118.11305, 34.54961], [-118.11385, 34.55074], [-118.11436, 34.55199], [-118.11443, 34.55361], [-118.11439, 34.55471], [-118.11471, 34.55643], [-118.11527, 34.55787], [-118.11551, 34.55904], [-118.1153, 34.56077], [-118.11504, 34.56191], [-118.11489, 34.56338], [-118.11504, 34.56462], [-118.11522, 34.56578], [-118.11543, 34.56687], [-118.11561, 34.56816], [-118.11581, 34.56942], [-118.1163, 34.57254], [-118.11683, 34.5759], [-118.11739, 34.57938], [-118.11948, 34.59257], [-118.113, 34.594], [-118.11955, 34.59301], [-118.11743, 34.57963], [-118.11683, 34.5759], [-118.11632, 34.57269], [-118.11582, 34.5695], [-118.11563, 34.56834], [-118.11549, 34.56725], [-118.11572, 34.56845], [-118.11637, 34.57254], [-118.11746, 34.57939], [-118.11916, 34.59007], [-118.11938, 34.59146], [-118.11956, 34.59264], [-118.11997, 34.59522], [-118.12016, 34.59643], [-118.121, 34.60169], [-118.12387, 34.61985], [-118.12566, 34.63114], [-118.12778, 34.64452], [-118.12795, 34.64562], [-118.13256, 34.6747], [-118.13487, 34.6893], [-118.13513, 34.69083], [-118.13624, 34.69793], [-118.135, 34.698]]}, "properties": {"ftype": "line", "id": "rx-antelope", "name": "RX Antelope Valley (LA\u2013Lancaster)", "tier": 2, "headway": "15 min"}}, {"type": "Feature", "geometry": {"type": "LineString", "coordinates": [[-118.2365, 34.0556], [-118.23487, 34.05501], [-118.23457, 34.05638], [-118.23429, 34.05749], [-118.23369, 34.05854], [-118.23305, 34.05958], [-118.23241, 34.06064], [-118.23159, 34.06155], [-118.23024, 34.0619], [-118.22887, 34.06203], [-118.22749, 34.06191], [-118.22654, 34.06116], [-118.22617, 34.0597], [-118.22582, 34.05853], [-118.22534, 34.05727], [-118.22408, 34.0565], [-118.22278, 34.05608], [-118.22144, 34.05558], [-118.21993, 34.05563], [-118.21855, 34.05584], [-118.21695, 34.05637], [-118.2157, 34.05677], [-118.21411, 34.05689], [-118.21248, 34.05657], [-118.21068, 34.05579], [-118.20859, 34.05483], [-118.20706, 34.05437], [-118.20556, 34.05444], [-118.20408, 34.05492], [-118.20259, 34.05551], [-118.20106, 34.05583], [-118.19874, 34.05602], [-118.19729, 34.05606], [-118.19501, 34.05598], [-118.19317, 34.05591], [-118.19038, 34.05585], [-118.18895, 34.05581], [-118.18757, 34.05579], [-118.1861, 34.05592], [-118.18463, 34.05622], [-118.18309, 34.05675], [-118.18135, 34.05755], [-118.17988, 34.05822], [-118.17832, 34.05892], [-118.17708, 34.05951], [-118.17476, 34.06064], [-118.17352, 34.06121], [-118.17187, 34.06198], [-118.17053, 34.0625], [-118.16909, 34.06269], [-118.16696, 34.06262], [-118.16516, 34.06257], [-118.16351, 34.06254], [-118.16198, 34.06279], [-118.16082, 34.06328], [-118.15894, 34.06429], [-118.15778, 34.06491], [-118.15453, 34.06664], [-118.15121, 34.06839], [-118.14772, 34.07024], [-118.14657, 34.07081], [-118.1452, 34.0713], [-118.14378, 34.07149], [-118.14237, 34.07148], [-118.1405, 34.07142], [-118.13902, 34.07144], [-118.13553, 34.07149], [-118.13073, 34.07155], [-118.12573, 34.07161], [-118.12309, 34.07164], [-118.12118, 34.07167], [-118.11834, 34.0717], [-118.11471, 34.07174], [-118.11133, 34.0718], [-118.10951, 34.07181], [-118.10805, 34.07183], [-118.10626, 34.0719], [-118.10422, 34.07196], [-118.10142, 34.07193], [-118.09968, 34.07194], [-118.09679, 34.07196], [-118.092, 34.07202], [-118.09053, 34.07204], [-118.08805, 34.07206], [-118.08383, 34.07213], [-118.08203, 34.07214], [-118.0806, 34.07216], [-118.07612, 34.07221], [-118.07332, 34.07225], [-118.06879, 34.0723], [-118.06522, 34.07233], [-118.06144, 34.07239], [-118.05807, 34.07243], [-118.05505, 34.07245], [-118.05346, 34.07247], [-118.05167, 34.07249], [-118.04886, 34.07266], [-118.04713, 34.07278], [-118.04575, 34.07303], [-118.04457, 34.07378], [-118.04328, 34.07502], [-118.04134, 34.07685], [-118.0403, 34.07777], [-118.03906, 34.07825], [-118.03769, 34.07809], [-118.03646, 34.07736], [-118.03482, 34.0763], [-118.03203, 34.07444], [-118.03096, 34.07375], [-118.02996, 34.07306], [-118.02891, 34.07235], [-118.02663, 34.07074], [-118.02421, 34.06914], [-118.02274, 34.06815], [-118.02151, 34.06729], [-118.02009, 34.06627], [-118.01896, 34.0655], [-118.01796, 34.0648], [-118.01655, 34.06385], [-118.01547, 34.06309], [-118.0136, 34.0618], [-118.01234, 34.06095], [-118.0109, 34.06006], [-118.00975, 34.05937], [-118.00601, 34.05681], [-118.00429, 34.05562], [-118.00306, 34.05477], [-118.00183, 34.05391], [-118.0008, 34.0532], [-117.99976, 34.05243], [-117.99801, 34.05121], [-117.99674, 34.05034], [-117.99518, 34.04927], [-117.99333, 34.048], [-117.99076, 34.04624], [-117.98815, 34.04444], [-117.98711, 34.04373], [-117.98565, 34.04273], [-117.98097, 34.0395], [-117.97923, 34.03831], [-117.97449, 34.03505], [-117.97102, 34.03267], [-117.96942, 34.03157], [-117.96713, 34.0299], [-117.96563, 34.02871], [-117.9636, 34.02713], [-117.96234, 34.02617], [-117.96114, 34.02522], [-117.95999, 34.02428], [-117.95743, 34.02228], [-117.95588, 34.02105], [-117.95488, 34.02025], [-117.95288, 34.01868], [-117.95146, 34.01755], [-117.94961, 34.01608], [-117.94828, 34.01513], [-117.94704, 34.01437], [-117.94583, 34.01372], [-117.94471, 34.01316], [-117.94291, 34.01239], [-117.94128, 34.01182], [-117.93993, 34.01141], [-117.93853, 34.01105], [-117.9371, 34.01075], [-117.93364, 34.01018], [-117.93167, 34.00986], [-117.92967, 34.00954], [-117.92794, 34.00926], [-117.92646, 34.00902], [-117.92511, 34.00881], [-117.92375, 34.00858], [-117.92168, 34.00825], [-117.92013, 34.008], [-117.91852, 34.00774], [-117.91664, 34.00743], [-117.91473, 34.00713], [-117.91035, 34.00642], [-117.90511, 34.00557], [-117.9038, 34.00536], [-117.90118, 34.00493], [-117.8918, 34.00341], [-117.8879, 34.00278], [-117.88341, 34.00205], [-117.88209, 34.00183], [-117.88059, 34.00167], [-117.87885, 34.00159], [-117.87696, 34.00166], [-117.87525, 34.00186], [-117.87367, 34.00216], [-117.87184, 34.00268], [-117.86977, 34.0035], [-117.86854, 34.00412], [-117.86132, 34.00805], [-117.86017, 34.00867], [-117.85871, 34.00946], [-117.85741, 34.01018], [-117.85631, 34.01084], [-117.85454, 34.01195], [-117.85275, 34.01317], [-117.85139, 34.01418], [-117.84913, 34.01588], [-117.84757, 34.01687], [-117.84634, 34.01747], [-117.8451, 34.01795], [-117.84373, 34.0184], [-117.8417, 34.01905], [-117.84045, 34.01949], [-117.83872, 34.0204], [-117.83771, 34.02111], [-117.83435, 34.02349], [-117.8325, 34.02479], [-117.82971, 34.02677], [-117.82749, 34.02863], [-117.82655, 34.02964], [-117.82508, 34.03152], [-117.82418, 34.03273], [-117.82282, 34.03392], [-117.82166, 34.03463], [-117.81977, 34.03544], [-117.81781, 34.03618], [-117.81634, 34.03689], [-117.81517, 34.0377], [-117.81418, 34.03858], [-117.81282, 34.03992], [-117.81163, 34.04113], [-117.81043, 34.04236], [-117.80955, 34.04326], [-117.80866, 34.04414], [-117.80685, 34.04601], [-117.80548, 34.04738], [-117.80398, 34.0489], [-117.80179, 34.05114], [-117.80001, 34.05294], [-117.79852, 34.0541], [-117.79713, 34.05485], [-117.79575, 34.05535], [-117.7942, 34.0557], [-117.79079, 34.05613], [-117.78928, 34.05631], [-117.78351, 34.05703], [-117.78122, 34.05731], [-117.77896, 34.05759], [-117.77753, 34.05777], [-117.77583, 34.05799], [-117.77452, 34.05814], [-117.77317, 34.05827], [-117.77161, 34.05838], [-117.7687, 34.05849], [-117.76657, 34.05857], [-117.76395, 34.05864], [-117.76264, 34.05867], [-117.75909, 34.05876], [-117.75617, 34.05883], [-117.75467, 34.05887], [-117.75248, 34.05893], [-117.75048, 34.05897], [-117.75, 34.06], [-117.74583, 34.05909], [-117.74164, 34.05919], [-117.73982, 34.05923], [-117.73732, 34.05931], [-117.7359, 34.05934], [-117.73287, 34.05942], [-117.72498, 34.05959], [-117.71949, 34.05974], [-117.70974, 34.05999], [-117.70657, 34.06007], [-117.70511, 34.06011], [-117.70299, 34.06016], [-117.70139, 34.0602], [-117.69985, 34.06024], [-117.69708, 34.06031], [-117.6953, 34.06035], [-117.69239, 34.06042], [-117.69055, 34.06047], [-117.68438, 34.06062], [-117.68111, 34.0607], [-117.66247, 34.06118], [-117.66068, 34.06122], [-117.65901, 34.06126], [-117.65602, 34.06133], [-117.65242, 34.06143], [-117.65067, 34.06147], [-117.6509, 34.0633], [-117.65067, 34.06147], [-117.64855, 34.06151], [-117.64606, 34.06158], [-117.64273, 34.06166], [-117.64136, 34.06171], [-117.63982, 34.06174], [-117.63824, 34.06178], [-117.63676, 34.06181], [-117.63175, 34.06193], [-117.62861, 34.06202], [-117.62456, 34.06212], [-117.61855, 34.06226], [-117.61648, 34.06233], [-117.61442, 34.06238], [-117.61121, 34.06245], [-117.60703, 34.06257], [-117.60521, 34.06261], [-117.60242, 34.06267], [-117.60096, 34.0627], [-117.59373, 34.06289], [-117.59234, 34.06292], [-117.59373, 34.06285], [-117.59779, 34.06272], [-117.5998, 34.06269], [-117.60119, 34.06265], [-117.601, 34.056], [-117.60119, 34.06265], [-117.5998, 34.06269], [-117.59779, 34.06272], [-117.59373, 34.06285], [-117.59139, 34.0629], [-117.59003, 34.06287], [-117.58844, 34.06291], [-117.58685, 34.06295], [-117.58525, 34.06305], [-117.58375, 34.06309], [-117.5814, 34.06315], [-117.57974, 34.06319], [-117.57822, 34.06323], [-117.57606, 34.06328], [-117.57347, 34.06335], [-117.57192, 34.06337], [-117.57007, 34.06342], [-117.56747, 34.06349], [-117.55842, 34.0637], [-117.55199, 34.06388], [-117.54866, 34.06394], [-117.54727, 34.064], [-117.54171, 34.06416], [-117.54032, 34.0642], [-117.53722, 34.06427], [-117.53242, 34.06439], [-117.53025, 34.06444], [-117.52842, 34.06448], [-117.52699, 34.06452], [-117.52469, 34.06458], [-117.52294, 34.06462], [-117.5185, 34.06472], [-117.51517, 34.06481], [-117.51284, 34.06486], [-117.51134, 34.0649], [-117.50941, 34.06494], [-117.50703, 34.065], [-117.50408, 34.06507], [-117.5025, 34.06511], [-117.49775, 34.06521], [-117.49491, 34.06529], [-117.49144, 34.06538], [-117.48853, 34.06545], [-117.48678, 34.06549], [-117.4847, 34.06554], [-117.48185, 34.06561], [-117.47893, 34.06567], [-117.47716, 34.06572], [-117.47441, 34.06578], [-117.47137, 34.06586], [-117.46965, 34.0659], [-117.46737, 34.06595], [-117.46267, 34.06607], [-117.45825, 34.06617], [-117.45397, 34.06627], [-117.44883, 34.0664], [-117.44444, 34.0665], [-117.44195, 34.06656], [-117.44033, 34.0666], [-117.43726, 34.06667], [-117.43588, 34.0667], [-117.41807, 34.06712], [-117.40109, 34.06751], [-117.39785, 34.06755], [-117.39623, 34.06759], [-117.39391, 34.06763], [-117.39218, 34.06759], [-117.38986, 34.06761], [-117.38637, 34.0677], [-117.37476, 34.06791], [-117.3733, 34.0679], [-117.37196, 34.06785], [-117.37048, 34.06782], [-117.36859, 34.06776], [-117.36709, 34.06767], [-117.36574, 34.0676], [-117.3643, 34.06756], [-117.36282, 34.0675], [-117.36125, 34.06751], [-117.35952, 34.06743], [-117.35663, 34.06713], [-117.35493, 34.06709], [-117.3534, 34.06693], [-117.35177, 34.06661], [-117.35037, 34.06643], [-117.34856, 34.06613], [-117.34681, 34.06597], [-117.34536, 34.06603], [-117.34404, 34.06627], [-117.34224, 34.06664], [-117.34091, 34.0669], [-117.33939, 34.06702], [-117.33809, 34.06693], [-117.33673, 34.06677], [-117.33503, 34.06649], [-117.33195, 34.06608], [-117.32997, 34.06579], [-117.32862, 34.06603], [-117.32793, 34.06702], [-117.32761, 34.06849], [-117.32731, 34.06996], [-117.32683, 34.07223], [-117.32649, 34.07331], [-117.32576, 34.07513], [-117.32514, 34.07652], [-117.32428, 34.07848], [-117.32368, 34.07976], [-117.32318, 34.08097], [-117.32237, 34.08292], [-117.32099, 34.08631], [-117.32053, 34.08743], [-117.3197, 34.08957], [-117.31916, 34.09115], [-117.31862, 34.09246], [-117.31806, 34.09382], [-117.31762, 34.09492], [-117.31698, 34.09647], [-117.31655, 34.09752], [-117.31609, 34.0989], [-117.31604, 34.10052], [-117.316, 34.10188], [-117.316, 34.10309], [-117.31534, 34.10411], [-117.31378, 34.10439], [-117.31212, 34.10441], [-117.30941, 34.10442], [-117.30802, 34.10446], [-117.30627, 34.10478], [-117.30488, 34.10451], [-117.30427, 34.10343], [-117.30428, 34.10229], [-117.30378, 34.10123], [-117.30279, 34.10029], [-117.30144, 34.09977], [-117.29994, 34.09973], [-117.29861, 34.09975], [-117.29701, 34.09976], [-117.29477, 34.09976], [-117.2923, 34.09975], [-117.29077, 34.09975], [-117.28709, 34.09977], [-117.288, 34.106], [-117.28709, 34.09977], [-117.28557, 34.09929], [-117.28477, 34.09839], [-117.28377, 34.09531], [-117.28343, 34.09398], [-117.28323, 34.09239], [-117.28305, 34.09099], [-117.28243, 34.08617], [-117.28186, 34.08183], [-117.28159, 34.08075], [-117.281, 34.07967], [-117.28007, 34.07868], [-117.2789, 34.0779], [-117.2752, 34.07634], [-117.27256, 34.07528], [-117.27134, 34.07478], [-117.2699, 34.0742], [-117.26859, 34.07383], [-117.267, 34.07361], [-117.2652, 34.07359], [-117.26218, 34.07359], [-117.26053, 34.07359], [-117.25833, 34.07358], [-117.25609, 34.07357], [-117.25474, 34.07357], [-117.25257, 34.07356], [-117.25033, 34.07355], [-117.24894, 34.07345], [-117.2476, 34.07318], [-117.24627, 34.07274], [-117.24505, 34.07215], [-117.24383, 34.07133], [-117.23939, 34.06822], [-117.23733, 34.06679], [-117.23612, 34.06613], [-117.23455, 34.0658], [-117.22625, 34.06579], [-117.22206, 34.06579], [-117.22076, 34.06575], [-117.21943, 34.06574], [-117.21758, 34.06563], [-117.21604, 34.06542], [-117.21442, 34.06508], [-117.20897, 34.06355], [-117.20604, 34.06273], [-117.20046, 34.06116], [-117.19837, 34.06057], [-117.19642, 34.06002], [-117.19509, 34.05967], [-117.19372, 34.05938], [-117.19207, 34.05916], [-117.19043, 34.05906], [-117.18652, 34.05904], [-117.18472, 34.05904], [-117.18329, 34.05904], [-117.183, 34.056]]}, "properties": {"ftype": "line", "id": "rx-sanber", "name": "RX San Bernardino (LA\u2013Redlands)", "tier": 2, "headway": "10 min"}}, {"type": "Feature", "geometry": {"type": "LineString", "coordinates": [[-118.2365, 34.0556], [-118.23487, 34.05501], [-118.23457, 34.05638], [-118.23429, 34.05749], [-118.23369, 34.05854], [-118.23305, 34.05958], [-118.23241, 34.06064], [-118.23159, 34.06155], [-118.23024, 34.0619], [-118.22887, 34.06203], [-118.22749, 34.06191], [-118.22654, 34.06116], [-118.22617, 34.0597], [-118.22582, 34.05853], [-118.22534, 34.05727], [-118.22408, 34.0565], [-118.22278, 34.05608], [-118.22144, 34.05558], [-118.21993, 34.05563], [-118.21855, 34.05584], [-118.21695, 34.05637], [-118.2157, 34.05677], [-118.21411, 34.05689], [-118.21248, 34.05657], [-118.21068, 34.05579], [-118.20859, 34.05483], [-118.20706, 34.05437], [-118.20556, 34.05444], [-118.20408, 34.05492], [-118.20259, 34.05551], [-118.20106, 34.05583], [-118.19874, 34.05602], [-118.19729, 34.05606], [-118.19501, 34.05598], [-118.19317, 34.05591], [-118.19038, 34.05585], [-118.18895, 34.05581], [-118.18757, 34.05579], [-118.1861, 34.05592], [-118.18463, 34.05622], [-118.18309, 34.05675], [-118.18135, 34.05755], [-118.17988, 34.05822], [-118.17832, 34.05892], [-118.17708, 34.05951], [-118.17476, 34.06064], [-118.17352, 34.06121], [-118.17187, 34.06198], [-118.17053, 34.0625], [-118.16909, 34.06269], [-118.16696, 34.06262], [-118.16516, 34.06257], [-118.16351, 34.06254], [-118.16198, 34.06279], [-118.16082, 34.06328], [-118.15894, 34.06429], [-118.15778, 34.06491], [-118.15453, 34.06664], [-118.15121, 34.06839], [-118.14772, 34.07024], [-118.14657, 34.07081], [-118.1452, 34.0713], [-118.14378, 34.07149], [-118.14237, 34.07148], [-118.1405, 34.07142], [-118.13902, 34.07144], [-118.13553, 34.07149], [-118.13073, 34.07155], [-118.12573, 34.07161], [-118.12309, 34.07164], [-118.12118, 34.07167], [-118.11834, 34.0717], [-118.11471, 34.07174], [-118.11133, 34.0718], [-118.10951, 34.07181], [-118.10805, 34.07183], [-118.10626, 34.0719], [-118.10422, 34.07196], [-118.10142, 34.07193], [-118.09968, 34.07194], [-118.09679, 34.07196], [-118.092, 34.07202], [-118.09053, 34.07204], [-118.08805, 34.07206], [-118.08383, 34.07213], [-118.08203, 34.07214], [-118.0806, 34.07216], [-118.07612, 34.07221], [-118.07332, 34.07225], [-118.06879, 34.0723], [-118.06522, 34.07233], [-118.06144, 34.07239], [-118.05807, 34.07243], [-118.05505, 34.07245], [-118.05346, 34.07247], [-118.05167, 34.07249], [-118.04886, 34.07266], [-118.04713, 34.07278], [-118.04575, 34.07303], [-118.04457, 34.07378], [-118.04328, 34.07502], [-118.04134, 34.07685], [-118.0403, 34.07777], [-118.03906, 34.07825], [-118.03769, 34.07809], [-118.03646, 34.07736], [-118.03482, 34.0763], [-118.03203, 34.07444], [-118.03096, 34.07375], [-118.02996, 34.07306], [-118.02891, 34.07235], [-118.02663, 34.07074], [-118.02421, 34.06914], [-118.02274, 34.06815], [-118.02151, 34.06729], [-118.02009, 34.06627], [-118.01896, 34.0655], [-118.01796, 34.0648], [-118.01655, 34.06385], [-118.01547, 34.06309], [-118.0136, 34.0618], [-118.01234, 34.06095], [-118.0109, 34.06006], [-118.00975, 34.05937], [-118.00601, 34.05681], [-118.00429, 34.05562], [-118.00306, 34.05477], [-118.00183, 34.05391], [-118.0008, 34.0532], [-117.99976, 34.05243], [-117.99801, 34.05121], [-117.99674, 34.05034], [-117.99518, 34.04927], [-117.99333, 34.048], [-117.99076, 34.04624], [-117.98815, 34.04444], [-117.98711, 34.04373], [-117.98565, 34.04273], [-117.98097, 34.0395], [-117.97923, 34.03831], [-117.97449, 34.03505], [-117.97102, 34.03267], [-117.96942, 34.03157], [-117.96713, 34.0299], [-117.96563, 34.02871], [-117.9636, 34.02713], [-117.96234, 34.02617], [-117.96114, 34.02522], [-117.95999, 34.02428], [-117.95743, 34.02228], [-117.95588, 34.02105], [-117.95488, 34.02025], [-117.95288, 34.01868], [-117.95146, 34.01755], [-117.94961, 34.01608], [-117.94828, 34.01513], [-117.94704, 34.01437], [-117.94583, 34.01372], [-117.94471, 34.01316], [-117.94291, 34.01239], [-117.94128, 34.01182], [-117.93993, 34.01141], [-117.93853, 34.01105], [-117.9371, 34.01075], [-117.93364, 34.01018], [-117.93167, 34.00986], [-117.92967, 34.00954], [-117.92794, 34.00926], [-117.92646, 34.00902], [-117.92511, 34.00881], [-117.92375, 34.00858], [-117.92168, 34.00825], [-117.92013, 34.008], [-117.91852, 34.00774], [-117.91664, 34.00743], [-117.91473, 34.00713], [-117.91035, 34.00642], [-117.90511, 34.00557], [-117.9038, 34.00536], [-117.90118, 34.00493], [-117.8918, 34.00341], [-117.8879, 34.00278], [-117.88341, 34.00205], [-117.88209, 34.00183], [-117.88059, 34.00167], [-117.87885, 34.00159], [-117.87696, 34.00166], [-117.87525, 34.00186], [-117.87367, 34.00216], [-117.87184, 34.00268], [-117.86977, 34.0035], [-117.86854, 34.00412], [-117.86132, 34.00805], [-117.86017, 34.00867], [-117.85871, 34.00946], [-117.85741, 34.01018], [-117.85631, 34.01084], [-117.85454, 34.01195], [-117.85275, 34.01317], [-117.85139, 34.01418], [-117.84913, 34.01588], [-117.84757, 34.01687], [-117.84634, 34.01747], [-117.8451, 34.01795], [-117.84373, 34.0184], [-117.8417, 34.01905], [-117.84045, 34.01949], [-117.83872, 34.0204], [-117.83771, 34.02111], [-117.83435, 34.02349], [-117.8325, 34.02479], [-117.82971, 34.02677], [-117.82749, 34.02863], [-117.82655, 34.02964], [-117.82508, 34.03152], [-117.82418, 34.03273], [-117.82282, 34.03392], [-117.82166, 34.03463], [-117.81977, 34.03544], [-117.81781, 34.03618], [-117.81634, 34.03689], [-117.81517, 34.0377], [-117.81418, 34.03858], [-117.81282, 34.03992], [-117.81163, 34.04113], [-117.81043, 34.04236], [-117.80955, 34.04326], [-117.80866, 34.04414], [-117.80685, 34.04601], [-117.80548, 34.04738], [-117.80398, 34.0489], [-117.80179, 34.05114], [-117.80001, 34.05294], [-117.79852, 34.0541], [-117.79713, 34.05485], [-117.79575, 34.05535], [-117.7942, 34.0557], [-117.79079, 34.05613], [-117.78928, 34.05631], [-117.78351, 34.05703], [-117.78122, 34.05731], [-117.77896, 34.05759], [-117.77753, 34.05777], [-117.77583, 34.05799], [-117.77452, 34.05814], [-117.77317, 34.05827], [-117.77161, 34.05838], [-117.7687, 34.05849], [-117.76657, 34.05857], [-117.76395, 34.05864], [-117.76264, 34.05867], [-117.75909, 34.05876], [-117.75617, 34.05883], [-117.75467, 34.05887], [-117.75248, 34.05893], [-117.75048, 34.05897], [-117.75, 34.06], [-117.74583, 34.05909], [-117.74164, 34.05919], [-117.73982, 34.05923], [-117.73732, 34.05931], [-117.7359, 34.05934], [-117.73287, 34.05942], [-117.72498, 34.05959], [-117.71949, 34.05974], [-117.70974, 34.05999], [-117.70657, 34.06007], [-117.70511, 34.06011], [-117.70299, 34.06016], [-117.70139, 34.0602], [-117.69985, 34.06024], [-117.69708, 34.06031], [-117.6953, 34.06035], [-117.69239, 34.06042], [-117.69055, 34.06047], [-117.68438, 34.06062], [-117.68111, 34.0607], [-117.66247, 34.06118], [-117.66068, 34.06122], [-117.65901, 34.06126], [-117.65602, 34.06133], [-117.65242, 34.06143], [-117.65067, 34.06147], [-117.6509, 34.0633], [-117.65067, 34.06147], [-117.64855, 34.06151], [-117.64606, 34.06158], [-117.64273, 34.06166], [-117.64136, 34.06171], [-117.63982, 34.06174], [-117.63824, 34.06178], [-117.63676, 34.06181], [-117.63454, 34.06181], [-117.6364, 34.06176], [-117.63925, 34.0617], [-117.64124, 34.06166], [-117.64259, 34.06157], [-117.64364, 34.06083], [-117.64244, 34.0602], [-117.64107, 34.06007], [-117.63977, 34.05982], [-117.63851, 34.05946], [-117.63674, 34.05887], [-117.63457, 34.05814], [-117.63199, 34.05728], [-117.62896, 34.05627], [-117.62089, 34.05358], [-117.61475, 34.05153], [-117.61261, 34.05082], [-117.61096, 34.05026], [-117.60899, 34.04961], [-117.60568, 34.04851], [-117.60417, 34.04801], [-117.60204, 34.04729], [-117.60021, 34.04669], [-117.5953, 34.04505], [-117.59327, 34.04437], [-117.58459, 34.04147], [-117.58045, 34.04009], [-117.57882, 34.03955], [-117.57704, 34.03895], [-117.57553, 34.03845], [-117.57304, 34.03762], [-117.57054, 34.03679], [-117.56843, 34.03609], [-117.56637, 34.0354], [-117.56316, 34.03433], [-117.56063, 34.03348], [-117.55861, 34.03281], [-117.55681, 34.0322], [-117.55544, 34.03169], [-117.55351, 34.0308], [-117.55096, 34.02958], [-117.54962, 34.02896], [-117.54843, 34.02842], [-117.54429, 34.02643], [-117.54309, 34.02586], [-117.54073, 34.02473], [-117.53754, 34.02319], [-117.52828, 34.01877], [-117.52646, 34.01789], [-117.52476, 34.01707], [-117.52321, 34.01634], [-117.52068, 34.01509], [-117.51806, 34.01376], [-117.51493, 34.01226], [-117.51199, 34.01086], [-117.50994, 34.00988], [-117.50698, 34.00846], [-117.50518, 34.00759], [-117.50236, 34.00628], [-117.50015, 34.00523], [-117.4989, 34.00463], [-117.49762, 34.00402], [-117.49498, 34.00275], [-117.49329, 34.00194], [-117.49188, 34.00126], [-117.48941, 34.00007], [-117.48827, 33.99949], [-117.48719, 33.99882], [-117.48589, 33.99789], [-117.48481, 33.99696], [-117.48385, 33.99601], [-117.48307, 33.99508], [-117.48215, 33.99378], [-117.48138, 33.9924], [-117.48082, 33.99113], [-117.48029, 33.98958], [-117.47976, 33.988], [-117.47907, 33.986], [-117.47811, 33.98317], [-117.47727, 33.9807], [-117.47665, 33.97886], [-117.47624, 33.97765], [-117.47586, 33.97653], [-117.47545, 33.97528], [-117.475, 33.97405], [-117.47446, 33.97305], [-117.47349, 33.97183], [-117.47225, 33.97078], [-117.47083, 33.96994], [-117.46897, 33.96926], [-117.46765, 33.969], [-117.46628, 33.96889], [-117.46457, 33.969], [-117.46238, 33.96941], [-117.45847, 33.97017], [-117.45628, 33.97059], [-117.45474, 33.97088], [-117.45334, 33.97115], [-117.44919, 33.97195], [-117.44674, 33.97242], [-117.44529, 33.97267], [-117.44377, 33.97272], [-117.44234, 33.97252], [-117.44088, 33.97206], [-117.43969, 33.97143], [-117.43744, 33.96963], [-117.43642, 33.96877], [-117.43515, 33.96771], [-117.43418, 33.9669], [-117.43305, 33.96602], [-117.42986, 33.96335], [-117.42868, 33.96237], [-117.42753, 33.96142], [-117.42515, 33.95942], [-117.4242, 33.95863], [-117.42306, 33.9579], [-117.42171, 33.95739], [-117.42024, 33.95718], [-117.41837, 33.95718], [-117.41623, 33.95719], [-117.41461, 33.95719], [-117.41223, 33.95721], [-117.40829, 33.95724], [-117.40544, 33.95725], [-117.40397, 33.95726], [-117.40227, 33.95724], [-117.40096, 33.95724], [-117.39932, 33.95725], [-117.39733, 33.95726], [-117.39573, 33.95728], [-117.39396, 33.95729], [-117.39241, 33.9573], [-117.39083, 33.95729], [-117.38948, 33.95734], [-117.38807, 33.95762], [-117.38682, 33.95818], [-117.38577, 33.95902], [-117.38459, 33.96065], [-117.38382, 33.96171], [-117.38271, 33.96264], [-117.37995, 33.9641], [-117.37877, 33.96471], [-117.37773, 33.96544], [-117.37679, 33.96626], [-117.37557, 33.96756], [-117.3746, 33.9688], [-117.37397, 33.96983], [-117.37288, 33.97128], [-117.37216, 33.9722], [-117.37146, 33.97317], [-117.36924, 33.97646], [-117.36821, 33.97788], [-117.3675, 33.97894], [-117.36606, 33.98108], [-117.3712, 33.9836], [-117.37032, 33.98132], [-117.37103, 33.98029], [-117.36982, 33.97975], [-117.36597, 33.97795], [-117.36467, 33.97735], [-117.36272, 33.9765], [-117.36142, 33.97589], [-117.35977, 33.97563], [-117.35837, 33.97564], [-117.35706, 33.97565], [-117.35535, 33.97567], [-117.35374, 33.97568], [-117.35225, 33.9757], [-117.35068, 33.97571], [-117.34914, 33.97574], [-117.34765, 33.97574], [-117.34621, 33.97572], [-117.34466, 33.97568], [-117.34316, 33.97568], [-117.34186, 33.97572], [-117.34008, 33.97574], [-117.33853, 33.97574], [-117.33714, 33.97574], [-117.33586, 33.97553], [-117.33436, 33.97427], [-117.33337, 33.97344], [-117.33119, 33.97139], [-117.3305, 33.97044], [-117.32925, 33.96889], [-117.32825, 33.96769], [-117.32756, 33.96642], [-117.32684, 33.96522], [-117.32572, 33.9642], [-117.32466, 33.96347], [-117.3227, 33.9625], [-117.32111, 33.96183], [-117.31898, 33.96105], [-117.31735, 33.96066], [-117.31487, 33.96068], [-117.31341, 33.96061], [-117.31203, 33.96012], [-117.31084, 33.95942], [-117.30989, 33.95862], [-117.3088, 33.9579], [-117.30739, 33.95698], [-117.3065, 33.95614], [-117.30518, 33.95446], [-117.30446, 33.95354], [-117.30327, 33.95071], [-117.30251, 33.94922], [-117.30127, 33.94795], [-117.30017, 33.94731], [-117.29904, 33.94673], [-117.29751, 33.94606], [-117.29557, 33.94525], [-117.29419, 33.94469], [-117.29236, 33.94419], [-117.2907, 33.94399], [-117.28909, 33.94401], [-117.28747, 33.94398], [-117.2792, 33.94259], [-117.27705, 33.94216], [-117.27505, 33.94183], [-117.27351, 33.94157], [-117.2717, 33.94125], [-117.26961, 33.9409], [-117.26807, 33.9407], [-117.26658, 33.94065], [-117.26436, 33.94065], [-117.26196, 33.9407], [-117.25625, 33.9408], [-117.25435, 33.94082], [-117.25278, 33.94084], [-117.25015, 33.94088], [-117.24778, 33.94092], [-117.24403, 33.94097], [-117.23939, 33.941], [-117.23764, 33.941], [-117.23417, 33.941], [-117.23279, 33.94091], [-117.23135, 33.94058], [-117.22947, 33.94002], [-117.23135, 33.94058], [-117.23279, 33.94091], [-117.23143, 33.9407], [-117.22835, 33.93998], [-117.22675, 33.93969], [-117.22512, 33.93944], [-117.2234, 33.93925], [-117.22208, 33.93916], [-117.21787, 33.93912], [-117.21588, 33.93912], [-117.20897, 33.9391], [-117.20367, 33.93912], [-117.19947, 33.93912], [-117.19632, 33.93914], [-117.19466, 33.93913], [-117.19185, 33.93913], [-117.18921, 33.93913], [-117.1869, 33.93914], [-117.18266, 33.93916], [-117.18008, 33.93915], [-117.17708, 33.93916], [-117.1746, 33.93914], [-117.16955, 33.93916], [-117.16517, 33.93917], [-117.16, 33.93917], [-117.15712, 33.93917], [-117.15434, 33.93919], [-117.14227, 33.93919], [-117.14048, 33.93919], [-117.13872, 33.93918], [-117.13739, 33.93907], [-117.13589, 33.93876], [-117.13455, 33.9384], [-117.13278, 33.9381], [-117.13038, 33.93806], [-117.1259, 33.93801], [-117.12396, 33.93774], [-117.12269, 33.93728], [-117.1209, 33.93659], [-117.1193, 33.93622], [-117.11771, 33.93605], [-117.11516, 33.93603], [-117.11358, 33.93581], [-117.11185, 33.93526], [-117.11057, 33.93509], [-117.10896, 33.9352], [-117.10763, 33.93553], [-117.10578, 33.93647], [-117.10406, 33.93693], [-117.10271, 33.93693], [-117.10141, 33.93684], [-117.09999, 33.93701], [-117.09585, 33.93896], [-117.09436, 33.93955], [-117.09304, 33.93993], [-117.0914, 33.94064], [-117.09036, 33.94131], [-117.08696, 33.94254], [-117.08571, 33.94294], [-117.0844, 33.94314], [-117.08238, 33.94317], [-117.08062, 33.94336], [-117.07926, 33.9436], [-117.07752, 33.94352], [-117.07598, 33.94328], [-117.07454, 33.94323], [-117.07323, 33.94346], [-117.07199, 33.94394], [-117.07091, 33.94463], [-117.06973, 33.94544], [-117.06814, 33.94598], [-117.06253, 33.94703], [-117.06081, 33.94705], [-117.05931, 33.9467], [-117.05739, 33.94586], [-117.05274, 33.94325], [-117.05091, 33.94237], [-117.04882, 33.94162], [-117.0454, 33.94035], [-117.04212, 33.93915], [-117.04056, 33.93834], [-117.0396, 33.93748], [-117.03855, 33.93646], [-117.03672, 33.9353], [-117.03514, 33.93462], [-117.03342, 33.93394], [-117.03186, 33.93331], [-117.03018, 33.93284], [-117.02842, 33.93267], [-117.02546, 33.93263], [-117.02371, 33.93278], [-117.02115, 33.93331], [-117.01944, 33.93359], [-117.01332, 33.93353], [-117.00961, 33.93349], [-117.0082, 33.93348], [-117.00426, 33.93346], [-116.9989, 33.9333], [-116.99454, 33.93313], [-116.99319, 33.93308], [-116.99163, 33.93298], [-116.99032, 33.93276], [-116.98821, 33.93213], [-116.98697, 33.93156], [-116.98596, 33.93084], [-116.98448, 33.92952], [-116.98336, 33.92855], [-116.98193, 33.92773], [-116.9805, 33.92723], [-116.97911, 33.92693], [-116.97487, 33.9269], [-116.97326, 33.92696], [-116.97111, 33.92708], [-116.96949, 33.92721], [-116.96743, 33.92723], [-116.96583, 33.92719], [-116.96028, 33.92706], [-116.95234, 33.92692], [-116.94701, 33.9268], [-116.94069, 33.92654], [-116.93679, 33.92641], [-116.921, 33.9258], [-116.91871, 33.9256], [-116.91728, 33.92536], [-116.91195, 33.92452], [-116.91017, 33.92425], [-116.90626, 33.92416], [-116.90392, 33.92419], [-116.90202, 33.92418], [-116.89811, 33.92415], [-116.89665, 33.92414], [-116.88982, 33.92414], [-116.88562, 33.92379], [-116.88544, 33.92495], [-116.88422, 33.92541], [-116.88261, 33.92541], [-116.88115, 33.92542], [-116.87943, 33.92543], [-116.87782, 33.92543], [-116.87594, 33.92543], [-116.87458, 33.92543], [-116.87311, 33.92543], [-116.87103, 33.92543], [-116.86945, 33.92542], [-116.86808, 33.92536], [-116.86672, 33.92539], [-116.8648, 33.92537], [-116.86264, 33.92536], [-116.86098, 33.92535], [-116.85923, 33.92533], [-116.85705, 33.92533], [-116.85544, 33.92568], [-116.85418, 33.92612], [-116.85284, 33.92663], [-116.85148, 33.92657], [-116.84915, 33.92698], [-116.84732, 33.92741], [-116.8457, 33.92793], [-116.84296, 33.92859], [-116.84147, 33.92895], [-116.83843, 33.92968], [-116.83394, 33.93071], [-116.83185, 33.93114], [-116.83031, 33.93135], [-116.82889, 33.93143], [-116.82714, 33.93138], [-116.82545, 33.93131], [-116.8239, 33.93104], [-116.822, 33.93058], [-116.82043, 33.93022], [-116.81894, 33.92958], [-116.81204, 33.92442], [-116.81054, 33.92331], [-116.8094, 33.92258], [-116.80806, 33.92187], [-116.80683, 33.92132], [-116.80233, 33.91949], [-116.80046, 33.91899], [-116.79891, 33.91873], [-116.79686, 33.91861], [-116.78935, 33.91862], [-116.78209, 33.9186], [-116.77694, 33.91861], [-116.77237, 33.91862], [-116.77032, 33.9188], [-116.76405, 33.91978], [-116.76191, 33.92012], [-116.76036, 33.92034], [-116.75846, 33.92054], [-116.75657, 33.92067], [-116.74838, 33.92122], [-116.74667, 33.92146], [-116.74517, 33.92191], [-116.73907, 33.92424], [-116.73783, 33.92456], [-116.73628, 33.92469], [-116.73283, 33.92421], [-116.73053, 33.92383], [-116.72338, 33.92262], [-116.71878, 33.92186], [-116.71456, 33.92114], [-116.71295, 33.92097], [-116.7112, 33.92091], [-116.70914, 33.92102], [-116.70675, 33.9214], [-116.7033, 33.92236], [-116.69716, 33.92419], [-116.69586, 33.92446], [-116.69451, 33.9245], [-116.68806, 33.92339], [-116.68466, 33.9228], [-116.68285, 33.92251], [-116.68133, 33.92228], [-116.67949, 33.92209], [-116.67788, 33.92157], [-116.67666, 33.92077], [-116.67408, 33.91801], [-116.67297, 33.91682], [-116.67152, 33.91563], [-116.66994, 33.91477], [-116.66816, 33.91418], [-116.66612, 33.91377], [-116.66443, 33.91346], [-116.66259, 33.91311], [-116.66127, 33.91274], [-116.65997, 33.91225], [-116.65861, 33.91157], [-116.6575, 33.91084], [-116.65397, 33.90822], [-116.65199, 33.90674], [-116.65074, 33.90593], [-116.64952, 33.90531], [-116.64708, 33.90438], [-116.64379, 33.90319], [-116.63842, 33.90127], [-116.63625, 33.90048], [-116.63288, 33.89943], [-116.6314, 33.89894], [-116.62937, 33.89829], [-116.6279, 33.89809], [-116.62603, 33.89858], [-116.62447, 33.89886], [-116.62277, 33.89871], [-116.62136, 33.89815], [-116.6202, 33.89726], [-116.61915, 33.89647], [-116.61679, 33.89509], [-116.61564, 33.89441], [-116.61144, 33.89193], [-116.60939, 33.89072], [-116.60763, 33.88967], [-116.60625, 33.88887], [-116.59751, 33.88372], [-116.59346, 33.88132], [-116.59167, 33.8803], [-116.59036, 33.87957], [-116.58932, 33.87877], [-116.58777, 33.8776], [-116.58668, 33.8768], [-116.58497, 33.87555], [-116.5833, 33.87432], [-116.57789, 33.87032], [-116.57659, 33.86937], [-116.57527, 33.86845], [-116.57316, 33.8673], [-116.57101, 33.86621], [-116.56268, 33.86195], [-116.56142, 33.86131], [-116.5601, 33.86064], [-116.559, 33.85988], [-116.558, 33.85885], [-116.55697, 33.85789], [-116.55539, 33.85621], [-116.55384, 33.85455], [-116.55247, 33.85314], [-116.55153, 33.85216], [-116.55071, 33.8513], [-116.54978, 33.85029], [-116.5489, 33.84936], [-116.54807, 33.8485], [-116.5473, 33.84761], [-116.54685, 33.84653], [-116.54676, 33.84538], [-116.54677, 33.84397], [-116.54677, 33.84204], [-116.54677, 33.84087], [-116.54677, 33.83976], [-116.54677, 33.83846], [-116.54678, 33.83727], [-116.54677, 33.83617], [-116.54678, 33.83437], [-116.54678, 33.83303], [-116.5468, 33.83191], [-116.5468, 33.83039], [-116.545, 33.83], [-116.54559, 33.82846], [-116.54558, 33.82725], [-116.54557, 33.8256], [-116.54557, 33.82428], [-116.54557, 33.8231], [-116.54556, 33.82197], [-116.54556, 33.82075], [-116.54555, 33.81966], [-116.54555, 33.81833], [-116.54556, 33.81703], [-116.54556, 33.81585], [-116.54558, 33.81466], [-116.54527, 33.81353], [-116.54474, 33.81245], [-116.54456, 33.81115], [-116.54478, 33.81004], [-116.54544, 33.809], [-116.54563, 33.80765], [-116.54563, 33.8062], [-116.54564, 33.80509], [-116.54564, 33.80398], [-116.5456, 33.80286], [-116.54495, 33.8019], [-116.54362, 33.80134], [-116.54152, 33.80134], [-116.54005, 33.80135], [-116.5386, 33.80135], [-116.5371, 33.80136], [-116.53576, 33.80136], [-116.53427, 33.80136], [-116.53241, 33.80138], [-116.53095, 33.80139], [-116.52917, 33.80139], [-116.52732, 33.80139], [-116.52593, 33.80139], [-116.52448, 33.80138], [-116.523, 33.80133], [-116.5216, 33.80132], [-116.51998, 33.80132], [-116.51836, 33.80137], [-116.51665, 33.80137], [-116.51534, 33.80115], [-116.51411, 33.80063], [-116.51235, 33.79906], [-116.5114, 33.79819], [-116.51011, 33.79734], [-116.50793, 33.79664], [-116.50481, 33.7958], [-116.50245, 33.79518], [-116.50097, 33.79479], [-116.49947, 33.79442], [-116.49764, 33.79397], [-116.49628, 33.79363], [-116.49448, 33.79317], [-116.49261, 33.79266], [-116.48927, 33.79179], [-116.48803, 33.79143], [-116.48666, 33.7909], [-116.48545, 33.79039], [-116.48414, 33.78961], [-116.48252, 33.78848], [-116.48136, 33.78782], [-116.48024, 33.78717], [-116.47894, 33.78643], [-116.47757, 33.78563], [-116.47641, 33.78496], [-116.47505, 33.78416], [-116.47381, 33.78349], [-116.47169, 33.78236], [-116.47043, 33.78167], [-116.46908, 33.78118], [-116.46682, 33.78055], [-116.4649, 33.78003], [-116.46281, 33.77943], [-116.46043, 33.77877], [-116.45916, 33.7784], [-116.45794, 33.77798], [-116.45644, 33.77731], [-116.4551, 33.77682], [-116.45377, 33.77656], [-116.45199, 33.77624], [-116.45075, 33.7756], [-116.44953, 33.77479], [-116.44847, 33.77398], [-116.44745, 33.77251], [-116.44703, 33.77144], [-116.44648, 33.76971], [-116.44572, 33.76808], [-116.44508, 33.76702], [-116.44391, 33.76516], [-116.44319, 33.76402], [-116.44247, 33.76285], [-116.44156, 33.76175], [-116.43968, 33.76031], [-116.43835, 33.75939], [-116.43644, 33.75812], [-116.43514, 33.75722], [-116.43316, 33.75582], [-116.4319, 33.75476], [-116.43045, 33.75331], [-116.42936, 33.75226], [-116.42833, 33.75126], [-116.42716, 33.75065], [-116.42563, 33.75008], [-116.42422, 33.74943], [-116.42275, 33.74851], [-116.42098, 33.74751], [-116.41978, 33.74692], [-116.41839, 33.74627], [-116.41682, 33.74552], [-116.41549, 33.74471], [-116.41429, 33.74338], [-116.41346, 33.74246], [-116.41258, 33.74146], [-116.41128, 33.73996], [-116.41039, 33.73888], [-116.40934, 33.73746], [-116.40818, 33.73586], [-116.40713, 33.73442], [-116.40645, 33.73345], [-116.40578, 33.73249], [-116.40499, 33.73143], [-116.40401, 33.73005], [-116.40317, 33.72884], [-116.4018, 33.72691], [-116.4007, 33.72542], [-116.39968, 33.72437], [-116.39869, 33.72329], [-116.39754, 33.72249], [-116.39626, 33.72196], [-116.39486, 33.72167], [-116.39347, 33.72159], [-116.39217, 33.72154], [-116.39045, 33.7215], [-116.38768, 33.72147], [-116.38594, 33.72145], [-116.38399, 33.72143], [-116.38267, 33.72143], [-116.38006, 33.7214], [-116.37729, 33.72137], [-116.37597, 33.72136], [-116.37443, 33.72134], [-116.375, 33.72], [-116.37443, 33.72134], [-116.37099, 33.72137], [-116.36868, 33.72136], [-116.36652, 33.72138], [-116.36521, 33.7214], [-116.36245, 33.72141], [-116.36095, 33.72141], [-116.35907, 33.72142], [-116.35765, 33.72143], [-116.35625, 33.72144], [-116.35212, 33.72146], [-116.34772, 33.72149], [-116.34331, 33.72151], [-116.3391, 33.72154], [-116.33753, 33.72155], [-116.33027, 33.72158], [-116.3268, 33.7216], [-116.32528, 33.72161], [-116.32382, 33.72158], [-116.31786, 33.72106], [-116.3149, 33.7208], [-116.31363, 33.72057], [-116.31218, 33.72006], [-116.30976, 33.71886], [-116.30849, 33.71826], [-116.30699, 33.71767], [-116.30578, 33.71729], [-116.30399, 33.71686], [-116.30258, 33.71663], [-116.30062, 33.71641], [-116.29922, 33.71627], [-116.29788, 33.71611], [-116.29656, 33.7159], [-116.29516, 33.71536], [-116.29356, 33.71429], [-116.29187, 33.71267], [-116.2909, 33.71172], [-116.28957, 33.71041], [-116.28859, 33.70957], [-116.28749, 33.70893], [-116.28625, 33.70843], [-116.28482, 33.7081], [-116.28352, 33.70794], [-116.2819, 33.70774], [-116.28021, 33.70757], [-116.2787, 33.70747], [-116.27727, 33.70746], [-116.27587, 33.70746], [-116.27341, 33.70745], [-116.27207, 33.70745], [-116.27018, 33.70744], [-116.26885, 33.70744], [-116.26686, 33.70744], [-116.2648, 33.70744], [-116.2631, 33.70744], [-116.26026, 33.70744], [-116.25895, 33.70744], [-116.25584, 33.70743], [-116.25368, 33.70741], [-116.25237, 33.70741], [-116.25056, 33.70741], [-116.24917, 33.70736], [-116.24768, 33.70736], [-116.24546, 33.70737], [-116.24413, 33.70738], [-116.24271, 33.70757], [-116.24142, 33.70809], [-116.24041, 33.70884], [-116.23956, 33.70976], [-116.23864, 33.71077], [-116.23769, 33.71181], [-116.23686, 33.7127], [-116.23588, 33.71352], [-116.23461, 33.71414], [-116.23335, 33.71452], [-116.23191, 33.71473], [-116.23054, 33.71476], [-116.22883, 33.71477], [-116.22734, 33.71479], [-116.22586, 33.7148], [-116.22441, 33.7148], [-116.22303, 33.71481], [-116.22163, 33.71482], [-116.21921, 33.71483], [-116.21766, 33.71485], [-116.21633, 33.71485], [-116.21492, 33.71485], [-116.21353, 33.7149], [-116.21183, 33.71489], [-116.21047, 33.71491], [-116.20914, 33.7149], [-116.20771, 33.71489], [-116.20856, 33.71599], [-116.2103, 33.71693], [-116.2116, 33.71764], [-116.21305, 33.71843], [-116.21415, 33.71902], [-116.21528, 33.71971], [-116.215, 33.72]]}, "properties": {"ftype": "line", "id": "rx-coachella", "name": "RX Coachella (LA\u2013Indio)", "tier": 2, "headway": "15 min"}}, {"type": "Feature", "geometry": {"type": "LineString", "coordinates": [[-118.2365, 34.0556], [-118.23487, 34.05501], [-118.23457, 34.05638], [-118.23429, 34.05749], [-118.23369, 34.05854], [-118.23305, 34.05958], [-118.23241, 34.06064], [-118.23159, 34.06155], [-118.23024, 34.0619], [-118.22887, 34.06203], [-118.22749, 34.06191], [-118.22654, 34.06116], [-118.22597, 34.05804], [-118.22581, 34.05687], [-118.22592, 34.05578], [-118.22652, 34.05479], [-118.22761, 34.05356], [-118.22829, 34.05259], [-118.2287, 34.05113], [-118.22911, 34.04954], [-118.22935, 34.04828], [-118.22934, 34.04717], [-118.22906, 34.04602], [-118.22838, 34.043], [-118.22761, 34.03955], [-118.22734, 34.0384], [-118.22674, 34.03573], [-118.22647, 34.03449], [-118.22571, 34.03116], [-118.22542, 34.02983], [-118.22479, 34.02701], [-118.22459, 34.02581], [-118.22417, 34.02396], [-118.22373, 34.02285], [-118.22295, 34.02181], [-118.22156, 34.02055], [-118.22056, 34.01963], [-118.21938, 34.019], [-118.21666, 34.01858], [-118.21526, 34.01824], [-118.21359, 34.0176], [-118.21143, 34.01679], [-118.2102, 34.01632], [-118.20852, 34.0156], [-118.20726, 34.01507], [-118.20627, 34.01423], [-118.20551, 34.0133], [-118.20502, 34.01228], [-118.2048, 34.01116], [-118.20476, 34.00975], [-118.20474, 34.0086], [-118.20471, 34.0072], [-118.20466, 34.00533], [-118.20462, 34.00341], [-118.20459, 34.00178], [-118.20456, 34.00049], [-118.20449, 33.99667], [-118.20439, 33.99218], [-118.20435, 33.99038], [-118.20432, 33.98907], [-118.20424, 33.98571], [-118.20419, 33.98334], [-118.20411, 33.97985], [-118.20402, 33.97667], [-118.20387, 33.97539], [-118.20362, 33.97414], [-118.20323, 33.97287], [-118.2028, 33.97182], [-118.20225, 33.97076], [-118.20159, 33.96969], [-118.20082, 33.96866], [-118.19982, 33.96755], [-118.19883, 33.9666], [-118.19775, 33.96571], [-118.19516, 33.96365], [-118.19407, 33.96279], [-118.19259, 33.96161], [-118.19053, 33.95996], [-118.1894, 33.95907], [-118.18716, 33.95728], [-118.18599, 33.95635], [-118.18483, 33.95542], [-118.18347, 33.95529], [-118.18019, 33.95496], [-118.17881, 33.95482], [-118.17741, 33.95468], [-118.17561, 33.95451], [-118.17427, 33.95441], [-118.17243, 33.95424], [-118.17093, 33.95409], [-118.16945, 33.95391], [-118.16706, 33.95363], [-118.16539, 33.9534], [-118.16408, 33.95317], [-118.16241, 33.95282], [-118.16051, 33.95233], [-118.15902, 33.95188], [-118.15756, 33.95138], [-118.15623, 33.95087], [-118.15481, 33.95028], [-118.15309, 33.94947], [-118.15193, 33.94886], [-118.14914, 33.94736], [-118.14291, 33.944], [-118.13884, 33.94179], [-118.13725, 33.94094], [-118.13394, 33.93916], [-118.13216, 33.9382], [-118.13041, 33.93726], [-118.12856, 33.93626], [-118.12638, 33.93509], [-118.12506, 33.93437], [-118.12218, 33.93282], [-118.1167, 33.92987], [-118.11438, 33.92863], [-118.11231, 33.9275], [-118.11007, 33.9263], [-118.10735, 33.92484], [-118.105, 33.92357], [-118.1038, 33.92292], [-118.09942, 33.92055], [-118.0982, 33.9199], [-118.09557, 33.91848], [-118.09358, 33.91741], [-118.09054, 33.91577], [-118.08198, 33.91115], [-118.08084, 33.91052], [-118.08198, 33.91115], [-118.09054, 33.91577], [-118.09256, 33.91686], [-118.09544, 33.91841], [-118.09625, 33.91927], [-118.09593, 33.92048], [-118.09495, 33.92193], [-118.09355, 33.92422], [-118.09285, 33.92527], [-118.09191, 33.9263], [-118.09099, 33.92717], [-118.08962, 33.92847], [-118.08868, 33.92936], [-118.08603, 33.93188], [-118.08449, 33.93344], [-118.08265, 33.93515], [-118.08179, 33.93599], [-118.08105, 33.93692], [-118.08059, 33.93793], [-118.07959, 33.94103], [-118.07923, 33.94214], [-118.07887, 33.94334], [-118.07853, 33.9444], [-118.0781, 33.9457], [-118.0772, 33.94842], [-118.07684, 33.94971], [-118.07666, 33.95086], [-118.07661, 33.95208], [-118.07657, 33.95878], [-118.07678, 33.95992], [-118.07768, 33.96077], [-118.08205, 33.96164], [-118.08052, 33.96147], [-118.07872, 33.96116], [-118.07738, 33.96087], [-118.07571, 33.96057], [-118.07361, 33.96021], [-118.07265, 33.95929], [-118.07146, 33.95815], [-118.07055, 33.9573], [-118.06911, 33.95593], [-118.06723, 33.95413], [-118.06605, 33.95301], [-118.0649, 33.95194], [-118.06357, 33.95065], [-118.06275, 33.94967], [-118.06211, 33.94862], [-118.06161, 33.94727], [-118.06143, 33.94615], [-118.06138, 33.94276], [-118.06138, 33.94162], [-118.06137, 33.93961], [-118.06131, 33.93733], [-118.06125, 33.93558], [-118.06124, 33.93421], [-118.06123, 33.93182], [-118.06122, 33.93026], [-118.06121, 33.92798], [-118.06121, 33.92671], [-118.0612, 33.92511], [-118.06119, 33.92373], [-118.06118, 33.9219], [-118.06117, 33.92056], [-118.06108, 33.91936], [-118.06083, 33.91822], [-118.06029, 33.9169], [-118.05965, 33.91585], [-118.05883, 33.91485], [-118.05784, 33.91396], [-118.05643, 33.91301], [-118.05492, 33.91217], [-118.05113, 33.91002], [-118.04703, 33.90771], [-118.04535, 33.90676], [-118.04375, 33.90587], [-118.04186, 33.90479], [-118.02943, 33.89778], [-118.02342, 33.8944], [-118.02203, 33.8936], [-118.01798, 33.89132], [-118.01609, 33.89024], [-118.01295, 33.88846], [-118.00959, 33.88659], [-118.00815, 33.88577], [-118.00208, 33.88235], [-118.00009, 33.88123], [-117.9988, 33.8805], [-117.99546, 33.8786], [-117.99414, 33.87786], [-117.99293, 33.87726], [-117.9915, 33.87672], [-117.99021, 33.87638], [-117.98891, 33.87612], [-117.98682, 33.87575], [-117.98473, 33.87535], [-117.98042, 33.87457], [-117.97601, 33.87376], [-117.97248, 33.87312], [-117.96842, 33.87239], [-117.96592, 33.87192], [-117.95574, 33.87008], [-117.95439, 33.86984], [-117.9526, 33.86949], [-117.95039, 33.86915], [-117.94903, 33.86889], [-117.9472, 33.86861], [-117.94463, 33.86844], [-117.94214, 33.86846], [-117.93717, 33.86853], [-117.93199, 33.8686], [-117.93005, 33.86862], [-117.92857, 33.86864], [-117.9263, 33.86863], [-117.925, 33.87], [-117.92515, 33.86865], [-117.92731, 33.86863], [-117.92888, 33.86864], [-117.92698, 33.86858], [-117.92517, 33.8686], [-117.92378, 33.86862], [-117.922, 33.86865], [-117.92004, 33.86867], [-117.91853, 33.86866], [-117.9169, 33.86863], [-117.91555, 33.86841], [-117.91425, 33.86791], [-117.91319, 33.86721], [-117.91231, 33.86634], [-117.91171, 33.86537], [-117.91133, 33.86416], [-117.91125, 33.86267], [-117.91123, 33.86129], [-117.9112, 33.85976], [-117.91117, 33.8582], [-117.91115, 33.85705], [-117.91112, 33.85528], [-117.91109, 33.85354], [-117.911, 33.85211], [-117.91082, 33.8509], [-117.9105, 33.84959], [-117.91005, 33.84823], [-117.90919, 33.84562], [-117.90875, 33.8443], [-117.90833, 33.84301], [-117.90786, 33.8416], [-117.90678, 33.83833], [-117.90643, 33.83726], [-117.90572, 33.8351], [-117.90513, 33.83334], [-117.9043, 33.83083], [-117.90355, 33.82856], [-117.90237, 33.82497], [-117.90175, 33.82308], [-117.90125, 33.82155], [-117.90083, 33.82039], [-117.90025, 33.81873], [-117.89988, 33.81765], [-117.89913, 33.81541], [-117.89859, 33.81416], [-117.89805, 33.81315], [-117.89733, 33.81205], [-117.89651, 33.81101], [-117.89554, 33.80996], [-117.8946, 33.80911], [-117.89324, 33.80806], [-117.8919, 33.80721], [-117.89067, 33.80655], [-117.8893, 33.80594], [-117.88769, 33.80537], [-117.88589, 33.80474], [-117.88461, 33.80436], [-117.88147, 33.80345], [-117.88005, 33.80304], [-117.87869, 33.80267], [-117.87707, 33.80221], [-117.87417, 33.80138], [-117.87153, 33.80063], [-117.86799, 33.79961], [-117.86662, 33.79921], [-117.86506, 33.79876], [-117.86188, 33.79784], [-117.85997, 33.79729], [-117.85871, 33.79684], [-117.8578, 33.79597], [-117.85751, 33.79486], [-117.85749, 33.79318], [-117.8575, 33.79159], [-117.85751, 33.78989], [-117.85752, 33.78831], [-117.85751, 33.78607], [-117.8575, 33.78424], [-117.85748, 33.7831], [-117.85748, 33.78172], [-117.8575, 33.78057], [-117.85751, 33.77866], [-117.85742, 33.77729], [-117.85706, 33.77609], [-117.85646, 33.77494], [-117.85599, 33.77383], [-117.8559, 33.77232], [-117.85591, 33.76951], [-117.85592, 33.76782], [-117.85591, 33.76649], [-117.85591, 33.76506], [-117.85594, 33.76217], [-117.85599, 33.76002], [-117.85602, 33.75858], [-117.85604, 33.75722], [-117.85604, 33.75564], [-117.85603, 33.75328], [-117.85599, 33.75177], [-117.85598, 33.7502], [-117.868, 33.75], [-117.85598, 33.7502], [-117.85588, 33.74908], [-117.85557, 33.74799], [-117.85495, 33.7461], [-117.85433, 33.74414], [-117.85384, 33.74258], [-117.85333, 33.7415], [-117.85261, 33.74059], [-117.85149, 33.73969], [-117.85026, 33.73884], [-117.84499, 33.73517], [-117.84305, 33.73382], [-117.84141, 33.73268], [-117.83368, 33.72731], [-117.8327, 33.72658], [-117.83138, 33.72565], [-117.82883, 33.72388], [-117.83014, 33.7241], [-117.83137, 33.72317], [-117.83399, 33.72053], [-117.83492, 33.71959], [-117.83636, 33.71811], [-117.83816, 33.71631], [-117.84087, 33.71356], [-117.84288, 33.71155], [-117.84375, 33.71072], [-117.84645, 33.70797], [-117.84729, 33.70711], [-117.84734, 33.70599], [-117.84491, 33.70424], [-117.84261, 33.70265], [-117.83995, 33.70079], [-117.83829, 33.69964], [-117.83721, 33.69881], [-117.83716, 33.69761], [-117.83831, 33.69644], [-117.8404, 33.69434], [-117.84189, 33.69284], [-117.84308, 33.69165], [-117.84522, 33.68952], [-117.84551, 33.68844], [-117.868, 33.676], [-117.86313, 33.67352], [-117.86371, 33.67255], [-117.86416, 33.67112], [-117.86445, 33.66988], [-117.86444, 33.66869], [-117.86422, 33.66715], [-117.86399, 33.66578], [-117.86373, 33.66422], [-117.86352, 33.66307], [-117.86331, 33.66186], [-117.86312, 33.66076], [-117.86289, 33.65925], [-117.86265, 33.65792], [-117.86242, 33.65652], [-117.86198, 33.65525], [-117.86137, 33.65417], [-117.86066, 33.6529], [-117.86007, 33.65165], [-117.85977, 33.65053], [-117.85972, 33.64925], [-117.85895, 33.64835], [-117.85862, 33.64961], [-117.85775, 33.65051], [-117.85575, 33.65067], [-117.85364, 33.65083], [-117.85185, 33.65107], [-117.85027, 33.65149], [-117.8488, 33.65208], [-117.84751, 33.65278], [-117.84642, 33.65356], [-117.8455, 33.65438], [-117.84418, 33.65559], [-117.84312, 33.65657], [-117.842, 33.65723], [-117.84067, 33.65762], [-117.83895, 33.65768], [-117.83162, 33.65751], [-117.82801, 33.65743], [-117.8265, 33.65724], [-117.82451, 33.65719], [-117.82234, 33.65714], [-117.8207, 33.65732], [-117.81937, 33.65774], [-117.81805, 33.65831], [-117.81671, 33.65859], [-117.81532, 33.65846], [-117.81409, 33.658], [-117.81268, 33.65747], [-117.81125, 33.65739], [-117.80991, 33.65772], [-117.80858, 33.65815], [-117.80728, 33.65834], [-117.80548, 33.65821], [-117.80409, 33.65811], [-117.80257, 33.65821], [-117.80092, 33.65859], [-117.79947, 33.65922], [-117.79812, 33.66012], [-117.79714, 33.66104], [-117.79608, 33.66192], [-117.79499, 33.66265], [-117.79328, 33.66279], [-117.79139, 33.66262], [-117.78979, 33.66251], [-117.78835, 33.66229], [-117.78691, 33.66195], [-117.78557, 33.66153], [-117.78438, 33.66105], [-117.78325, 33.66051], [-117.78186, 33.65972], [-117.78002, 33.65867], [-117.77882, 33.65809], [-117.7761, 33.65655], [-117.77475, 33.65577], [-117.77355, 33.65508], [-117.77231, 33.65437], [-117.77101, 33.65375], [-117.76975, 33.65326], [-117.76826, 33.65281], [-117.76659, 33.65246], [-117.76504, 33.65223], [-117.76369, 33.65195], [-117.75989, 33.65137], [-117.75861, 33.65116], [-117.75716, 33.65083], [-117.75573, 33.65041], [-117.75152, 33.64919], [-117.7498, 33.64848], [-117.74856, 33.64781], [-117.74777, 33.64693], [-117.74645, 33.64672], [-117.74569, 33.64555], [-117.74492, 33.64442], [-117.74416, 33.6431], [-117.74337, 33.64182], [-117.74268, 33.64062], [-117.74199, 33.6394], [-117.74124, 33.63814], [-117.74041, 33.63725], [-117.73916, 33.63642], [-117.73797, 33.63583], [-117.73656, 33.63512], [-117.73537, 33.63452], [-117.73306, 33.63334], [-117.73177, 33.63269], [-117.73074, 33.63184], [-117.73019, 33.6308], [-117.73007, 33.6297], [-117.73029, 33.62833], [-117.73057, 33.62653], [-117.73077, 33.62537], [-117.73103, 33.62382], [-117.73139, 33.62169], [-117.73161, 33.62046], [-117.73162, 33.61924], [-117.73136, 33.61789], [-117.73111, 33.61656], [-117.73064, 33.61412], [-117.73013, 33.61289], [-117.72905, 33.61192], [-117.7273, 33.61128], [-117.72606, 33.61076], [-117.72492, 33.60963], [-117.72422, 33.60867], [-117.72233, 33.60717], [-117.7212, 33.60637], [-117.72025, 33.60534], [-117.71966, 33.60409], [-117.71888, 33.60302], [-117.71783, 33.60208], [-117.71699, 33.60105], [-117.7166, 33.59962], [-117.71637, 33.59795], [-117.71621, 33.59682], [-117.71581, 33.59557], [-117.7149, 33.59414], [-117.71415, 33.59301], [-117.71336, 33.59183], [-117.71272, 33.59086], [-117.71199, 33.58976], [-117.7111, 33.58846], [-117.71023, 33.58716], [-117.70949, 33.58605], [-117.70868, 33.58519], [-117.70762, 33.58422], [-117.70667, 33.58338], [-117.70568, 33.5825], [-117.70455, 33.58146], [-117.70381, 33.58042], [-117.70318, 33.57863], [-117.70282, 33.57748], [-117.70249, 33.57642], [-117.70393, 33.57558], [-117.7046, 33.5746], [-117.70458, 33.57342], [-117.70378, 33.57251], [-117.70228, 33.57128], [-117.70062, 33.56996], [-117.69953, 33.56902], [-117.69844, 33.56799], [-117.69686, 33.56645], [-117.69554, 33.56502], [-117.69419, 33.56318], [-117.69306, 33.56168], [-117.69205, 33.5607], [-117.69061, 33.55979], [-117.68938, 33.55931], [-117.68811, 33.55898], [-117.68589, 33.55862], [-117.6841, 33.55825], [-117.68273, 33.55795], [-117.68136, 33.55745], [-117.68003, 33.55691], [-117.67896, 33.55627], [-117.67771, 33.55517], [-117.67679, 33.55389], [-117.67626, 33.55268], [-117.6753, 33.54887], [-117.6748, 33.54689], [-117.67445, 33.54547], [-117.67407, 33.54397], [-117.67364, 33.54227], [-117.67351, 33.54102], [-117.67385, 33.53937], [-117.67436, 33.53739], [-117.6747, 33.53585], [-117.67471, 33.53431], [-117.67465, 33.53307], [-117.67428, 33.53181], [-117.6733, 33.53034], [-117.67226, 33.52945], [-117.67008, 33.52789], [-117.66895, 33.52697], [-117.66815, 33.52604], [-117.66741, 33.52493], [-117.66685, 33.52357], [-117.66567, 33.52081], [-117.66473, 33.51857], [-117.66421, 33.5174], [-117.66221, 33.51266], [-117.66108, 33.51011], [-117.66045, 33.50857], [-117.65952, 33.5064], [-117.65853, 33.50448], [-117.65811, 33.5034], [-117.65891, 33.50233], [-117.65996, 33.50152], [-117.663, 33.501], [-117.66389, 33.50001], [-117.66393, 33.49824], [-117.66402, 33.49625], [-117.66412, 33.49398], [-117.66421, 33.492], [-117.66426, 33.49086], [-117.66464, 33.48966], [-117.6652, 33.48837], [-117.66577, 33.48725], [-117.66688, 33.48641], [-117.66845, 33.48586], [-117.66974, 33.48515], [-117.67075, 33.4842], [-117.67272, 33.48168], [-117.67356, 33.48058], [-117.67571, 33.47772], [-117.67641, 33.47677], [-117.67697, 33.47578], [-117.67751, 33.47434], [-117.6791, 33.46969], [-117.68001, 33.46705], [-117.68037, 33.46598], [-117.68062, 33.46484], [-117.68036, 33.46356], [-117.67949, 33.46248], [-117.67801, 33.46153], [-117.6732, 33.4586], [-117.6685, 33.45575], [-117.66628, 33.4544], [-117.66517, 33.45373], [-117.66359, 33.4529], [-117.66237, 33.45234], [-117.66027, 33.45139], [-117.65888, 33.45074], [-117.65762, 33.4501], [-117.65611, 33.44924], [-117.65466, 33.4483], [-117.65247, 33.44667], [-117.65128, 33.44567], [-117.6489, 33.44367], [-117.64749, 33.44264], [-117.6456, 33.44148], [-117.64369, 33.44033], [-117.64235, 33.43948], [-117.64114, 33.43859], [-117.63522, 33.43387], [-117.63371, 33.43266], [-117.63248, 33.43168], [-117.63117, 33.43057], [-117.63015, 33.42948], [-117.62915, 33.42824], [-117.62826, 33.42713], [-117.62731, 33.42601], [-117.62615, 33.42497], [-117.62515, 33.42426], [-117.62302, 33.42282], [-117.62196, 33.42201], [-117.61, 33.43], [-117.62138, 33.42148], [-117.62049, 33.4205], [-117.61972, 33.41952], [-117.61901, 33.41861], [-117.61821, 33.4176], [-117.61744, 33.41666], [-117.61644, 33.41563], [-117.61282, 33.41222], [-117.61162, 33.41101], [-117.61027, 33.40948], [-117.60862, 33.4076], [-117.60756, 33.40639], [-117.60669, 33.40535], [-117.6042, 33.40228], [-117.60307, 33.40091], [-117.6016, 33.39906], [-117.60067, 33.3977], [-117.60003, 33.3966], [-117.59923, 33.39477], [-117.59783, 33.39125], [-117.59733, 33.3901], [-117.59654, 33.38887], [-117.59567, 33.38791], [-117.59412, 33.38674], [-117.59252, 33.38596], [-117.58775, 33.38413], [-117.58647, 33.38362], [-117.58486, 33.383], [-117.58323, 33.38236], [-117.58165, 33.38178], [-117.58025, 33.3815], [-117.57723, 33.38135], [-117.57571, 33.38127], [-117.57439, 33.38112], [-117.57297, 33.38074], [-117.57147, 33.3801], [-117.56871, 33.37861], [-117.56729, 33.37783], [-117.56563, 33.37692], [-117.56361, 33.37582], [-117.56178, 33.37479], [-117.55934, 33.37347], [-117.55712, 33.37225], [-117.55601, 33.37164], [-117.54976, 33.36825], [-117.54756, 33.367], [-117.54629, 33.36619], [-117.54233, 33.36344], [-117.54013, 33.36191], [-117.53792, 33.36045], [-117.5286, 33.35405], [-117.52758, 33.35329], [-117.52594, 33.35186], [-117.525, 33.35098], [-117.52373, 33.34989], [-117.52271, 33.34915], [-117.52098, 33.34809], [-117.51728, 33.34611], [-117.51592, 33.34528], [-117.49262, 33.32832], [-117.4904, 33.32671], [-117.48893, 33.32546], [-117.48781, 33.32429], [-117.4813, 33.31645], [-117.47994, 33.31502], [-117.47613, 33.31172], [-117.47477, 33.31056], [-117.47315, 33.30923], [-117.46875, 33.30546], [-117.46451, 33.30184], [-117.46356, 33.3009], [-117.46121, 33.29796], [-117.45933, 33.29548], [-117.45783, 33.29357], [-117.45684, 33.29234], [-117.45578, 33.2909], [-117.45484, 33.28962], [-117.44871, 33.28156], [-117.44716, 33.27952], [-117.44628, 33.27849], [-117.4453, 33.27751], [-117.44351, 33.27607], [-117.43958, 33.27318], [-117.43836, 33.27232], [-117.43725, 33.2715], [-117.43578, 33.27028], [-117.4349, 33.2694], [-117.43404, 33.26841], [-117.43287, 33.26693], [-117.42806, 33.26088], [-117.42475, 33.25673], [-117.42357, 33.25522], [-117.42267, 33.25407], [-117.42173, 33.25289], [-117.42079, 33.25163], [-117.41775, 33.24778], [-117.41696, 33.24679], [-117.41341, 33.24231], [-117.41236, 33.24106], [-117.41136, 33.24006], [-117.40995, 33.23871], [-117.40853, 33.23734], [-117.40764, 33.23651], [-117.40535, 33.23444], [-117.40282, 33.23215], [-117.39924, 33.22907], [-117.39597, 33.22612], [-117.39507, 33.22515], [-117.39427, 33.22393], [-117.39379, 33.22279], [-117.39325, 33.22094], [-117.39289, 33.21969], [-117.39164, 33.21632], [-117.39128, 33.21521], [-117.38938, 33.208], [-117.38898, 33.20645], [-117.38857, 33.20492], [-117.38808, 33.20302], [-117.38757, 33.20169], [-117.38602, 33.19974], [-117.3847, 33.19818], [-117.3838, 33.19711], [-117.38245, 33.19553], [-117.38168, 33.19459], [-117.38056, 33.19327], [-117.379, 33.194]]}, "properties": {"ftype": "line", "id": "rx-oc", "name": "RX Orange County (LA\u2013Oceanside)", "tier": 2, "headway": "10 min"}}, {"type": "Feature", "geometry": {"type": "LineString", "coordinates": [[-117.288, 34.106], [-117.291, 34.536], [-117.29203, 34.53689], [-117.2931, 34.53761], [-117.29434, 34.53856], [-117.29737, 34.54088], [-117.29832, 34.54173], [-117.29897, 34.54273], [-117.30204, 34.54912], [-117.30258, 34.55014], [-117.3032, 34.55139], [-117.30379, 34.55242], [-117.30944, 34.56059], [-117.31017, 34.56164], [-117.3109, 34.56259], [-117.31407, 34.56586], [-117.31483, 34.5668], [-117.31534, 34.56784], [-117.31589, 34.56967], [-117.31619, 34.57073], [-117.31681, 34.57172], [-117.31788, 34.57238], [-117.32301, 34.57459], [-117.32516, 34.57552], [-117.32631, 34.57606], [-117.32746, 34.57681], [-117.32845, 34.57768], [-117.3292, 34.57857], [-117.32982, 34.57959], [-117.33026, 34.58075], [-117.3305, 34.58204], [-117.33059, 34.58315], [-117.33101, 34.58735], [-117.33133, 34.59094], [-117.33158, 34.59216], [-117.3321, 34.59323], [-117.3329, 34.59436], [-117.33782, 34.60112], [-117.33941, 34.60331], [-117.34011, 34.60439], [-117.34066, 34.60548], [-117.34105, 34.60662], [-117.34161, 34.60894], [-117.34271, 34.61371], [-117.34363, 34.6176], [-117.34386, 34.61885], [-117.34486, 34.62699], [-117.34539, 34.63136], [-117.34637, 34.63927], [-117.34706, 34.6451], [-117.34715, 34.64634], [-117.34711, 34.64758], [-117.34696, 34.64871], [-117.34643, 34.65181], [-117.34629, 34.65291], [-117.34624, 34.65409], [-117.34695, 34.66472], [-117.34701, 34.66592], [-117.34698, 34.66708], [-117.34686, 34.66821], [-117.34658, 34.66956], [-117.34527, 34.67468], [-117.34155, 34.68925], [-117.33931, 34.69819], [-117.33713, 34.70678], [-117.33506, 34.71478], [-117.33471, 34.71619], [-117.33324, 34.72189], [-117.3319, 34.72711], [-117.33154, 34.72833], [-117.3311, 34.72943], [-117.33059, 34.73047], [-117.32925, 34.73295], [-117.32325, 34.74397], [-117.32214, 34.74601], [-117.32131, 34.74743], [-117.32029, 34.74913], [-117.31686, 34.75474], [-117.31614, 34.75579], [-117.31529, 34.75678], [-117.31433, 34.75766], [-117.31328, 34.75844], [-117.31209, 34.75913], [-117.31075, 34.75974], [-117.30508, 34.76204], [-117.3039, 34.76256], [-117.30276, 34.76315], [-117.30158, 34.76386], [-117.29947, 34.76528], [-117.29767, 34.76652], [-117.29644, 34.76731], [-117.29524, 34.76797], [-117.29178, 34.76968], [-117.29054, 34.7703], [-117.28516, 34.77295], [-117.28389, 34.77362], [-117.2827, 34.77435], [-117.27502, 34.7799], [-117.27251, 34.78172], [-117.27139, 34.78246], [-117.27025, 34.78306], [-117.26888, 34.7836], [-117.2675, 34.78399], [-117.26602, 34.78426], [-117.26032, 34.78498], [-117.25896, 34.78518], [-117.25749, 34.7855], [-117.25602, 34.78593], [-117.25462, 34.78644], [-117.24937, 34.78855], [-117.24281, 34.7912], [-117.22799, 34.79718], [-117.22316, 34.79912], [-117.21639, 34.80185], [-117.21508, 34.80242], [-117.20852, 34.80508], [-117.20725, 34.80564], [-117.20601, 34.8063], [-117.20491, 34.80697], [-117.20391, 34.80768], [-117.19837, 34.81236], [-117.19215, 34.81767], [-117.19124, 34.81852], [-117.19038, 34.81949], [-117.18967, 34.82045], [-117.18908, 34.82146], [-117.1886, 34.82249], [-117.18819, 34.82372], [-117.18795, 34.82493], [-117.18783, 34.82602], [-117.1877, 34.82783], [-117.18761, 34.82904], [-117.18748, 34.83016], [-117.18721, 34.83123], [-117.18673, 34.83245], [-117.18611, 34.83354], [-117.1854, 34.83451], [-117.18452, 34.83545], [-117.18332, 34.83647], [-117.17968, 34.83923], [-117.1728, 34.84443], [-117.17155, 34.84535], [-117.165, 34.84966], [-117.15421, 34.85676], [-117.1492, 34.86006], [-117.14787, 34.86088], [-117.14651, 34.86159], [-117.13647, 34.86616], [-117.13531, 34.86669], [-117.13394, 34.86727], [-117.1324, 34.86797], [-117.12959, 34.86925], [-117.11833, 34.87438], [-117.11031, 34.87803], [-117.10904, 34.87857], [-117.10775, 34.87903], [-117.10637, 34.87947], [-117.10257, 34.88066], [-117.10016, 34.88141], [-117.09885, 34.88186], [-117.09748, 34.88247], [-117.09564, 34.88356], [-117.08801, 34.88831], [-117.08634, 34.88938], [-117.08371, 34.89103], [-117.08229, 34.89191], [-117.08118, 34.89258], [-117.08004, 34.89318], [-117.07837, 34.89382], [-117.07654, 34.89429], [-117.0723, 34.89524], [-117.06979, 34.89581], [-117.06841, 34.89612], [-117.06698, 34.89642], [-117.0648, 34.89686], [-117.06333, 34.89714], [-117.06161, 34.89745], [-117.05945, 34.89794], [-117.05394, 34.89918], [-117.0499, 34.90009], [-117.04642, 34.90087], [-117.0446, 34.90128], [-117.0429, 34.90167], [-117.04081, 34.90213], [-117.03895, 34.90243], [-117.03757, 34.90269], [-117.03621, 34.90304], [-117.03488, 34.9034], [-117.03352, 34.90358], [-117.03218, 34.90375], [-117.03053, 34.90361], [-117.02905, 34.90328], [-117.02571, 34.90293], [-117.02439, 34.90261], [-117.0225, 34.90188], [-117.01944, 34.90162], [-117.017, 34.895]]}, "properties": {"ftype": "line", "id": "rx-cajon", "name": "RX Cajon (San Bernardino\u2013Barstow)", "tier": 2, "headway": "30 min"}}, {"type": "Feature", "geometry": {"type": "LineString", "coordinates": [[-118.2365, 34.0556], [-118.23487, 34.05501], [-118.23457, 34.05638], [-118.23429, 34.05749], [-118.23369, 34.05854], [-118.23305, 34.05958], [-118.23241, 34.06064], [-118.23159, 34.06155], [-118.22994, 34.06189], [-118.22861, 34.0618], [-118.22767, 34.06104], [-118.22735, 34.05987], [-118.22717, 34.05862], [-118.22694, 34.05732], [-118.2269, 34.05619], [-118.22755, 34.05502], [-118.22883, 34.05362], [-118.22942, 34.05253], [-118.2298, 34.05098], [-118.23016, 34.04966], [-118.23051, 34.04833], [-118.2305, 34.04711], [-118.23022, 34.04588], [-118.22996, 34.04464], [-118.22957, 34.04292], [-118.2291, 34.04082], [-118.22873, 34.0392], [-118.22845, 34.03797], [-118.22814, 34.03658], [-118.2271, 34.03207], [-118.22684, 34.03093], [-118.22656, 34.02969], [-118.22615, 34.02767], [-118.2259, 34.02657], [-118.22572, 34.02545], [-118.22556, 34.02437], [-118.22502, 34.02198], [-118.22487, 34.02087], [-118.22491, 34.01975], [-118.22536, 34.01869], [-118.22722, 34.01831], [-118.22952, 34.01828], [-118.23087, 34.01823], [-118.23215, 34.01803], [-118.23356, 34.01741], [-118.23503, 34.01657], [-118.23657, 34.01569], [-118.23793, 34.01491], [-118.23891, 34.01413], [-118.23954, 34.01309], [-118.23946, 34.00758], [-118.23922, 34.00476], [-118.23913, 34.00366], [-118.23897, 34.0021], [-118.23883, 34.00056], [-118.2387, 33.99914], [-118.23855, 33.99733], [-118.23844, 33.99602], [-118.2382, 33.99316], [-118.23797, 33.99052], [-118.2378, 33.98938], [-118.23756, 33.98813], [-118.23725, 33.9869], [-118.23679, 33.98487], [-118.23611, 33.98181], [-118.23574, 33.98013], [-118.23486, 33.97616], [-118.23459, 33.97492], [-118.23432, 33.97345], [-118.23409, 33.97222], [-118.23377, 33.97076], [-118.23319, 33.9681], [-118.2329, 33.96678], [-118.23251, 33.96524], [-118.23213, 33.96351], [-118.23187, 33.96234], [-118.23116, 33.95912], [-118.2309, 33.95793], [-118.23062, 33.95665], [-118.23037, 33.95549], [-118.23008, 33.95421], [-118.22944, 33.95134], [-118.22843, 33.94673], [-118.22792, 33.94443], [-118.22759, 33.94284], [-118.22727, 33.94122], [-118.22699, 33.93961], [-118.22679, 33.93838], [-118.2266, 33.93719], [-118.22621, 33.93467], [-118.22589, 33.93266], [-118.22569, 33.93138], [-118.2255, 33.93013], [-118.225, 33.92702], [-118.22482, 33.92575], [-118.22463, 33.92463], [-118.22428, 33.92242], [-118.22389, 33.91993], [-118.2236, 33.91805], [-118.22331, 33.91648], [-118.2229, 33.91391], [-118.22273, 33.9128], [-118.22243, 33.91086], [-118.22224, 33.90968], [-118.22191, 33.90754], [-118.22168, 33.90609], [-118.22145, 33.90478], [-118.22122, 33.90343], [-118.22102, 33.90205], [-118.22086, 33.90083], [-118.22051, 33.89861], [-118.22016, 33.89633], [-118.2198, 33.89401], [-118.21959, 33.89268], [-118.21923, 33.89034], [-118.21898, 33.88874], [-118.21875, 33.88734], [-118.21854, 33.88596], [-118.21829, 33.88444], [-118.21789, 33.88189], [-118.21763, 33.88024], [-118.21737, 33.87853], [-118.21699, 33.876], [-118.2168, 33.87481], [-118.21645, 33.87292], [-118.21627, 33.87178], [-118.21605, 33.87056], [-118.21582, 33.86947], [-118.21568, 33.86827], [-118.21566, 33.867], [-118.21574, 33.86582], [-118.21594, 33.86455], [-118.21627, 33.86265], [-118.2166, 33.86152], [-118.21714, 33.86043], [-118.21753, 33.85927], [-118.21803, 33.85644], [-118.21815, 33.85536], [-118.21824, 33.85418], [-118.2184, 33.85303], [-118.21877, 33.85142], [-118.22543, 33.83342], [-118.22584, 33.83237], [-118.22645, 33.83123], [-118.22711, 33.82961], [-118.22753, 33.82848], [-118.22789, 33.82737], [-118.22768, 33.82626], [-118.22772, 33.82515], [-118.22733, 33.8241], [-118.22673, 33.82308], [-118.22633, 33.82172], [-118.22609, 33.82063], [-118.22567, 33.81855], [-118.22515, 33.81598], [-118.22469, 33.81372], [-118.22447, 33.81262], [-118.22435, 33.81151], [-118.22434, 33.80871], [-118.2243, 33.80761], [-118.22369, 33.80636], [-118.22356, 33.80527], [-118.22366, 33.80384], [-118.22386, 33.80149], [-118.22431, 33.79988], [-118.22481, 33.79849], [-118.22519, 33.79725], [-118.22561, 33.79593], [-118.22591, 33.79485], [-118.22561, 33.79373], [-118.22559, 33.79262], [-118.22593, 33.79142], [-118.22623, 33.78915], [-118.22641, 33.78804], [-118.22708, 33.78702], [-118.22807, 33.78617], [-118.22889, 33.7853], [-118.22876, 33.78417], [-118.22759, 33.78348], [-118.22627, 33.78329], [-118.22426, 33.78268], [-118.22292, 33.78217], [-118.22153, 33.7817], [-118.22009, 33.78124], [-118.21853, 33.78079], [-118.21721, 33.7803], [-118.21333, 33.77921], [-118.21068, 33.77839], [-118.20927, 33.77779], [-118.2082, 33.77712], [-118.20764, 33.77606], [-118.20754, 33.77483], [-118.20742, 33.77339], [-118.20735, 33.77159], [-118.2075, 33.77049], [-118.20768, 33.76928], [-118.189, 33.768]]}, "properties": {"ftype": "line", "id": "rx-longbeach", "name": "RX Long Beach (LA\u2013Long Beach)", "tier": 2, "headway": "10 min"}}, {"type": "Feature", "geometry": {"type": "Point", "coordinates": [-118.2365, 34.0556]}, "properties": {"ftype": "station", "id": "la-union", "name": "Los Angeles Union", "tier": 2, "lines": ["RX Coast (LA\u2013Goleta)", "RX Antelope Valley (LA\u2013Lancaster)", "RX San Bernardino (LA\u2013Redlands)", "RX Coachella (LA\u2013Indio)", "RX Orange County (LA\u2013Oceanside)", "RX Long Beach (LA\u2013Long Beach)"]}}, {"type": "Feature", "geometry": {"type": "Point", "coordinates": [-118.309, 34.1808]}, "properties": {"ftype": "station", "id": "burbank", "name": "Burbank", "tier": 2, "lines": ["RX Coast (LA\u2013Goleta)", "RX Antelope Valley (LA\u2013Lancaster)"]}}, {"type": "Feature", "geometry": {"type": "Point", "coordinates": [-118.449, 34.1866]}, "properties": {"ftype": "station", "id": "van-nuys", "name": "Van Nuys", "tier": 2, "lines": ["RX Coast (LA\u2013Goleta)"]}}, {"type": "Feature", "geometry": {"type": "Point", "coordinates": [-118.598, 34.256]}, "properties": {"ftype": "station", "id": "chatsworth", "name": "Chatsworth", "tier": 2, "lines": ["RX Coast (LA\u2013Goleta)"]}}, {"type": "Feature", "geometry": {"type": "Point", "coordinates": [-118.695, 34.271]}, "properties": {"ftype": "station", "id": "simi-valley", "name": "Simi Valley", "tier": 2, "lines": ["RX Coast (LA\u2013Goleta)"]}}, {"type": "Feature", "geometry": {"type": "Point", "coordinates": [-118.88, 34.285]}, "properties": {"ftype": "station", "id": "moorpark", "name": "Moorpark", "tier": 2, "lines": ["RX Coast (LA\u2013Goleta)"]}}, {"type": "Feature", "geometry": {"type": "Point", "coordinates": [-119.04, 34.217]}, "properties": {"ftype": "station", "id": "camarillo", "name": "Camarillo", "tier": 2, "lines": ["RX Coast (LA\u2013Goleta)"]}}, {"type": "Feature", "geometry": {"type": "Point", "coordinates": [-119.176, 34.199]}, "properties": {"ftype": "station", "id": "oxnard", "name": "Oxnard", "tier": 2, "lines": ["RX Coast (LA\u2013Goleta)"]}}, {"type": "Feature", "geometry": {"type": "Point", "coordinates": [-119.294, 34.279]}, "properties": {"ftype": "station", "id": "ventura", "name": "Ventura", "tier": 2, "lines": ["RX Coast (LA\u2013Goleta)"]}}, {"type": "Feature", "geometry": {"type": "Point", "coordinates": [-119.52, 34.4]}, "properties": {"ftype": "station", "id": "carpinteria", "name": "Carpinteria", "tier": 2, "lines": ["RX Coast (LA\u2013Goleta)"]}}, {"type": "Feature", "geometry": {"type": "Point", "coordinates": [-119.7, 34.42]}, "properties": {"ftype": "station", "id": "santa-barbara", "name": "Santa Barbara", "tier": 2, "lines": ["RX Coast (LA\u2013Goleta)"]}}, {"type": "Feature", "geometry": {"type": "Point", "coordinates": [-119.845, 34.424]}, "properties": {"ftype": "station", "id": "goleta", "name": "Goleta/UCSB", "tier": 2, "lines": ["RX Coast (LA\u2013Goleta)"]}}, {"type": "Feature", "geometry": {"type": "Point", "coordinates": [-118.467, 34.312]}, "properties": {"ftype": "station", "id": "sylmar", "name": "Sylmar/San Fernando", "tier": 2, "lines": ["RX Antelope Valley (LA\u2013Lancaster)"]}}, {"type": "Feature", "geometry": {"type": "Point", "coordinates": [-118.541, 34.395]}, "properties": {"ftype": "station", "id": "santa-clarita", "name": "Santa Clarita", "tier": 2, "lines": ["RX Antelope Valley (LA\u2013Lancaster)"]}}, {"type": "Feature", "geometry": {"type": "Point", "coordinates": [-118.113, 34.594]}, "properties": {"ftype": "station", "id": "palmdale", "name": "Palmdale", "tier": 2, "lines": ["RX Antelope Valley (LA\u2013Lancaster)"]}}, {"type": "Feature", "geometry": {"type": "Point", "coordinates": [-118.135, 34.698]}, "properties": {"ftype": "station", "id": "lancaster", "name": "Lancaster", "tier": 2, "lines": ["RX Antelope Valley (LA\u2013Lancaster)"]}}, {"type": "Feature", "geometry": {"type": "Point", "coordinates": [-118.028, 34.072]}, "properties": {"ftype": "station", "id": "el-monte", "name": "El Monte", "tier": 2, "lines": ["RX San Bernardino (LA\u2013Redlands)", "RX Coachella (LA\u2013Indio)"]}}, {"type": "Feature", "geometry": {"type": "Point", "coordinates": [-117.75, 34.06]}, "properties": {"ftype": "station", "id": "pomona", "name": "Pomona", "tier": 2, "lines": ["RX San Bernardino (LA\u2013Redlands)", "RX Coachella (LA\u2013Indio)"]}}, {"type": "Feature", "geometry": {"type": "Point", "coordinates": [-117.6509, 34.0633]}, "properties": {"ftype": "station", "id": "ontario", "name": "Ontario", "tier": 2, "lines": ["RX San Bernardino (LA\u2013Redlands)", "RX Coachella (LA\u2013Indio)"]}}, {"type": "Feature", "geometry": {"type": "Point", "coordinates": [-117.288, 34.106]}, "properties": {"ftype": "station", "id": "san-bernardino", "name": "San Bernardino", "tier": 2, "lines": ["RX San Bernardino (LA\u2013Redlands)", "RX Cajon (San Bernardino\u2013Barstow)"]}}, {"type": "Feature", "geometry": {"type": "Point", "coordinates": [-117.183, 34.056]}, "properties": {"ftype": "station", "id": "redlands", "name": "Redlands", "tier": 2, "lines": ["RX San Bernardino (LA\u2013Redlands)"]}}, {"type": "Feature", "geometry": {"type": "Point", "coordinates": [-117.3712, 33.9836]}, "properties": {"ftype": "station", "id": "riverside", "name": "Riverside", "tier": 2, "lines": ["RX Coachella (LA\u2013Indio)"]}}, {"type": "Feature", "geometry": {"type": "Point", "coordinates": [-117.23, 33.94]}, "properties": {"ftype": "station", "id": "moreno-valley", "name": "Moreno Valley", "tier": 2, "lines": ["RX Coachella (LA\u2013Indio)"]}}, {"type": "Feature", "geometry": {"type": "Point", "coordinates": [-116.876, 33.926]}, "properties": {"ftype": "station", "id": "banning", "name": "Banning", "tier": 2, "lines": ["RX Coachella (LA\u2013Indio)"]}}, {"type": "Feature", "geometry": {"type": "Point", "coordinates": [-116.545, 33.83]}, "properties": {"ftype": "station", "id": "palm-springs", "name": "Palm Springs", "tier": 2, "lines": ["RX Coachella (LA\u2013Indio)"]}}, {"type": "Feature", "geometry": {"type": "Point", "coordinates": [-116.375, 33.72]}, "properties": {"ftype": "station", "id": "palm-desert", "name": "Palm Desert", "tier": 2, "lines": ["RX Coachella (LA\u2013Indio)"]}}, {"type": "Feature", "geometry": {"type": "Point", "coordinates": [-116.215, 33.72]}, "properties": {"ftype": "station", "id": "indio", "name": "Indio/Coachella", "tier": 2, "lines": ["RX Coachella (LA\u2013Indio)"]}}, {"type": "Feature", "geometry": {"type": "Point", "coordinates": [-118.08, 33.91]}, "properties": {"ftype": "station", "id": "norwalk", "name": "Norwalk", "tier": 2, "lines": ["RX Orange County (LA\u2013Oceanside)"]}}, {"type": "Feature", "geometry": {"type": "Point", "coordinates": [-117.925, 33.87]}, "properties": {"ftype": "station", "id": "fullerton", "name": "Fullerton", "tier": 2, "lines": ["RX Orange County (LA\u2013Oceanside)"]}}, {"type": "Feature", "geometry": {"type": "Point", "coordinates": [-117.8843, 33.8039]}, "properties": {"ftype": "station", "id": "anaheim", "name": "Anaheim", "tier": 2, "lines": ["RX Orange County (LA\u2013Oceanside)"]}}, {"type": "Feature", "geometry": {"type": "Point", "coordinates": [-117.868, 33.75]}, "properties": {"ftype": "station", "id": "santa-ana", "name": "Santa Ana", "tier": 2, "lines": ["RX Orange County (LA\u2013Oceanside)"]}}, {"type": "Feature", "geometry": {"type": "Point", "coordinates": [-117.838, 33.658]}, "properties": {"ftype": "station", "id": "irvine", "name": "Irvine", "tier": 2, "lines": ["RX Orange County (LA\u2013Oceanside)"]}}, {"type": "Feature", "geometry": {"type": "Point", "coordinates": [-117.663, 33.501]}, "properties": {"ftype": "station", "id": "san-juan-cap", "name": "San Juan Capistrano", "tier": 2, "lines": ["RX Orange County (LA\u2013Oceanside)"]}}, {"type": "Feature", "geometry": {"type": "Point", "coordinates": [-117.61, 33.43]}, "properties": {"ftype": "station", "id": "san-clemente", "name": "San Clemente", "tier": 2, "lines": ["RX Orange County (LA\u2013Oceanside)"]}}, {"type": "Feature", "geometry": {"type": "Point", "coordinates": [-117.379, 33.194]}, "properties": {"ftype": "station", "id": "oceanside", "name": "Oceanside", "tier": 2, "lines": ["RX Orange County (LA\u2013Oceanside)"]}}, {"type": "Feature", "geometry": {"type": "Point", "coordinates": [-117.291, 34.536]}, "properties": {"ftype": "station", "id": "victorville", "name": "Victorville", "tier": 2, "lines": ["RX Cajon (San Bernardino\u2013Barstow)"]}}, {"type": "Feature", "geometry": {"type": "Point", "coordinates": [-117.017, 34.895]}, "properties": {"ftype": "station", "id": "barstow", "name": "Barstow", "tier": 2, "lines": ["RX Cajon (San Bernardino\u2013Barstow)"]}}, {"type": "Feature", "geometry": {"type": "Point", "coordinates": [-118.22, 33.897]}, "properties": {"ftype": "station", "id": "compton", "name": "Compton", "tier": 2, "lines": ["RX Long Beach (LA\u2013Long Beach)"]}}, {"type": "Feature", "geometry": {"type": "Point", "coordinates": [-118.189, 33.768]}, "properties": {"ftype": "station", "id": "long-beach", "name": "Long Beach", "tier": 2, "lines": ["RX Long Beach (LA\u2013Long Beach)"]}}, {"type": "Feature", "geometry": {"type": "Point", "coordinates": [-118.359, 34.197]}, "properties": {"ftype": "station", "id": "bur-airport", "name": "Burbank Airport", "tier": 2, "lines": ["RX Coast (LA\u2013Goleta)"]}}, {"type": "Feature", "geometry": {"type": "Point", "coordinates": [-117.601, 34.056]}, "properties": {"ftype": "station", "id": "ont-airport", "name": "Ontario Airport", "tier": 2, "lines": ["RX San Bernardino (LA\u2013Redlands)"]}}, {"type": "Feature", "geometry": {"type": "Point", "coordinates": [-117.868, 33.676]}, "properties": {"ftype": "station", "id": "sna-airport", "name": "John Wayne Airport", "tier": 2, "lines": ["RX Orange County (LA\u2013Oceanside)"]}}]}
