{"type": "FeatureCollection", "features": [{"type": "Feature", "geometry": {"type": "Point", "coordinates": [-118.2365, 34.0556]}, "properties": {"ftype": "station", "name": "Los Angeles Union", "tier": 1, "lines": ["Chavez Line"], "headway": "90 s"}}, {"type": "Feature", "geometry": {"type": "Point", "coordinates": [-118.46914, 34.154064]}, "properties": {"ftype": "station", "name": "Ventura & Sepulveda", "tier": 1, "lines": ["Ventura Line", "Sepulveda Line"], "headway": "90 s"}}, {"type": "Feature", "geometry": {"type": "Point", "coordinates": [-118.449594, 34.150901]}, "properties": {"ftype": "station", "name": "Ventura & Van Nuys", "tier": 1, "lines": ["Ventura Line", "Van Nuys Line"], "headway": "90 s"}}, {"type": "Feature", "geometry": {"type": "Point", "coordinates": [-118.391004, 34.141772]}, "properties": {"ftype": "station", "name": "Ventura & Laurel Canyon", "tier": 1, "lines": ["Ventura Line", "Laurel Canyon Line"], "headway": "90 s"}}, {"type": "Feature", "geometry": {"type": "Point", "coordinates": [-118.364363, 34.137666]}, "properties": {"ftype": "station", "name": "Ventura & Lankershim", "tier": 1, "lines": ["Ventura Line", "Lankershim Line"], "headway": "90 s"}}, {"type": "Feature", "geometry": {"type": "Point", "coordinates": [-118.466691, 34.186349]}, "properties": {"ftype": "station", "name": "Victory & Sepulveda", "tier": 1, "lines": ["Victory Line", "Sepulveda Line"], "headway": "90 s"}}, {"type": "Feature", "geometry": {"type": "Point", "coordinates": [-118.449017, 34.186215]}, "properties": {"ftype": "station", "name": "Victory & Van Nuys", "tier": 1, "lines": ["Victory Line", "Van Nuys Line"], "headway": "90 s"}}, {"type": "Feature", "geometry": {"type": "Point", "coordinates": [-118.395691, 34.185638]}, "properties": {"ftype": "station", "name": "Victory & Laurel Canyon", "tier": 1, "lines": ["Victory Line", "Laurel Canyon Line"], "headway": "90 s"}}, {"type": "Feature", "geometry": {"type": "Point", "coordinates": [-118.383632, 34.185486]}, "properties": {"ftype": "station", "name": "Victory & Lankershim", "tier": 1, "lines": ["Victory Line", "Lankershim Line"], "headway": "90 s"}}, {"type": "Feature", "geometry": {"type": "Point", "coordinates": [-118.365575, 34.100141]}, "properties": {"ftype": "station", "name": "Hollywood & Laurel Canyon", "tier": 1, "lines": ["Hollywood Line", "Laurel Canyon Line"], "headway": "90 s"}}, {"type": "Feature", "geometry": {"type": "Point", "coordinates": [-118.362439, 34.100396]}, "properties": {"ftype": "station", "name": "Hollywood & Fairfax", "tier": 1, "lines": ["Hollywood Line", "Fairfax Line"], "headway": "90 s"}}, {"type": "Feature", "geometry": {"type": "Point", "coordinates": [-118.346079, 34.101159]}, "properties": {"ftype": "station", "name": "Hollywood & La Brea", "tier": 1, "lines": ["Hollywood Line", "La Brea Line"], "headway": "90 s"}}, {"type": "Feature", "geometry": {"type": "Point", "coordinates": [-118.309288, 34.100831]}, "properties": {"ftype": "station", "name": "Hollywood & Western", "tier": 1, "lines": ["Hollywood Line", "Western Line"], "headway": "90 s"}}, {"type": "Feature", "geometry": {"type": "Point", "coordinates": [-118.300292, 34.10024]}, "properties": {"ftype": "station", "name": "Hollywood & Normandie", "tier": 1, "lines": ["Hollywood Line", "Normandie Line"], "headway": "90 s"}}, {"type": "Feature", "geometry": {"type": "Point", "coordinates": [-118.291201, 34.098889]}, "properties": {"ftype": "station", "name": "Hollywood & Vermont", "tier": 1, "lines": ["Hollywood Line", "Vermont Line"], "headway": "90 s"}}, {"type": "Feature", "geometry": {"type": "Point", "coordinates": [-118.465655, 34.072835]}, "properties": {"ftype": "station", "name": "Sunset & Sepulveda", "tier": 1, "lines": ["Sunset Line", "Sepulveda Line"], "headway": "90 s"}}, {"type": "Feature", "geometry": {"type": "Point", "coordinates": [-118.376363, 34.094008]}, "properties": {"ftype": "station", "name": "Sunset & La Cienega", "tier": 1, "lines": ["Sunset Line", "La Cienega Line"], "headway": "90 s"}}, {"type": "Feature", "geometry": {"type": "Point", "coordinates": [-118.362451, 34.096703]}, "properties": {"ftype": "station", "name": "Sunset & Fairfax", "tier": 1, "lines": ["Sunset Line", "Fairfax Line"], "headway": "90 s"}}, {"type": "Feature", "geometry": {"type": "Point", "coordinates": [-118.345827, 34.097307]}, "properties": {"ftype": "station", "name": "Sunset & La Brea", "tier": 1, "lines": ["Sunset Line", "La Brea Line"], "headway": "90 s"}}, {"type": "Feature", "geometry": {"type": "Point", "coordinates": [-118.309282, 34.096361]}, "properties": {"ftype": "station", "name": "Sunset & Western", "tier": 1, "lines": ["Sunset Line", "Western Line"], "headway": "90 s"}}, {"type": "Feature", "geometry": {"type": "Point", "coordinates": [-118.300268, 34.095207]}, "properties": {"ftype": "station", "name": "Sunset & Normandie", "tier": 1, "lines": ["Sunset Line", "Normandie Line"], "headway": "90 s"}}, {"type": "Feature", "geometry": {"type": "Point", "coordinates": [-118.291214, 34.093964]}, "properties": {"ftype": "station", "name": "Sunset & Vermont", "tier": 1, "lines": ["Sunset Line", "Vermont Line"], "headway": "90 s"}}, {"type": "Feature", "geometry": {"type": "Point", "coordinates": [-118.445026, 34.047808]}, "properties": {"ftype": "station", "name": "Santa Monica & Sepulveda", "tier": 1, "lines": ["Santa Monica Line", "Sepulveda Line"], "headway": "90 s"}}, {"type": "Feature", "geometry": {"type": "Point", "coordinates": [-118.490209, 34.019468]}, "properties": {"ftype": "station", "name": "Santa Monica & Lincoln", "tier": 1, "lines": ["Santa Monica Line", "Lincoln Line"], "headway": "90 s"}}, {"type": "Feature", "geometry": {"type": "Point", "coordinates": [-118.438022, 34.051567]}, "properties": {"ftype": "station", "name": "Santa Monica & Westwood", "tier": 1, "lines": ["Santa Monica Line", "Westwood Line"], "headway": "90 s"}}, {"type": "Feature", "geometry": {"type": "Point", "coordinates": [-118.376379, 34.086339]}, "properties": {"ftype": "station", "name": "Santa Monica & La Cienega", "tier": 1, "lines": ["Santa Monica Line", "La Cienega Line"], "headway": "90 s"}}, {"type": "Feature", "geometry": {"type": "Point", "coordinates": [-118.362475, 34.08879]}, "properties": {"ftype": "station", "name": "Santa Monica & Fairfax", "tier": 1, "lines": ["Santa Monica Line", "Fairfax Line"], "headway": "90 s"}}, {"type": "Feature", "geometry": {"type": "Point", "coordinates": [-118.345351, 34.090039]}, "properties": {"ftype": "station", "name": "Santa Monica & La Brea", "tier": 1, "lines": ["Santa Monica Line", "La Brea Line"], "headway": "90 s"}}, {"type": "Feature", "geometry": {"type": "Point", "coordinates": [-118.309277, 34.091079]}, "properties": {"ftype": "station", "name": "Santa Monica & Western", "tier": 1, "lines": ["Santa Monica Line", "Western Line"], "headway": "90 s"}}, {"type": "Feature", "geometry": {"type": "Point", "coordinates": [-118.30025, 34.091339]}, "properties": {"ftype": "station", "name": "Santa Monica & Normandie", "tier": 1, "lines": ["Santa Monica Line", "Normandie Line"], "headway": "90 s"}}, {"type": "Feature", "geometry": {"type": "Point", "coordinates": [-118.29122, 34.091616]}, "properties": {"ftype": "station", "name": "Santa Monica & Vermont", "tier": 1, "lines": ["Santa Monica Line", "Vermont Line"], "headway": "90 s"}}, {"type": "Feature", "geometry": {"type": "Point", "coordinates": [-118.451447, 34.055629]}, "properties": {"ftype": "station", "name": "Wilshire & Sepulveda", "tier": 1, "lines": ["Wilshire Line", "Sepulveda Line"], "headway": "90 s"}}, {"type": "Feature", "geometry": {"type": "Point", "coordinates": [-118.494132, 34.022596]}, "properties": {"ftype": "station", "name": "Wilshire & Lincoln", "tier": 1, "lines": ["Wilshire Line", "Lincoln Line"], "headway": "90 s"}}, {"type": "Feature", "geometry": {"type": "Point", "coordinates": [-118.442921, 34.059444]}, "properties": {"ftype": "station", "name": "Wilshire & Westwood", "tier": 1, "lines": ["Wilshire Line", "Westwood Line"], "headway": "90 s"}}, {"type": "Feature", "geometry": {"type": "Point", "coordinates": [-118.376429, 34.064971]}, "properties": {"ftype": "station", "name": "Wilshire & La Cienega", "tier": 1, "lines": ["Wilshire Line", "La Cienega Line"], "headway": "90 s"}}, {"type": "Feature", "geometry": {"type": "Point", "coordinates": [-118.364501, 34.064165]}, "properties": {"ftype": "station", "name": "Wilshire & Fairfax", "tier": 1, "lines": ["Wilshire Line", "Fairfax Line"], "headway": "90 s"}}, {"type": "Feature", "geometry": {"type": "Point", "coordinates": [-118.34452, 34.063025]}, "properties": {"ftype": "station", "name": "Wilshire & La Brea", "tier": 1, "lines": ["Wilshire Line", "La Brea Line"], "headway": "90 s"}}, {"type": "Feature", "geometry": {"type": "Point", "coordinates": [-118.309243, 34.061324]}, "properties": {"ftype": "station", "name": "Wilshire & Western", "tier": 1, "lines": ["Wilshire Line", "Western Line"], "headway": "90 s"}}, {"type": "Feature", "geometry": {"type": "Point", "coordinates": [-118.300149, 34.060883]}, "properties": {"ftype": "station", "name": "Wilshire & Normandie", "tier": 1, "lines": ["Wilshire Line", "Normandie Line"], "headway": "90 s"}}, {"type": "Feature", "geometry": {"type": "Point", "coordinates": [-118.291304, 34.060013]}, "properties": {"ftype": "station", "name": "Wilshire & Vermont", "tier": 1, "lines": ["Wilshire Line", "Vermont Line"], "headway": "90 s"}}, {"type": "Feature", "geometry": {"type": "Point", "coordinates": [-118.258121, 34.049096]}, "properties": {"ftype": "station", "name": "Wilshire & Figueroa", "tier": 1, "lines": ["Wilshire Line", "Figueroa Line"], "headway": "90 s"}}, {"type": "Feature", "geometry": {"type": "Point", "coordinates": [-118.438811, 34.040305]}, "properties": {"ftype": "station", "name": "Olympic & Sepulveda", "tier": 1, "lines": ["Olympic Line", "Sepulveda Line"], "headway": "90 s"}}, {"type": "Feature", "geometry": {"type": "Point", "coordinates": [-118.485508, 34.015782]}, "properties": {"ftype": "station", "name": "Olympic & Lincoln", "tier": 1, "lines": ["Olympic Line", "Lincoln Line"], "headway": "90 s"}}, {"type": "Feature", "geometry": {"type": "Point", "coordinates": [-118.432014, 34.04415]}, "properties": {"ftype": "station", "name": "Olympic & Westwood", "tier": 1, "lines": ["Olympic Line", "Westwood Line"], "headway": "90 s"}}, {"type": "Feature", "geometry": {"type": "Point", "coordinates": [-118.376445, 34.058797]}, "properties": {"ftype": "station", "name": "Olympic & La Cienega", "tier": 1, "lines": ["Olympic Line", "La Cienega Line"], "headway": "90 s"}}, {"type": "Feature", "geometry": {"type": "Point", "coordinates": [-118.365379, 34.058201]}, "properties": {"ftype": "station", "name": "Olympic & Fairfax", "tier": 1, "lines": ["Olympic Line", "Fairfax Line"], "headway": "90 s"}}, {"type": "Feature", "geometry": {"type": "Point", "coordinates": [-118.344326, 34.056893]}, "properties": {"ftype": "station", "name": "Olympic & La Brea", "tier": 1, "lines": ["Olympic Line", "La Brea Line"], "headway": "90 s"}}, {"type": "Feature", "geometry": {"type": "Point", "coordinates": [-118.322446, 34.054559]}, "properties": {"ftype": "station", "name": "Olympic & Crenshaw", "tier": 1, "lines": ["Olympic Line", "Crenshaw Line"], "headway": "90 s"}}, {"type": "Feature", "geometry": {"type": "Point", "coordinates": [-118.309234, 34.053201]}, "properties": {"ftype": "station", "name": "Olympic & Western", "tier": 1, "lines": ["Olympic Line", "Western Line"], "headway": "90 s"}}, {"type": "Feature", "geometry": {"type": "Point", "coordinates": [-118.300185, 34.052269]}, "properties": {"ftype": "station", "name": "Olympic & Normandie", "tier": 1, "lines": ["Olympic Line", "Normandie Line"], "headway": "90 s"}}, {"type": "Feature", "geometry": {"type": "Point", "coordinates": [-118.291345, 34.051068]}, "properties": {"ftype": "station", "name": "Olympic & Vermont", "tier": 1, "lines": ["Olympic Line", "Vermont Line"], "headway": "90 s"}}, {"type": "Feature", "geometry": {"type": "Point", "coordinates": [-118.261088, 34.04234]}, "properties": {"ftype": "station", "name": "Olympic & Figueroa", "tier": 1, "lines": ["Olympic Line", "Figueroa Line"], "headway": "90 s"}}, {"type": "Feature", "geometry": {"type": "Point", "coordinates": [-118.257376, 34.040374]}, "properties": {"ftype": "station", "name": "Olympic & Broadway", "tier": 1, "lines": ["Olympic Line", "Broadway Line"], "headway": "90 s"}}, {"type": "Feature", "geometry": {"type": "Point", "coordinates": [-118.244667, 34.032178]}, "properties": {"ftype": "station", "name": "Olympic & Central", "tier": 1, "lines": ["Olympic Line", "Central Line", "Pico Line"], "headway": "90 s"}}, {"type": "Feature", "geometry": {"type": "Point", "coordinates": [-118.217296, 34.023523]}, "properties": {"ftype": "station", "name": "Olympic & Soto", "tier": 1, "lines": ["Olympic Line", "Soto Line"], "headway": "90 s"}}, {"type": "Feature", "geometry": {"type": "Point", "coordinates": [-118.158165, 34.015446]}, "properties": {"ftype": "station", "name": "Olympic & Atlantic", "tier": 1, "lines": ["Olympic Line", "Atlantic Line"], "headway": "90 s"}}, {"type": "Feature", "geometry": {"type": "Point", "coordinates": [-118.43577, 34.036691]}, "properties": {"ftype": "station", "name": "Pico & Sepulveda", "tier": 1, "lines": ["Pico Line", "Sepulveda Line"], "headway": "90 s"}}, {"type": "Feature", "geometry": {"type": "Point", "coordinates": [-118.481189, 34.012501]}, "properties": {"ftype": "station", "name": "Pico & Lincoln", "tier": 1, "lines": ["Pico Line", "Lincoln Line"], "headway": "90 s"}}, {"type": "Feature", "geometry": {"type": "Point", "coordinates": [-118.428795, 34.040274]}, "properties": {"ftype": "station", "name": "Pico & Westwood", "tier": 1, "lines": ["Pico Line", "Westwood Line"], "headway": "90 s"}}, {"type": "Feature", "geometry": {"type": "Point", "coordinates": [-118.376557, 34.052657]}, "properties": {"ftype": "station", "name": "Pico & La Cienega", "tier": 1, "lines": ["Pico Line", "La Cienega Line"], "headway": "90 s"}}, {"type": "Feature", "geometry": {"type": "Point", "coordinates": [-118.366695, 34.051151]}, "properties": {"ftype": "station", "name": "Pico & Fairfax", "tier": 1, "lines": ["Pico Line", "Fairfax Line"], "headway": "90 s"}}, {"type": "Feature", "geometry": {"type": "Point", "coordinates": [-118.345049, 34.048448]}, "properties": {"ftype": "station", "name": "Pico & La Brea", "tier": 1, "lines": ["Pico Line", "La Brea Line"], "headway": "90 s"}}, {"type": "Feature", "geometry": {"type": "Point", "coordinates": [-118.325643, 34.047626]}, "properties": {"ftype": "station", "name": "Pico & Crenshaw", "tier": 1, "lines": ["Pico Line", "Crenshaw Line"], "headway": "90 s"}}, {"type": "Feature", "geometry": {"type": "Point", "coordinates": [-118.309226, 34.046375]}, "properties": {"ftype": "station", "name": "Pico & Western", "tier": 1, "lines": ["Pico Line", "Western Line"], "headway": "90 s"}}, {"type": "Feature", "geometry": {"type": "Point", "coordinates": [-118.30025, 34.045273]}, "properties": {"ftype": "station", "name": "Pico & Normandie", "tier": 1, "lines": ["Pico Line", "Normandie Line", "Venice Line"], "headway": "90 s"}}, {"type": "Feature", "geometry": {"type": "Point", "coordinates": [-118.291377, 34.044183]}, "properties": {"ftype": "station", "name": "Pico & Vermont", "tier": 1, "lines": ["Pico Line", "Vermont Line", "Venice Line"], "headway": "90 s"}}, {"type": "Feature", "geometry": {"type": "Point", "coordinates": [-118.263466, 34.036927]}, "properties": {"ftype": "station", "name": "Pico & Figueroa", "tier": 1, "lines": ["Pico Line", "Figueroa Line", "Broadway Line", "Venice Line"], "headway": "90 s"}}, {"type": "Feature", "geometry": {"type": "Point", "coordinates": [-118.217701, 34.020795]}, "properties": {"ftype": "station", "name": "Pico & Soto", "tier": 1, "lines": ["Pico Line", "Soto Line"], "headway": "90 s"}}, {"type": "Feature", "geometry": {"type": "Point", "coordinates": [-118.416055, 34.014114]}, "properties": {"ftype": "station", "name": "Venice & Sepulveda", "tier": 1, "lines": ["Venice Line", "Sepulveda Line"], "headway": "90 s"}}, {"type": "Feature", "geometry": {"type": "Point", "coordinates": [-118.454611, 33.993012]}, "properties": {"ftype": "station", "name": "Venice & Lincoln", "tier": 1, "lines": ["Venice Line", "Lincoln Line"], "headway": "90 s"}}, {"type": "Feature", "geometry": {"type": "Point", "coordinates": [-118.409542, 34.017704]}, "properties": {"ftype": "station", "name": "Venice & Westwood", "tier": 1, "lines": ["Venice Line", "Westwood Line"], "headway": "90 s"}}, {"type": "Feature", "geometry": {"type": "Point", "coordinates": [-118.376105, 34.035313]}, "properties": {"ftype": "station", "name": "Venice & La Cienega", "tier": 1, "lines": ["Venice Line", "La Cienega Line"], "headway": "90 s"}}, {"type": "Feature", "geometry": {"type": "Point", "coordinates": [-118.369275, 34.038708]}, "properties": {"ftype": "station", "name": "Venice & Fairfax", "tier": 1, "lines": ["Venice Line", "Fairfax Line"], "headway": "90 s"}}, {"type": "Feature", "geometry": {"type": "Point", "coordinates": [-118.346118, 34.045145]}, "properties": {"ftype": "station", "name": "Venice & La Brea", "tier": 1, "lines": ["Venice Line", "La Brea Line"], "headway": "90 s"}}, {"type": "Feature", "geometry": {"type": "Point", "coordinates": [-118.326919, 34.04486]}, "properties": {"ftype": "station", "name": "Venice & Crenshaw", "tier": 1, "lines": ["Venice Line", "Crenshaw Line"], "headway": "90 s"}}, {"type": "Feature", "geometry": {"type": "Point", "coordinates": [-118.309223, 34.043882]}, "properties": {"ftype": "station", "name": "Venice & Western", "tier": 1, "lines": ["Venice Line", "Western Line"], "headway": "90 s"}}, {"type": "Feature", "geometry": {"type": "Point", "coordinates": [-118.262904, 34.033817]}, "properties": {"ftype": "station", "name": "Venice & Broadway", "tier": 1, "lines": ["Venice Line", "Broadway Line"], "headway": "90 s"}}, {"type": "Feature", "geometry": {"type": "Point", "coordinates": [-118.411097, 34.009049]}, "properties": {"ftype": "station", "name": "Washington & Sepulveda", "tier": 1, "lines": ["Washington Line", "Sepulveda Line"], "headway": "90 s"}}, {"type": "Feature", "geometry": {"type": "Point", "coordinates": [-118.449404, 33.988882]}, "properties": {"ftype": "station", "name": "Washington & Lincoln", "tier": 1, "lines": ["Washington Line", "Lincoln Line"], "headway": "90 s"}}, {"type": "Feature", "geometry": {"type": "Point", "coordinates": [-118.40637, 34.013829]}, "properties": {"ftype": "station", "name": "Washington & Westwood", "tier": 1, "lines": ["Washington Line", "Westwood Line"], "headway": "90 s"}}, {"type": "Feature", "geometry": {"type": "Point", "coordinates": [-118.374975, 34.032605]}, "properties": {"ftype": "station", "name": "Washington & La Cienega", "tier": 1, "lines": ["Washington Line", "La Cienega Line"], "headway": "90 s"}}, {"type": "Feature", "geometry": {"type": "Point", "coordinates": [-118.369261, 34.035058]}, "properties": {"ftype": "station", "name": "Washington & Fairfax", "tier": 1, "lines": ["Washington Line", "Fairfax Line"], "headway": "90 s"}}, {"type": "Feature", "geometry": {"type": "Point", "coordinates": [-118.348158, 34.03986]}, "properties": {"ftype": "station", "name": "Washington & La Brea", "tier": 1, "lines": ["Washington Line", "La Brea Line"], "headway": "90 s"}}, {"type": "Feature", "geometry": {"type": "Point", "coordinates": [-118.329086, 34.039098]}, "properties": {"ftype": "station", "name": "Washington & Crenshaw", "tier": 1, "lines": ["Washington Line", "Crenshaw Line"], "headway": "90 s"}}, {"type": "Feature", "geometry": {"type": "Point", "coordinates": [-118.309215, 34.036909]}, "properties": {"ftype": "station", "name": "Washington & Western", "tier": 1, "lines": ["Washington Line", "Western Line"], "headway": "90 s"}}, {"type": "Feature", "geometry": {"type": "Point", "coordinates": [-118.300314, 34.035792]}, "properties": {"ftype": "station", "name": "Washington & Normandie", "tier": 1, "lines": ["Washington Line", "Normandie Line"], "headway": "90 s"}}, {"type": "Feature", "geometry": {"type": "Point", "coordinates": [-118.291423, 34.034373]}, "properties": {"ftype": "station", "name": "Washington & Vermont", "tier": 1, "lines": ["Washington Line", "Vermont Line"], "headway": "90 s"}}, {"type": "Feature", "geometry": {"type": "Point", "coordinates": [-118.266938, 34.02902]}, "properties": {"ftype": "station", "name": "Washington & Figueroa", "tier": 1, "lines": ["Washington Line", "Figueroa Line", "Broadway Line"], "headway": "90 s"}}, {"type": "Feature", "geometry": {"type": "Point", "coordinates": [-118.248384, 34.023954]}, "properties": {"ftype": "station", "name": "Washington & Central", "tier": 1, "lines": ["Washington Line", "Central Line"], "headway": "90 s"}}, {"type": "Feature", "geometry": {"type": "Point", "coordinates": [-118.218322, 34.016611]}, "properties": {"ftype": "station", "name": "Washington & Soto", "tier": 1, "lines": ["Washington Line", "Soto Line"], "headway": "90 s"}}, {"type": "Feature", "geometry": {"type": "Point", "coordinates": [-118.3342, 34.01423]}, "properties": {"ftype": "station", "name": "MLK & Crenshaw", "tier": 1, "lines": ["MLK Line", "Crenshaw Line"], "headway": "90 s"}}, {"type": "Feature", "geometry": {"type": "Point", "coordinates": [-118.309187, 34.011352]}, "properties": {"ftype": "station", "name": "MLK & Western", "tier": 1, "lines": ["MLK Line", "Western Line"], "headway": "90 s"}}, {"type": "Feature", "geometry": {"type": "Point", "coordinates": [-118.300347, 34.010856]}, "properties": {"ftype": "station", "name": "MLK & Normandie", "tier": 1, "lines": ["MLK Line", "Normandie Line"], "headway": "90 s"}}, {"type": "Feature", "geometry": {"type": "Point", "coordinates": [-118.291534, 34.010497]}, "properties": {"ftype": "station", "name": "MLK & Vermont", "tier": 1, "lines": ["MLK Line", "Vermont Line"], "headway": "90 s"}}, {"type": "Feature", "geometry": {"type": "Point", "coordinates": [-118.272293, 34.00948]}, "properties": {"ftype": "station", "name": "MLK & Figueroa", "tier": 1, "lines": ["MLK Line", "Figueroa Line", "Broadway Line"], "headway": "90 s"}}, {"type": "Feature", "geometry": {"type": "Point", "coordinates": [-118.253675, 34.002547]}, "properties": {"ftype": "station", "name": "MLK & Central", "tier": 1, "lines": ["MLK Line", "Central Line", "Vernon Line"], "headway": "90 s"}}, {"type": "Feature", "geometry": {"type": "Point", "coordinates": [-118.187448, 33.922282]}, "properties": {"ftype": "station", "name": "MLK & Atlantic", "tier": 1, "lines": ["MLK Line", "Atlantic Line"], "headway": "90 s"}}, {"type": "Feature", "geometry": {"type": "Point", "coordinates": [-118.404695, 34.003022]}, "properties": {"ftype": "station", "name": "Vernon & Sepulveda", "tier": 1, "lines": ["Vernon Line", "Sepulveda Line"], "headway": "90 s"}}, {"type": "Feature", "geometry": {"type": "Point", "coordinates": [-118.463363, 33.999241]}, "properties": {"ftype": "station", "name": "Vernon & Lincoln", "tier": 1, "lines": ["Vernon Line", "Lincoln Line"], "headway": "90 s"}}, {"type": "Feature", "geometry": {"type": "Point", "coordinates": [-118.399513, 34.0031]}, "properties": {"ftype": "station", "name": "Vernon & Westwood", "tier": 1, "lines": ["Vernon Line", "Westwood Line"], "headway": "90 s"}}, {"type": "Feature", "geometry": {"type": "Point", "coordinates": [-118.371715, 34.003517]}, "properties": {"ftype": "station", "name": "Vernon & La Cienega", "tier": 1, "lines": ["Vernon Line", "La Cienega Line"], "headway": "90 s"}}, {"type": "Feature", "geometry": {"type": "Point", "coordinates": [-118.365982, 34.003592]}, "properties": {"ftype": "station", "name": "Vernon & Fairfax", "tier": 1, "lines": ["Vernon Line", "Fairfax Line"], "headway": "90 s"}}, {"type": "Feature", "geometry": {"type": "Point", "coordinates": [-118.35794, 34.003657]}, "properties": {"ftype": "station", "name": "Vernon & La Brea", "tier": 1, "lines": ["Vernon Line", "La Brea Line"], "headway": "90 s"}}, {"type": "Feature", "geometry": {"type": "Point", "coordinates": [-118.332846, 34.003863]}, "properties": {"ftype": "station", "name": "Vernon & Crenshaw", "tier": 1, "lines": ["Vernon Line", "Crenshaw Line"], "headway": "90 s"}}, {"type": "Feature", "geometry": {"type": "Point", "coordinates": [-118.309179, 34.004057]}, "properties": {"ftype": "station", "name": "Vernon & Western", "tier": 1, "lines": ["Vernon Line", "Western Line"], "headway": "90 s"}}, {"type": "Feature", "geometry": {"type": "Point", "coordinates": [-118.300351, 34.00413]}, "properties": {"ftype": "station", "name": "Vernon & Normandie", "tier": 1, "lines": ["Vernon Line", "Normandie Line"], "headway": "90 s"}}, {"type": "Feature", "geometry": {"type": "Point", "coordinates": [-118.291564, 34.00422]}, "properties": {"ftype": "station", "name": "Vernon & Vermont", "tier": 1, "lines": ["Vernon Line", "Vermont Line"], "headway": "90 s"}}, {"type": "Feature", "geometry": {"type": "Point", "coordinates": [-118.273657, 34.004439]}, "properties": {"ftype": "station", "name": "Vernon & Figueroa", "tier": 1, "lines": ["Vernon Line", "Figueroa Line", "Broadway Line"], "headway": "90 s"}}, {"type": "Feature", "geometry": {"type": "Point", "coordinates": [-118.219384, 34.005249]}, "properties": {"ftype": "station", "name": "Vernon & Soto", "tier": 1, "lines": ["Vernon Line", "Soto Line"], "headway": "90 s"}}, {"type": "Feature", "geometry": {"type": "Point", "coordinates": [-118.395459, 33.959984]}, "properties": {"ftype": "station", "name": "Manchester & Sepulveda", "tier": 1, "lines": ["Manchester Line", "Sepulveda Line"], "headway": "90 s"}}, {"type": "Feature", "geometry": {"type": "Point", "coordinates": [-118.41836, 33.959202]}, "properties": {"ftype": "station", "name": "Manchester & Lincoln", "tier": 1, "lines": ["Manchester Line", "Lincoln Line"], "headway": "90 s"}}, {"type": "Feature", "geometry": {"type": "Point", "coordinates": [-118.370442, 33.962551]}, "properties": {"ftype": "station", "name": "Manchester & La Cienega", "tier": 1, "lines": ["Manchester Line", "La Cienega Line", "Florence Line"], "headway": "90 s"}}, {"type": "Feature", "geometry": {"type": "Point", "coordinates": [-118.353772, 33.961308]}, "properties": {"ftype": "station", "name": "Manchester & La Brea", "tier": 1, "lines": ["Manchester Line", "La Brea Line"], "headway": "90 s"}}, {"type": "Feature", "geometry": {"type": "Point", "coordinates": [-118.328438, 33.960464]}, "properties": {"ftype": "station", "name": "Manchester & Crenshaw", "tier": 1, "lines": ["Manchester Line", "Crenshaw Line"], "headway": "90 s"}}, {"type": "Feature", "geometry": {"type": "Point", "coordinates": [-118.309161, 33.960305]}, "properties": {"ftype": "station", "name": "Manchester & Western", "tier": 1, "lines": ["Manchester Line", "Western Line"], "headway": "90 s"}}, {"type": "Feature", "geometry": {"type": "Point", "coordinates": [-118.300376, 33.960232]}, "properties": {"ftype": "station", "name": "Manchester & Normandie", "tier": 1, "lines": ["Manchester Line", "Normandie Line"], "headway": "90 s"}}, {"type": "Feature", "geometry": {"type": "Point", "coordinates": [-118.291742, 33.960187]}, "properties": {"ftype": "station", "name": "Manchester & Vermont", "tier": 1, "lines": ["Manchester Line", "Vermont Line"], "headway": "90 s"}}, {"type": "Feature", "geometry": {"type": "Point", "coordinates": [-118.280552, 33.960179]}, "properties": {"ftype": "station", "name": "Manchester & Figueroa", "tier": 1, "lines": ["Manchester Line", "Figueroa Line", "Broadway Line"], "headway": "90 s"}}, {"type": "Feature", "geometry": {"type": "Point", "coordinates": [-118.255637, 33.960162]}, "properties": {"ftype": "station", "name": "Manchester & Central", "tier": 1, "lines": ["Manchester Line", "Central Line"], "headway": "90 s"}}, {"type": "Feature", "geometry": {"type": "Point", "coordinates": [-118.395697, 33.944944]}, "properties": {"ftype": "station", "name": "Century & Sepulveda", "tier": 1, "lines": ["Century Line", "Sepulveda Line"], "headway": "90 s"}}, {"type": "Feature", "geometry": {"type": "Point", "coordinates": [-118.37028, 33.945367]}, "properties": {"ftype": "station", "name": "Century & La Cienega", "tier": 1, "lines": ["Century Line", "La Cienega Line"], "headway": "90 s"}}, {"type": "Feature", "geometry": {"type": "Point", "coordinates": [-118.327464, 33.945459]}, "properties": {"ftype": "station", "name": "Century & Crenshaw", "tier": 1, "lines": ["Century Line", "Crenshaw Line"], "headway": "90 s"}}, {"type": "Feature", "geometry": {"type": "Point", "coordinates": [-118.309155, 33.945542]}, "properties": {"ftype": "station", "name": "Century & Western", "tier": 1, "lines": ["Century Line", "Western Line"], "headway": "90 s"}}, {"type": "Feature", "geometry": {"type": "Point", "coordinates": [-118.300387, 33.945581]}, "properties": {"ftype": "station", "name": "Century & Normandie", "tier": 1, "lines": ["Century Line", "Normandie Line"], "headway": "90 s"}}, {"type": "Feature", "geometry": {"type": "Point", "coordinates": [-118.291796, 33.945619]}, "properties": {"ftype": "station", "name": "Century & Vermont", "tier": 1, "lines": ["Century Line", "Vermont Line"], "headway": "90 s"}}, {"type": "Feature", "geometry": {"type": "Point", "coordinates": [-118.281726, 33.945676]}, "properties": {"ftype": "station", "name": "Century & Figueroa", "tier": 1, "lines": ["Century Line", "Figueroa Line"], "headway": "90 s"}}, {"type": "Feature", "geometry": {"type": "Point", "coordinates": [-118.278536, 33.945701]}, "properties": {"ftype": "station", "name": "Century & Broadway", "tier": 1, "lines": ["Century Line", "Broadway Line"], "headway": "90 s"}}, {"type": "Feature", "geometry": {"type": "Point", "coordinates": [-118.255189, 33.945877]}, "properties": {"ftype": "station", "name": "Century & Central", "tier": 1, "lines": ["Century Line", "Central Line"], "headway": "90 s"}}, {"type": "Feature", "geometry": {"type": "Point", "coordinates": [-118.395565, 33.990844]}, "properties": {"ftype": "station", "name": "Slauson & Sepulveda", "tier": 1, "lines": ["Slauson Line", "Sepulveda Line"], "headway": "90 s"}}, {"type": "Feature", "geometry": {"type": "Point", "coordinates": [-118.369995, 33.988213]}, "properties": {"ftype": "station", "name": "Slauson & La Cienega", "tier": 1, "lines": ["Slauson Line", "La Cienega Line"], "headway": "90 s"}}, {"type": "Feature", "geometry": {"type": "Point", "coordinates": [-118.362741, 33.988217]}, "properties": {"ftype": "station", "name": "Slauson & Fairfax", "tier": 1, "lines": ["Slauson Line", "Fairfax Line"], "headway": "90 s"}}, {"type": "Feature", "geometry": {"type": "Point", "coordinates": [-118.358362, 33.988279]}, "properties": {"ftype": "station", "name": "Slauson & La Brea", "tier": 1, "lines": ["Slauson Line", "La Brea Line"], "headway": "90 s"}}, {"type": "Feature", "geometry": {"type": "Point", "coordinates": [-118.331149, 33.988619]}, "properties": {"ftype": "station", "name": "Slauson & Crenshaw", "tier": 1, "lines": ["Slauson Line", "Crenshaw Line"], "headway": "90 s"}}, {"type": "Feature", "geometry": {"type": "Point", "coordinates": [-118.309173, 33.988803]}, "properties": {"ftype": "station", "name": "Slauson & Western", "tier": 1, "lines": ["Slauson Line", "Western Line"], "headway": "90 s"}}, {"type": "Feature", "geometry": {"type": "Point", "coordinates": [-118.300359, 33.988797]}, "properties": {"ftype": "station", "name": "Slauson & Normandie", "tier": 1, "lines": ["Slauson Line", "Normandie Line"], "headway": "90 s"}}, {"type": "Feature", "geometry": {"type": "Point", "coordinates": [-118.291635, 33.988791]}, "properties": {"ftype": "station", "name": "Slauson & Vermont", "tier": 1, "lines": ["Slauson Line", "Vermont Line"], "headway": "90 s"}}, {"type": "Feature", "geometry": {"type": "Point", "coordinates": [-118.276899, 33.988781]}, "properties": {"ftype": "station", "name": "Slauson & Figueroa", "tier": 1, "lines": ["Slauson Line", "Figueroa Line", "Broadway Line"], "headway": "90 s"}}, {"type": "Feature", "geometry": {"type": "Point", "coordinates": [-118.255047, 33.988655]}, "properties": {"ftype": "station", "name": "Slauson & Central", "tier": 1, "lines": ["Slauson Line", "Central Line"], "headway": "90 s"}}, {"type": "Feature", "geometry": {"type": "Point", "coordinates": [-118.182515, 33.986875]}, "properties": {"ftype": "station", "name": "Slauson & Atlantic", "tier": 1, "lines": ["Slauson Line", "Atlantic Line"], "headway": "90 s"}}, {"type": "Feature", "geometry": {"type": "Point", "coordinates": [-118.354989, 33.966443]}, "properties": {"ftype": "station", "name": "Florence & La Brea", "tier": 1, "lines": ["Florence Line", "La Brea Line"], "headway": "90 s"}}, {"type": "Feature", "geometry": {"type": "Point", "coordinates": [-118.329494, 33.97]}, "properties": {"ftype": "station", "name": "Florence & Crenshaw", "tier": 1, "lines": ["Florence Line", "Crenshaw Line"], "headway": "90 s"}}, {"type": "Feature", "geometry": {"type": "Point", "coordinates": [-118.309165, 33.971113]}, "properties": {"ftype": "station", "name": "Florence & Western", "tier": 1, "lines": ["Florence Line", "Western Line"], "headway": "90 s"}}, {"type": "Feature", "geometry": {"type": "Point", "coordinates": [-118.300368, 33.971595]}, "properties": {"ftype": "station", "name": "Florence & Normandie", "tier": 1, "lines": ["Florence Line", "Normandie Line"], "headway": "90 s"}}, {"type": "Feature", "geometry": {"type": "Point", "coordinates": [-118.291699, 33.971596]}, "properties": {"ftype": "station", "name": "Florence & Vermont", "tier": 1, "lines": ["Florence Line", "Vermont Line"], "headway": "90 s"}}, {"type": "Feature", "geometry": {"type": "Point", "coordinates": [-118.27911, 33.971471]}, "properties": {"ftype": "station", "name": "Florence & Figueroa", "tier": 1, "lines": ["Florence Line", "Figueroa Line", "Broadway Line"], "headway": "90 s"}}, {"type": "Feature", "geometry": {"type": "Point", "coordinates": [-118.25577, 33.971238]}, "properties": {"ftype": "station", "name": "Florence & Central", "tier": 1, "lines": ["Florence Line", "Central Line"], "headway": "90 s"}}, {"type": "Feature", "geometry": {"type": "Point", "coordinates": [-118.184934, 33.967229]}, "properties": {"ftype": "station", "name": "Florence & Atlantic", "tier": 1, "lines": ["Florence Line", "Atlantic Line"], "headway": "90 s"}}, {"type": "Feature", "geometry": {"type": "Point", "coordinates": [-118.213987, 34.033895]}, "properties": {"ftype": "station", "name": "Whittier & Soto", "tier": 1, "lines": ["Whittier Line", "Soto Line"], "headway": "90 s"}}, {"type": "Feature", "geometry": {"type": "Point", "coordinates": [-118.157001, 34.020185]}, "properties": {"ftype": "station", "name": "Whittier & Atlantic", "tier": 1, "lines": ["Whittier Line", "Atlantic Line"], "headway": "90 s"}}, {"type": "Feature", "geometry": {"type": "Point", "coordinates": [-118.24619, 34.062599]}, "properties": {"ftype": "station", "name": "Chavez & Figueroa", "tier": 1, "lines": ["Chavez Line", "Figueroa Line", "Sunset Line"], "headway": "90 s"}}, {"type": "Feature", "geometry": {"type": "Point", "coordinates": [-118.207539, 34.04745]}, "properties": {"ftype": "station", "name": "Chavez & Soto", "tier": 1, "lines": ["Chavez Line", "Soto Line"], "headway": "90 s"}}, {"type": "Feature", "geometry": {"type": "Point", "coordinates": [-118.510056, 34.160951]}, "properties": {"ftype": "station", "name": "Ventura & Louise Avenue", "tier": 1, "lines": ["Ventura Line"], "headway": "90 s"}}, {"type": "Feature", "geometry": {"type": "Point", "coordinates": [-118.499844, 34.159162]}, "properties": {"ftype": "station", "name": "Ventura & Park Encino Lane", "tier": 1, "lines": ["Ventura Line"], "headway": "90 s"}}, {"type": "Feature", "geometry": {"type": "Point", "coordinates": [-118.489612, 34.15745]}, "properties": {"ftype": "station", "name": "Ventura & Noeline Avenue", "tier": 1, "lines": ["Ventura Line"], "headway": "90 s"}}, {"type": "Feature", "geometry": {"type": "Point", "coordinates": [-118.479377, 34.155752]}, "properties": {"ftype": "station", "name": "Ventura & Gloria Avenue", "tier": 1, "lines": ["Ventura Line"], "headway": "90 s"}}, {"type": "Feature", "geometry": {"type": "Point", "coordinates": [-118.459373, 34.152455]}, "properties": {"ftype": "station", "name": "Ventura & Lemona Avenue", "tier": 1, "lines": ["Ventura Line"], "headway": "90 s"}}, {"type": "Feature", "geometry": {"type": "Point", "coordinates": [-118.439835, 34.14935]}, "properties": {"ftype": "station", "name": "Ventura & Hazeltine Avenue", "tier": 1, "lines": ["Ventura Line"], "headway": "90 s"}}, {"type": "Feature", "geometry": {"type": "Point", "coordinates": [-118.430076, 34.1478]}, "properties": {"ftype": "station", "name": "Ventura & Ventura Canyon Avenue", "tier": 1, "lines": ["Ventura Line"], "headway": "90 s"}}, {"type": "Feature", "geometry": {"type": "Point", "coordinates": [-118.420316, 34.146255]}, "properties": {"ftype": "station", "name": "Ventura & Mary Ellen Avenue", "tier": 1, "lines": ["Ventura Line"], "headway": "90 s"}}, {"type": "Feature", "geometry": {"type": "Point", "coordinates": [-118.410556, 34.14471]}, "properties": {"ftype": "station", "name": "Ventura & Fairway Avenue", "tier": 1, "lines": ["Ventura Line"], "headway": "90 s"}}, {"type": "Feature", "geometry": {"type": "Point", "coordinates": [-118.400773, 34.143272]}, "properties": {"ftype": "station", "name": "Ventura & Laurelgrove Avenue", "tier": 1, "lines": ["Ventura Line"], "headway": "90 s"}}, {"type": "Feature", "geometry": {"type": "Point", "coordinates": [-118.381959, 34.14059]}, "properties": {"ftype": "station", "name": "Ventura 11", "tier": 1, "lines": ["Ventura Line"], "headway": "90 s"}}, {"type": "Feature", "geometry": {"type": "Point", "coordinates": [-118.372827, 34.140451]}, "properties": {"ftype": "station", "name": "Ventura & Sunshine Terrace", "tier": 1, "lines": ["Ventura Line"], "headway": "90 s"}}, {"type": "Feature", "geometry": {"type": "Point", "coordinates": [-118.515643, 34.186721]}, "properties": {"ftype": "station", "name": "Victory 1", "tier": 1, "lines": ["Victory Line"], "headway": "90 s"}}, {"type": "Feature", "geometry": {"type": "Point", "coordinates": [-118.505853, 34.186647]}, "properties": {"ftype": "station", "name": "Victory 2", "tier": 1, "lines": ["Victory Line"], "headway": "90 s"}}, {"type": "Feature", "geometry": {"type": "Point", "coordinates": [-118.496062, 34.186572]}, "properties": {"ftype": "station", "name": "Victory 3", "tier": 1, "lines": ["Victory Line"], "headway": "90 s"}}, {"type": "Feature", "geometry": {"type": "Point", "coordinates": [-118.486272, 34.186498]}, "properties": {"ftype": "station", "name": "Victory & Valjean Avenue", "tier": 1, "lines": ["Victory Line"], "headway": "90 s"}}, {"type": "Feature", "geometry": {"type": "Point", "coordinates": [-118.476481, 34.186424]}, "properties": {"ftype": "station", "name": "Victory & Whitman Avenue", "tier": 1, "lines": ["Victory Line"], "headway": "90 s"}}, {"type": "Feature", "geometry": {"type": "Point", "coordinates": [-118.457854, 34.186282]}, "properties": {"ftype": "station", "name": "Victory & Kester Avenue", "tier": 1, "lines": ["Victory Line"], "headway": "90 s"}}, {"type": "Feature", "geometry": {"type": "Point", "coordinates": [-118.438351, 34.186134]}, "properties": {"ftype": "station", "name": "Victory & Murietta Avenue", "tier": 1, "lines": ["Victory Line"], "headway": "90 s"}}, {"type": "Feature", "geometry": {"type": "Point", "coordinates": [-118.427686, 34.186041]}, "properties": {"ftype": "station", "name": "Victory & Allott Avenue", "tier": 1, "lines": ["Victory Line"], "headway": "90 s"}}, {"type": "Feature", "geometry": {"type": "Point", "coordinates": [-118.417021, 34.185906]}, "properties": {"ftype": "station", "name": "Victory 9", "tier": 1, "lines": ["Victory Line"], "headway": "90 s"}}, {"type": "Feature", "geometry": {"type": "Point", "coordinates": [-118.406356, 34.185772]}, "properties": {"ftype": "station", "name": "Victory & Babcock Avenue", "tier": 1, "lines": ["Victory Line"], "headway": "90 s"}}, {"type": "Feature", "geometry": {"type": "Point", "coordinates": [-118.373704, 34.18536]}, "properties": {"ftype": "station", "name": "Victory & Sylvan Street", "tier": 1, "lines": ["Victory Line"], "headway": "90 s"}}, {"type": "Feature", "geometry": {"type": "Point", "coordinates": [-118.363777, 34.185196]}, "properties": {"ftype": "station", "name": "Victory 12", "tier": 1, "lines": ["Victory Line"], "headway": "90 s"}}, {"type": "Feature", "geometry": {"type": "Point", "coordinates": [-118.353853, 34.184945]}, "properties": {"ftype": "station", "name": "Victory & Pass Avenue", "tier": 1, "lines": ["Victory Line"], "headway": "90 s"}}, {"type": "Feature", "geometry": {"type": "Point", "coordinates": [-118.343928, 34.184693]}, "properties": {"ftype": "station", "name": "Victory & Ontario Street", "tier": 1, "lines": ["Victory Line"], "headway": "90 s"}}, {"type": "Feature", "geometry": {"type": "Point", "coordinates": [-118.334055, 34.18413]}, "properties": {"ftype": "station", "name": "Victory & Myers Street", "tier": 1, "lines": ["Victory Line"], "headway": "90 s"}}, {"type": "Feature", "geometry": {"type": "Point", "coordinates": [-118.324599, 34.181781]}, "properties": {"ftype": "station", "name": "Victory & Isabel Street", "tier": 1, "lines": ["Victory Line"], "headway": "90 s"}}, {"type": "Feature", "geometry": {"type": "Point", "coordinates": [-118.317132, 34.176543]}, "properties": {"ftype": "station", "name": "Victory & Palm Avenue", "tier": 1, "lines": ["Victory Line"], "headway": "90 s"}}, {"type": "Feature", "geometry": {"type": "Point", "coordinates": [-118.310865, 34.170135]}, "properties": {"ftype": "station", "name": "Victory & Providencia Avenue", "tier": 1, "lines": ["Victory Line"], "headway": "90 s"}}, {"type": "Feature", "geometry": {"type": "Point", "coordinates": [-118.303935, 34.164211]}, "properties": {"ftype": "station", "name": "Victory & Allen Avenue", "tier": 1, "lines": ["Victory Line"], "headway": "90 s"}}, {"type": "Feature", "geometry": {"type": "Point", "coordinates": [-118.35427, 34.100913]}, "properties": {"ftype": "station", "name": "Hollywood & Curson Avenue", "tier": 1, "lines": ["Hollywood Line"], "headway": "90 s"}}, {"type": "Feature", "geometry": {"type": "Point", "coordinates": [-118.33688, 34.101341]}, "properties": {"ftype": "station", "name": "Hollywood & McCadden Place", "tier": 1, "lines": ["Hollywood Line"], "headway": "90 s"}}, {"type": "Feature", "geometry": {"type": "Point", "coordinates": [-118.327676, 34.101292]}, "properties": {"ftype": "station", "name": "Hollywood & Ivar Avenue", "tier": 1, "lines": ["Hollywood Line"], "headway": "90 s"}}, {"type": "Feature", "geometry": {"type": "Point", "coordinates": [-118.318473, 34.101242]}, "properties": {"ftype": "station", "name": "Hollywood & Bronson Avenue", "tier": 1, "lines": ["Hollywood Line"], "headway": "90 s"}}, {"type": "Feature", "geometry": {"type": "Point", "coordinates": [-118.512808, 34.0473]}, "properties": {"ftype": "station", "name": "Sunset & Will Rogers State Park Road", "tier": 1, "lines": ["Sunset Line"], "headway": "90 s"}}, {"type": "Feature", "geometry": {"type": "Point", "coordinates": [-118.504236, 34.051403]}, "properties": {"ftype": "station", "name": "Sunset & Corsica Drive", "tier": 1, "lines": ["Sunset Line"], "headway": "90 s"}}, {"type": "Feature", "geometry": {"type": "Point", "coordinates": [-118.496777, 34.056819]}, "properties": {"ftype": "station", "name": "Sunset & Westcove Drive", "tier": 1, "lines": ["Sunset Line"], "headway": "90 s"}}, {"type": "Feature", "geometry": {"type": "Point", "coordinates": [-118.487512, 34.057523]}, "properties": {"ftype": "station", "name": "Sunset & Bristol Circle", "tier": 1, "lines": ["Sunset Line"], "headway": "90 s"}}, {"type": "Feature", "geometry": {"type": "Point", "coordinates": [-118.478397, 34.060301]}, "properties": {"ftype": "station", "name": "Sunset & Tigertail Road", "tier": 1, "lines": ["Sunset Line"], "headway": "90 s"}}, {"type": "Feature", "geometry": {"type": "Point", "coordinates": [-118.471634, 34.066274]}, "properties": {"ftype": "station", "name": "Sunset & Chaparal Street", "tier": 1, "lines": ["Sunset Line"], "headway": "90 s"}}, {"type": "Feature", "geometry": {"type": "Point", "coordinates": [-118.455474, 34.075254]}, "properties": {"ftype": "station", "name": "Sunset & Veteran Avenue", "tier": 1, "lines": ["Sunset Line"], "headway": "90 s"}}, {"type": "Feature", "geometry": {"type": "Point", "coordinates": [-118.445053, 34.07573]}, "properties": {"ftype": "station", "name": "Sunset & Charles E. Young Drive North", "tier": 1, "lines": ["Sunset Line"], "headway": "90 s"}}, {"type": "Feature", "geometry": {"type": "Point", "coordinates": [-118.435841, 34.080151]}, "properties": {"ftype": "station", "name": "Sunset & Beverly Glen Boulevard", "tier": 1, "lines": ["Sunset Line"], "headway": "90 s"}}, {"type": "Feature", "geometry": {"type": "Point", "coordinates": [-118.425515, 34.0798]}, "properties": {"ftype": "station", "name": "Sunset & Carolwood Drive", "tier": 1, "lines": ["Sunset Line"], "headway": "90 s"}}, {"type": "Feature", "geometry": {"type": "Point", "coordinates": [-118.415434, 34.080489]}, "properties": {"ftype": "station", "name": "Sunset & Benedict Canyon Drive", "tier": 1, "lines": ["Sunset Line"], "headway": "90 s"}}, {"type": "Feature", "geometry": {"type": "Point", "coordinates": [-118.40642, 34.085183]}, "properties": {"ftype": "station", "name": "Sunset & Foothill Road", "tier": 1, "lines": ["Sunset Line"], "headway": "90 s"}}, {"type": "Feature", "geometry": {"type": "Point", "coordinates": [-118.396477, 34.088282]}, "properties": {"ftype": "station", "name": "Sunset & Arden Drive", "tier": 1, "lines": ["Sunset Line"], "headway": "90 s"}}, {"type": "Feature", "geometry": {"type": "Point", "coordinates": [-118.386322, 34.090918]}, "properties": {"ftype": "station", "name": "Sunset & Hilldale Avenue", "tier": 1, "lines": ["Sunset Line"], "headway": "90 s"}}, {"type": "Feature", "geometry": {"type": "Point", "coordinates": [-118.354146, 34.097074]}, "properties": {"ftype": "station", "name": "Sunset & Sierra Bonita Avenue", "tier": 1, "lines": ["Sunset Line"], "headway": "90 s"}}, {"type": "Feature", "geometry": {"type": "Point", "coordinates": [-118.336683, 34.09734]}, "properties": {"ftype": "station", "name": "Sunset & Las Palmas Avenue", "tier": 1, "lines": ["Sunset Line"], "headway": "90 s"}}, {"type": "Feature", "geometry": {"type": "Point", "coordinates": [-118.327538, 34.097117]}, "properties": {"ftype": "station", "name": "Sunset & Morningside Court", "tier": 1, "lines": ["Sunset Line"], "headway": "90 s"}}, {"type": "Feature", "geometry": {"type": "Point", "coordinates": [-118.318393, 34.096894]}, "properties": {"ftype": "station", "name": "Sunset & Bronson Avenue", "tier": 1, "lines": ["Sunset Line"], "headway": "90 s"}}, {"type": "Feature", "geometry": {"type": "Point", "coordinates": [-118.281859, 34.090868]}, "properties": {"ftype": "station", "name": "Sunset & Sanborn Avenue", "tier": 1, "lines": ["Sunset Line", "Santa Monica Line"], "headway": "90 s"}}, {"type": "Feature", "geometry": {"type": "Point", "coordinates": [-118.274465, 34.085563]}, "properties": {"ftype": "station", "name": "Sunset & Westerly Terrace", "tier": 1, "lines": ["Sunset Line"], "headway": "90 s"}}, {"type": "Feature", "geometry": {"type": "Point", "coordinates": [-118.267133, 34.079874]}, "properties": {"ftype": "station", "name": "Sunset & Coronado Terrace", "tier": 1, "lines": ["Sunset Line"], "headway": "90 s"}}, {"type": "Feature", "geometry": {"type": "Point", "coordinates": [-118.258324, 34.075878]}, "properties": {"ftype": "station", "name": "Sunset & Echo Park Avenue", "tier": 1, "lines": ["Sunset Line"], "headway": "90 s"}}, {"type": "Feature", "geometry": {"type": "Point", "coordinates": [-118.251156, 34.070104]}, "properties": {"ftype": "station", "name": "Sunset & Kensington Road", "tier": 1, "lines": ["Sunset Line"], "headway": "90 s"}}, {"type": "Feature", "geometry": {"type": "Point", "coordinates": [-118.482919, 34.024456]}, "properties": {"ftype": "station", "name": "Santa Monica & 16th Street", "tier": 1, "lines": ["Santa Monica Line"], "headway": "90 s"}}, {"type": "Feature", "geometry": {"type": "Point", "coordinates": [-118.475629, 34.029445]}, "properties": {"ftype": "station", "name": "Santa Monica & Broadway", "tier": 1, "lines": ["Santa Monica Line"], "headway": "90 s"}}, {"type": "Feature", "geometry": {"type": "Point", "coordinates": [-118.468098, 34.034174]}, "properties": {"ftype": "station", "name": "Santa Monica & Stanford Street", "tier": 1, "lines": ["Santa Monica Line"], "headway": "90 s"}}, {"type": "Feature", "geometry": {"type": "Point", "coordinates": [-118.460497, 34.038827]}, "properties": {"ftype": "station", "name": "Santa Monica & Idaho Avenue", "tier": 1, "lines": ["Santa Monica Line"], "headway": "90 s"}}, {"type": "Feature", "geometry": {"type": "Point", "coordinates": [-118.452896, 34.04348]}, "properties": {"ftype": "station", "name": "Santa Monica 5", "tier": 1, "lines": ["Santa Monica Line"], "headway": "90 s"}}, {"type": "Feature", "geometry": {"type": "Point", "coordinates": [-118.429061, 34.056436]}, "properties": {"ftype": "station", "name": "Santa Monica & Fairburn Avenue", "tier": 1, "lines": ["Santa Monica Line"], "headway": "90 s"}}, {"type": "Feature", "geometry": {"type": "Point", "coordinates": [-118.420176, 34.061403]}, "properties": {"ftype": "station", "name": "Santa Monica & Club View Drive", "tier": 1, "lines": ["Santa Monica Line"], "headway": "90 s"}}, {"type": "Feature", "geometry": {"type": "Point", "coordinates": [-118.411403, 34.066503]}, "properties": {"ftype": "station", "name": "Santa Monica & Wilshire Boulevard", "tier": 1, "lines": ["Santa Monica Line"], "headway": "90 s"}}, {"type": "Feature", "geometry": {"type": "Point", "coordinates": [-118.402834, 34.071838]}, "properties": {"ftype": "station", "name": "Santa Monica & Canon Drive", "tier": 1, "lines": ["Santa Monica Line"], "headway": "90 s"}}, {"type": "Feature", "geometry": {"type": "Point", "coordinates": [-118.394638, 34.077569]}, "properties": {"ftype": "station", "name": "Santa Monica & Civic Center Drive", "tier": 1, "lines": ["Santa Monica Line"], "headway": "90 s"}}, {"type": "Feature", "geometry": {"type": "Point", "coordinates": [-118.386072, 34.082894]}, "properties": {"ftype": "station", "name": "Santa Monica & Robertson Boulevard", "tier": 1, "lines": ["Santa Monica Line"], "headway": "90 s"}}, {"type": "Feature", "geometry": {"type": "Point", "coordinates": [-118.353913, 34.089415]}, "properties": {"ftype": "station", "name": "Santa Monica & Sierra Bonita Avenue", "tier": 1, "lines": ["Santa Monica Line"], "headway": "90 s"}}, {"type": "Feature", "geometry": {"type": "Point", "coordinates": [-118.336342, 34.090443]}, "properties": {"ftype": "station", "name": "Santa Monica & Las Palmas Avenue", "tier": 1, "lines": ["Santa Monica Line"], "headway": "90 s"}}, {"type": "Feature", "geometry": {"type": "Point", "coordinates": [-118.32732, 34.09065]}, "properties": {"ftype": "station", "name": "Santa Monica & Lillian Way", "tier": 1, "lines": ["Santa Monica Line"], "headway": "90 s"}}, {"type": "Feature", "geometry": {"type": "Point", "coordinates": [-118.318298, 34.090857]}, "properties": {"ftype": "station", "name": "Santa Monica & Bronson Avenue", "tier": 1, "lines": ["Santa Monica Line"], "headway": "90 s"}}, {"type": "Feature", "geometry": {"type": "Point", "coordinates": [-118.487195, 34.02827]}, "properties": {"ftype": "station", "name": "Wilshire & 16th Street", "tier": 1, "lines": ["Wilshire Line"], "headway": "90 s"}}, {"type": "Feature", "geometry": {"type": "Point", "coordinates": [-118.480259, 34.033944]}, "properties": {"ftype": "station", "name": "Wilshire & 24th Street", "tier": 1, "lines": ["Wilshire Line"], "headway": "90 s"}}, {"type": "Feature", "geometry": {"type": "Point", "coordinates": [-118.473289, 34.03959]}, "properties": {"ftype": "station", "name": "Wilshire & Berkeley Street", "tier": 1, "lines": ["Wilshire Line"], "headway": "90 s"}}, {"type": "Feature", "geometry": {"type": "Point", "coordinates": [-118.466287, 34.045208]}, "properties": {"ftype": "station", "name": "Wilshire & Saltair Avenue", "tier": 1, "lines": ["Wilshire Line"], "headway": "90 s"}}, {"type": "Feature", "geometry": {"type": "Point", "coordinates": [-118.459136, 34.050683]}, "properties": {"ftype": "station", "name": "Wilshire & Federal Avenue", "tier": 1, "lines": ["Wilshire Line"], "headway": "90 s"}}, {"type": "Feature", "geometry": {"type": "Point", "coordinates": [-118.434338, 34.063434]}, "properties": {"ftype": "station", "name": "Wilshire & Westholme Avenue", "tier": 1, "lines": ["Wilshire Line"], "headway": "90 s"}}, {"type": "Feature", "geometry": {"type": "Point", "coordinates": [-118.425448, 34.066747]}, "properties": {"ftype": "station", "name": "Wilshire & Comstock Avenue", "tier": 1, "lines": ["Wilshire Line"], "headway": "90 s"}}, {"type": "Feature", "geometry": {"type": "Point", "coordinates": [-118.415663, 34.067234]}, "properties": {"ftype": "station", "name": "Wilshire 8", "tier": 1, "lines": ["Wilshire Line"], "headway": "90 s"}}, {"type": "Feature", "geometry": {"type": "Point", "coordinates": [-118.405838, 34.0669]}, "properties": {"ftype": "station", "name": "Wilshire & Roxbury Drive", "tier": 1, "lines": ["Wilshire Line"], "headway": "90 s"}}, {"type": "Feature", "geometry": {"type": "Point", "coordinates": [-118.396026, 34.066346]}, "properties": {"ftype": "station", "name": "Wilshire & Crescent Drive", "tier": 1, "lines": ["Wilshire Line"], "headway": "90 s"}}, {"type": "Feature", "geometry": {"type": "Point", "coordinates": [-118.386222, 34.065718]}, "properties": {"ftype": "station", "name": "Wilshire & La Peer Drive", "tier": 1, "lines": ["Wilshire Line"], "headway": "90 s"}}, {"type": "Feature", "geometry": {"type": "Point", "coordinates": [-118.354511, 34.063584]}, "properties": {"ftype": "station", "name": "Wilshire & Curson Avenue", "tier": 1, "lines": ["Wilshire Line"], "headway": "90 s"}}, {"type": "Feature", "geometry": {"type": "Point", "coordinates": [-118.335701, 34.062601]}, "properties": {"ftype": "station", "name": "Wilshire & Tremaine Avenue", "tier": 1, "lines": ["Wilshire Line"], "headway": "90 s"}}, {"type": "Feature", "geometry": {"type": "Point", "coordinates": [-118.326881, 34.062177]}, "properties": {"ftype": "station", "name": "Wilshire & Fremont Place West", "tier": 1, "lines": ["Wilshire Line"], "headway": "90 s"}}, {"type": "Feature", "geometry": {"type": "Point", "coordinates": [-118.318062, 34.061752]}, "properties": {"ftype": "station", "name": "Wilshire & Bronson Avenue", "tier": 1, "lines": ["Wilshire Line", "Crenshaw Line"], "headway": "90 s"}}, {"type": "Feature", "geometry": {"type": "Point", "coordinates": [-118.282349, 34.058936]}, "properties": {"ftype": "station", "name": "Wilshire & Coronado Street", "tier": 1, "lines": ["Wilshire Line"], "headway": "90 s"}}, {"type": "Feature", "geometry": {"type": "Point", "coordinates": [-118.273756, 34.056621]}, "properties": {"ftype": "station", "name": "Wilshire & Bonnie Brae Street", "tier": 1, "lines": ["Wilshire Line"], "headway": "90 s"}}, {"type": "Feature", "geometry": {"type": "Point", "coordinates": [-118.2658, 34.053087]}, "properties": {"ftype": "station", "name": "Wilshire & Ingraham Street", "tier": 1, "lines": ["Wilshire Line"], "headway": "90 s"}}, {"type": "Feature", "geometry": {"type": "Point", "coordinates": [-118.478724, 34.021035]}, "properties": {"ftype": "station", "name": "Olympic & 16th Street", "tier": 1, "lines": ["Olympic Line"], "headway": "90 s"}}, {"type": "Feature", "geometry": {"type": "Point", "coordinates": [-118.471415, 34.025751]}, "properties": {"ftype": "station", "name": "Olympic & Cloverfield Boulevard", "tier": 1, "lines": ["Olympic Line"], "headway": "90 s"}}, {"type": "Feature", "geometry": {"type": "Point", "coordinates": [-118.463302, 34.029438]}, "properties": {"ftype": "station", "name": "Olympic 3", "tier": 1, "lines": ["Olympic Line"], "headway": "90 s"}}, {"type": "Feature", "geometry": {"type": "Point", "coordinates": [-118.454957, 34.032777]}, "properties": {"ftype": "station", "name": "Olympic & Bundy Drive", "tier": 1, "lines": ["Olympic Line"], "headway": "90 s"}}, {"type": "Feature", "geometry": {"type": "Point", "coordinates": [-118.446787, 34.036397]}, "properties": {"ftype": "station", "name": "Olympic & Federal Avenue", "tier": 1, "lines": ["Olympic Line"], "headway": "90 s"}}, {"type": "Feature", "geometry": {"type": "Point", "coordinates": [-118.423704, 34.049228]}, "properties": {"ftype": "station", "name": "Olympic & Balsam Avenue", "tier": 1, "lines": ["Olympic Line"], "headway": "90 s"}}, {"type": "Feature", "geometry": {"type": "Point", "coordinates": [-118.415795, 34.054736]}, "properties": {"ftype": "station", "name": "Olympic & Century Woods Drive", "tier": 1, "lines": ["Olympic Line"], "headway": "90 s"}}, {"type": "Feature", "geometry": {"type": "Point", "coordinates": [-118.407342, 34.059193]}, "properties": {"ftype": "station", "name": "Olympic & Linden Drive", "tier": 1, "lines": ["Olympic Line"], "headway": "90 s"}}, {"type": "Feature", "geometry": {"type": "Point", "coordinates": [-118.397046, 34.059382]}, "properties": {"ftype": "station", "name": "Olympic & Canon Drive", "tier": 1, "lines": ["Olympic Line"], "headway": "90 s"}}, {"type": "Feature", "geometry": {"type": "Point", "coordinates": [-118.386744, 34.059138]}, "properties": {"ftype": "station", "name": "Olympic & La Peer Drive", "tier": 1, "lines": ["Olympic Line"], "headway": "90 s"}}, {"type": "Feature", "geometry": {"type": "Point", "coordinates": [-118.35485, 34.057582]}, "properties": {"ftype": "station", "name": "Olympic & Masselin Avenue", "tier": 1, "lines": ["Olympic Line"], "headway": "90 s"}}, {"type": "Feature", "geometry": {"type": "Point", "coordinates": [-118.337023, 34.05619]}, "properties": {"ftype": "station", "name": "Olympic & Edgewood Place", "tier": 1, "lines": ["Olympic Line"], "headway": "90 s"}}, {"type": "Feature", "geometry": {"type": "Point", "coordinates": [-118.329735, 34.055371]}, "properties": {"ftype": "station", "name": "Olympic & Queen Anne Place", "tier": 1, "lines": ["Olympic Line"], "headway": "90 s"}}, {"type": "Feature", "geometry": {"type": "Point", "coordinates": [-118.280831, 34.049251]}, "properties": {"ftype": "station", "name": "Olympic & Alvarado Street", "tier": 1, "lines": ["Olympic Line"], "headway": "90 s"}}, {"type": "Feature", "geometry": {"type": "Point", "coordinates": [-118.270691, 34.0463]}, "properties": {"ftype": "station", "name": "Olympic & Connecticut Street", "tier": 1, "lines": ["Olympic Line"], "headway": "90 s"}}, {"type": "Feature", "geometry": {"type": "Point", "coordinates": [-118.25094, 34.036365]}, "properties": {"ftype": "station", "name": "Olympic & 9th Place", "tier": 1, "lines": ["Olympic Line"], "headway": "90 s"}}, {"type": "Feature", "geometry": {"type": "Point", "coordinates": [-118.23632, 34.027814]}, "properties": {"ftype": "station", "name": "Olympic & Lawrence Street", "tier": 1, "lines": ["Olympic Line", "Pico Line"], "headway": "90 s"}}, {"type": "Feature", "geometry": {"type": "Point", "coordinates": [-118.226985, 34.025161]}, "properties": {"ftype": "station", "name": "Olympic 18", "tier": 1, "lines": ["Olympic Line", "Pico Line"], "headway": "90 s"}}, {"type": "Feature", "geometry": {"type": "Point", "coordinates": [-118.207489, 34.021945]}, "properties": {"ftype": "station", "name": "Olympic & Concord Street", "tier": 1, "lines": ["Olympic Line"], "headway": "90 s"}}, {"type": "Feature", "geometry": {"type": "Point", "coordinates": [-118.197674, 34.0204]}, "properties": {"ftype": "station", "name": "Olympic 20", "tier": 1, "lines": ["Olympic Line"], "headway": "90 s"}}, {"type": "Feature", "geometry": {"type": "Point", "coordinates": [-118.187798, 34.019155]}, "properties": {"ftype": "station", "name": "Olympic & Townsend Avenue", "tier": 1, "lines": ["Olympic Line"], "headway": "90 s"}}, {"type": "Feature", "geometry": {"type": "Point", "coordinates": [-118.177922, 34.017909]}, "properties": {"ftype": "station", "name": "Olympic & Brannick Avenue", "tier": 1, "lines": ["Olympic Line"], "headway": "90 s"}}, {"type": "Feature", "geometry": {"type": "Point", "coordinates": [-118.168044, 34.016675]}, "properties": {"ftype": "station", "name": "Olympic & Arizona Avenue", "tier": 1, "lines": ["Olympic Line"], "headway": "90 s"}}, {"type": "Feature", "geometry": {"type": "Point", "coordinates": [-118.472199, 34.01746]}, "properties": {"ftype": "station", "name": "Pico & 17th Street", "tier": 1, "lines": ["Pico Line"], "headway": "90 s"}}, {"type": "Feature", "geometry": {"type": "Point", "coordinates": [-118.46314, 34.022331]}, "properties": {"ftype": "station", "name": "Pico & 25th Street", "tier": 1, "lines": ["Pico Line"], "headway": "90 s"}}, {"type": "Feature", "geometry": {"type": "Point", "coordinates": [-118.454079, 34.0272]}, "properties": {"ftype": "station", "name": "Pico & 34th Street", "tier": 1, "lines": ["Pico Line"], "headway": "90 s"}}, {"type": "Feature", "geometry": {"type": "Point", "coordinates": [-118.444925, 34.031945]}, "properties": {"ftype": "station", "name": "Pico & Tennessee Place", "tier": 1, "lines": ["Pico Line"], "headway": "90 s"}}, {"type": "Feature", "geometry": {"type": "Point", "coordinates": [-118.42075, 34.044359]}, "properties": {"ftype": "station", "name": "Pico & Prosser Avenue", "tier": 1, "lines": ["Pico Line"], "headway": "90 s"}}, {"type": "Feature", "geometry": {"type": "Point", "coordinates": [-118.412655, 34.048371]}, "properties": {"ftype": "station", "name": "Pico & Fox Hills Drive", "tier": 1, "lines": ["Pico Line"], "headway": "90 s"}}, {"type": "Feature", "geometry": {"type": "Point", "coordinates": [-118.404258, 34.051931]}, "properties": {"ftype": "station", "name": "Pico & Ambassador Street", "tier": 1, "lines": ["Pico Line"], "headway": "90 s"}}, {"type": "Feature", "geometry": {"type": "Point", "coordinates": [-118.395222, 34.053881]}, "properties": {"ftype": "station", "name": "Pico & Beverly Drive", "tier": 1, "lines": ["Pico Line"], "headway": "90 s"}}, {"type": "Feature", "geometry": {"type": "Point", "coordinates": [-118.385873, 34.053759]}, "properties": {"ftype": "station", "name": "Pico & Alcott Street", "tier": 1, "lines": ["Pico Line"], "headway": "90 s"}}, {"type": "Feature", "geometry": {"type": "Point", "coordinates": [-118.359514, 34.050063]}, "properties": {"ftype": "station", "name": "Pico & Curson Avenue", "tier": 1, "lines": ["Pico Line"], "headway": "90 s"}}, {"type": "Feature", "geometry": {"type": "Point", "coordinates": [-118.352294, 34.049181]}, "properties": {"ftype": "station", "name": "Pico & Dockweiler Place", "tier": 1, "lines": ["Pico Line"], "headway": "90 s"}}, {"type": "Feature", "geometry": {"type": "Point", "coordinates": [-118.335339, 34.048132]}, "properties": {"ftype": "station", "name": "Pico & Mullen Avenue", "tier": 1, "lines": ["Pico Line"], "headway": "90 s"}}, {"type": "Feature", "geometry": {"type": "Point", "coordinates": [-118.317424, 34.047075]}, "properties": {"ftype": "station", "name": "Pico & Arlington Avenue", "tier": 1, "lines": ["Pico Line"], "headway": "90 s"}}, {"type": "Feature", "geometry": {"type": "Point", "coordinates": [-118.281949, 34.042109]}, "properties": {"ftype": "station", "name": "Pico 14", "tier": 1, "lines": ["Pico Line", "Venice Line"], "headway": "90 s"}}, {"type": "Feature", "geometry": {"type": "Point", "coordinates": [-118.272572, 34.039839]}, "properties": {"ftype": "station", "name": "Pico & Wright Street", "tier": 1, "lines": ["Pico Line", "Venice Line"], "headway": "90 s"}}, {"type": "Feature", "geometry": {"type": "Point", "coordinates": [-118.254513, 34.033816]}, "properties": {"ftype": "station", "name": "Pico & San Julian Street", "tier": 1, "lines": ["Pico Line"], "headway": "90 s"}}, {"type": "Feature", "geometry": {"type": "Point", "coordinates": [-118.209439, 34.019064]}, "properties": {"ftype": "station", "name": "Pico & Mines Avenue", "tier": 1, "lines": ["Pico Line"], "headway": "90 s"}}, {"type": "Feature", "geometry": {"type": "Point", "coordinates": [-118.462885, 33.988501]}, "properties": {"ftype": "station", "name": "Venice & Abbot Kinney Boulevard", "tier": 1, "lines": ["Venice Line"], "headway": "90 s"}}, {"type": "Feature", "geometry": {"type": "Point", "coordinates": [-118.446893, 33.997224]}, "properties": {"ftype": "station", "name": "Venice & Walgrove Avenue", "tier": 1, "lines": ["Venice Line"], "headway": "90 s"}}, {"type": "Feature", "geometry": {"type": "Point", "coordinates": [-118.43918, 34.001443]}, "properties": {"ftype": "station", "name": "Venice & May Street", "tier": 1, "lines": ["Venice Line"], "headway": "90 s"}}, {"type": "Feature", "geometry": {"type": "Point", "coordinates": [-118.431467, 34.005661]}, "properties": {"ftype": "station", "name": "Venice & Grand View Boulevard", "tier": 1, "lines": ["Venice Line"], "headway": "90 s"}}, {"type": "Feature", "geometry": {"type": "Point", "coordinates": [-118.423755, 34.009879]}, "properties": {"ftype": "station", "name": "Venice & Biona Drive", "tier": 1, "lines": ["Venice Line"], "headway": "90 s"}}, {"type": "Feature", "geometry": {"type": "Point", "coordinates": [-118.401292, 34.022252]}, "properties": {"ftype": "station", "name": "Venice & Jasmine Avenue", "tier": 1, "lines": ["Venice Line"], "headway": "90 s"}}, {"type": "Feature", "geometry": {"type": "Point", "coordinates": [-118.393042, 34.026799]}, "properties": {"ftype": "station", "name": "Venice & Durango Avenue", "tier": 1, "lines": ["Venice Line"], "headway": "90 s"}}, {"type": "Feature", "geometry": {"type": "Point", "coordinates": [-118.3846, 34.031091]}, "properties": {"ftype": "station", "name": "Venice & Helms Avenue", "tier": 1, "lines": ["Venice Line"], "headway": "90 s"}}, {"type": "Feature", "geometry": {"type": "Point", "coordinates": [-118.361799, 34.04155]}, "properties": {"ftype": "station", "name": "Venice & Marvin Avenue", "tier": 1, "lines": ["Venice Line"], "headway": "90 s"}}, {"type": "Feature", "geometry": {"type": "Point", "coordinates": [-118.354264, 34.044239]}, "properties": {"ftype": "station", "name": "Venice & Cochran Avenue", "tier": 1, "lines": ["Venice Line"], "headway": "90 s"}}, {"type": "Feature", "geometry": {"type": "Point", "coordinates": [-118.33651, 34.045481]}, "properties": {"ftype": "station", "name": "Venice & Lomita Street", "tier": 1, "lines": ["Venice Line"], "headway": "90 s"}}, {"type": "Feature", "geometry": {"type": "Point", "coordinates": [-118.318092, 34.044104]}, "properties": {"ftype": "station", "name": "Venice & Arlington Avenue", "tier": 1, "lines": ["Venice Line"], "headway": "90 s"}}, {"type": "Feature", "geometry": {"type": "Point", "coordinates": [-118.458101, 33.984081]}, "properties": {"ftype": "station", "name": "Washington & Palawan Way", "tier": 1, "lines": ["Washington Line"], "headway": "90 s"}}, {"type": "Feature", "geometry": {"type": "Point", "coordinates": [-118.441485, 33.992996]}, "properties": {"ftype": "station", "name": "Washington & Tivoli Avenue", "tier": 1, "lines": ["Washington Line"], "headway": "90 s"}}, {"type": "Feature", "geometry": {"type": "Point", "coordinates": [-118.432991, 33.996179]}, "properties": {"ftype": "station", "name": "Washington & McConnell Boulevard", "tier": 1, "lines": ["Washington Line"], "headway": "90 s"}}, {"type": "Feature", "geometry": {"type": "Point", "coordinates": [-118.423923, 33.99801]}, "properties": {"ftype": "station", "name": "Washington & Lindblade Drive", "tier": 1, "lines": ["Washington Line"], "headway": "90 s"}}, {"type": "Feature", "geometry": {"type": "Point", "coordinates": [-118.416781, 34.002883]}, "properties": {"ftype": "station", "name": "Washington & Minerva Avenue", "tier": 1, "lines": ["Washington Line", "Vernon Line"], "headway": "90 s"}}, {"type": "Feature", "geometry": {"type": "Point", "coordinates": [-118.399485, 34.019533]}, "properties": {"ftype": "station", "name": "Washington 6", "tier": 1, "lines": ["Washington Line"], "headway": "90 s"}}, {"type": "Feature", "geometry": {"type": "Point", "coordinates": [-118.391827, 34.024515]}, "properties": {"ftype": "station", "name": "Washington & Ince Boulevard", "tier": 1, "lines": ["Washington Line"], "headway": "90 s"}}, {"type": "Feature", "geometry": {"type": "Point", "coordinates": [-118.383543, 34.028764]}, "properties": {"ftype": "station", "name": "Washington & Helms Avenue", "tier": 1, "lines": ["Washington Line"], "headway": "90 s"}}, {"type": "Feature", "geometry": {"type": "Point", "coordinates": [-118.362535, 34.037551]}, "properties": {"ftype": "station", "name": "Washington & Marvin Avenue", "tier": 1, "lines": ["Washington Line"], "headway": "90 s"}}, {"type": "Feature", "geometry": {"type": "Point", "coordinates": [-118.355456, 34.039044]}, "properties": {"ftype": "station", "name": "Washington & Cochran Avenue", "tier": 1, "lines": ["Washington Line"], "headway": "90 s"}}, {"type": "Feature", "geometry": {"type": "Point", "coordinates": [-118.338627, 34.039608]}, "properties": {"ftype": "station", "name": "Washington & Hillcrest Drive", "tier": 1, "lines": ["Washington Line"], "headway": "90 s"}}, {"type": "Feature", "geometry": {"type": "Point", "coordinates": [-118.319132, 34.038153]}, "properties": {"ftype": "station", "name": "Washington & 2nd Avenue", "tier": 1, "lines": ["Washington Line"], "headway": "90 s"}}, {"type": "Feature", "geometry": {"type": "Point", "coordinates": [-118.283261, 34.032591]}, "properties": {"ftype": "station", "name": "Washington & 25th Street", "tier": 1, "lines": ["Washington Line"], "headway": "90 s"}}, {"type": "Feature", "geometry": {"type": "Point", "coordinates": [-118.275098, 34.03081]}, "properties": {"ftype": "station", "name": "Washington & Figueroa Way", "tier": 1, "lines": ["Washington Line"], "headway": "90 s"}}, {"type": "Feature", "geometry": {"type": "Point", "coordinates": [-118.257661, 34.026487]}, "properties": {"ftype": "station", "name": "Washington & 20th Street", "tier": 1, "lines": ["Washington Line"], "headway": "90 s"}}, {"type": "Feature", "geometry": {"type": "Point", "coordinates": [-118.23868, 34.020661]}, "properties": {"ftype": "station", "name": "Washington & Alameda Street", "tier": 1, "lines": ["Washington Line"], "headway": "90 s"}}, {"type": "Feature", "geometry": {"type": "Point", "coordinates": [-118.228588, 34.018364]}, "properties": {"ftype": "station", "name": "Washington & 15th Street", "tier": 1, "lines": ["Washington Line"], "headway": "90 s"}}, {"type": "Feature", "geometry": {"type": "Point", "coordinates": [-118.20816, 34.014269]}, "properties": {"ftype": "station", "name": "Washington & Grande Vista Avenue", "tier": 1, "lines": ["Washington Line"], "headway": "90 s"}}, {"type": "Feature", "geometry": {"type": "Point", "coordinates": [-118.197936, 34.012156]}, "properties": {"ftype": "station", "name": "Washington 19", "tier": 1, "lines": ["Washington Line"], "headway": "90 s"}}, {"type": "Feature", "geometry": {"type": "Point", "coordinates": [-118.187544, 34.010628]}, "properties": {"ftype": "station", "name": "Washington 20", "tier": 1, "lines": ["Washington Line"], "headway": "90 s"}}, {"type": "Feature", "geometry": {"type": "Point", "coordinates": [-118.179733, 34.015674]}, "properties": {"ftype": "station", "name": "Washington & Downey Road", "tier": 1, "lines": ["Washington Line"], "headway": "90 s"}}, {"type": "Feature", "geometry": {"type": "Point", "coordinates": [-118.172439, 34.022036]}, "properties": {"ftype": "station", "name": "Washington & Verona Street", "tier": 1, "lines": ["Washington Line"], "headway": "90 s"}}, {"type": "Feature", "geometry": {"type": "Point", "coordinates": [-118.168841, 34.029911]}, "properties": {"ftype": "station", "name": "Washington & Ford Boulevard", "tier": 1, "lines": ["Washington Line"], "headway": "90 s"}}, {"type": "Feature", "geometry": {"type": "Point", "coordinates": [-118.167282, 34.038619]}, "properties": {"ftype": "station", "name": "Washington & Michigan Avenue", "tier": 1, "lines": ["Washington Line"], "headway": "90 s"}}, {"type": "Feature", "geometry": {"type": "Point", "coordinates": [-118.165724, 34.047327]}, "properties": {"ftype": "station", "name": "Washington & Corporate Center Drive", "tier": 1, "lines": ["Washington Line"], "headway": "90 s"}}, {"type": "Feature", "geometry": {"type": "Point", "coordinates": [-118.164165, 34.056035]}, "properties": {"ftype": "station", "name": "Washington 26", "tier": 1, "lines": ["Washington Line"], "headway": "90 s"}}, {"type": "Feature", "geometry": {"type": "Point", "coordinates": [-118.163576, 34.064794]}, "properties": {"ftype": "station", "name": "Washington & Long Beach Freeway", "tier": 1, "lines": ["Washington Line"], "headway": "90 s"}}, {"type": "Feature", "geometry": {"type": "Point", "coordinates": [-118.163815, 34.073596]}, "properties": {"ftype": "station", "name": "Washington & Valley Boulevard", "tier": 1, "lines": ["Washington Line"], "headway": "90 s"}}, {"type": "Feature", "geometry": {"type": "Point", "coordinates": [-118.164054, 34.082398]}, "properties": {"ftype": "station", "name": "Washington & Dorchester Avenue", "tier": 1, "lines": ["Washington Line"], "headway": "90 s"}}, {"type": "Feature", "geometry": {"type": "Point", "coordinates": [-118.164292, 34.091201]}, "properties": {"ftype": "station", "name": "Washington & Huntington Drive North", "tier": 1, "lines": ["Washington Line"], "headway": "90 s"}}, {"type": "Feature", "geometry": {"type": "Point", "coordinates": [-118.164531, 34.100003]}, "properties": {"ftype": "station", "name": "Washington & Cam Verde", "tier": 1, "lines": ["Washington Line"], "headway": "90 s"}}, {"type": "Feature", "geometry": {"type": "Point", "coordinates": [-118.16477, 34.108806]}, "properties": {"ftype": "station", "name": "Washington & Alta Vista Avenue", "tier": 1, "lines": ["Washington Line"], "headway": "90 s"}}, {"type": "Feature", "geometry": {"type": "Point", "coordinates": [-118.165317, 34.117595]}, "properties": {"ftype": "station", "name": "Washington & Arroyo Drive", "tier": 1, "lines": ["Washington Line"], "headway": "90 s"}}, {"type": "Feature", "geometry": {"type": "Point", "coordinates": [-118.166141, 34.126373]}, "properties": {"ftype": "station", "name": "Washington & San Rafael Avenue", "tier": 1, "lines": ["Washington Line"], "headway": "90 s"}}, {"type": "Feature", "geometry": {"type": "Point", "coordinates": [-118.166966, 34.13515]}, "properties": {"ftype": "station", "name": "Washington & Arroyo Boulevard", "tier": 1, "lines": ["Washington Line"], "headway": "90 s"}}, {"type": "Feature", "geometry": {"type": "Point", "coordinates": [-118.16779, 34.143928]}, "properties": {"ftype": "station", "name": "Washington & Linda Vista Avenue", "tier": 1, "lines": ["Washington Line"], "headway": "90 s"}}, {"type": "Feature", "geometry": {"type": "Point", "coordinates": [-118.168566, 34.152708]}, "properties": {"ftype": "station", "name": "Washington & Mira Vista Terrace", "tier": 1, "lines": ["Washington Line"], "headway": "90 s"}}, {"type": "Feature", "geometry": {"type": "Point", "coordinates": [-118.168667, 34.161512]}, "properties": {"ftype": "station", "name": "Washington 38", "tier": 1, "lines": ["Washington Line"], "headway": "90 s"}}, {"type": "Feature", "geometry": {"type": "Point", "coordinates": [-118.168768, 34.170316]}, "properties": {"ftype": "station", "name": "Washington 39", "tier": 1, "lines": ["Washington Line"], "headway": "90 s"}}, {"type": "Feature", "geometry": {"type": "Point", "coordinates": [-118.159799, 34.170463]}, "properties": {"ftype": "station", "name": "Washington & Lincoln Avenue", "tier": 1, "lines": ["Washington Line"], "headway": "90 s"}}, {"type": "Feature", "geometry": {"type": "Point", "coordinates": [-118.343679, 34.016934]}, "properties": {"ftype": "station", "name": "MLK & Hillcrest Drive", "tier": 1, "lines": ["MLK Line"], "headway": "90 s"}}, {"type": "Feature", "geometry": {"type": "Point", "coordinates": [-118.326014, 34.01249]}, "properties": {"ftype": "station", "name": "MLK & Welland Avenue", "tier": 1, "lines": ["MLK Line"], "headway": "90 s"}}, {"type": "Feature", "geometry": {"type": "Point", "coordinates": [-118.317613, 34.011853]}, "properties": {"ftype": "station", "name": "MLK & Van Ness Avenue", "tier": 1, "lines": ["MLK Line"], "headway": "90 s"}}, {"type": "Feature", "geometry": {"type": "Point", "coordinates": [-118.281881, 34.010104]}, "properties": {"ftype": "station", "name": "MLK & 40th Place", "tier": 1, "lines": ["MLK Line"], "headway": "90 s"}}, {"type": "Feature", "geometry": {"type": "Point", "coordinates": [-118.262984, 34.006013]}, "properties": {"ftype": "station", "name": "MLK 5", "tier": 1, "lines": ["MLK Line", "Vernon Line"], "headway": "90 s"}}, {"type": "Feature", "geometry": {"type": "Point", "coordinates": [-118.246692, 33.996818]}, "properties": {"ftype": "station", "name": "MLK & 51st Street", "tier": 1, "lines": ["MLK Line"], "headway": "90 s"}}, {"type": "Feature", "geometry": {"type": "Point", "coordinates": [-118.240852, 33.989928]}, "properties": {"ftype": "station", "name": "MLK & Holmes Avenue", "tier": 1, "lines": ["MLK Line"], "headway": "90 s"}}, {"type": "Feature", "geometry": {"type": "Point", "coordinates": [-118.235941, 33.982661]}, "properties": {"ftype": "station", "name": "MLK & Alameda Street", "tier": 1, "lines": ["MLK Line"], "headway": "90 s"}}, {"type": "Feature", "geometry": {"type": "Point", "coordinates": [-118.23307, 33.974569]}, "properties": {"ftype": "station", "name": "MLK & Florence Avenue", "tier": 1, "lines": ["MLK Line"], "headway": "90 s"}}, {"type": "Feature", "geometry": {"type": "Point", "coordinates": [-118.230199, 33.966477]}, "properties": {"ftype": "station", "name": "MLK & Santa Fe Avenue", "tier": 1, "lines": ["MLK Line"], "headway": "90 s"}}, {"type": "Feature", "geometry": {"type": "Point", "coordinates": [-118.226927, 33.958499]}, "properties": {"ftype": "station", "name": "MLK 11", "tier": 1, "lines": ["MLK Line"], "headway": "90 s"}}, {"type": "Feature", "geometry": {"type": "Point", "coordinates": [-118.223301, 33.95062]}, "properties": {"ftype": "station", "name": "MLK & Illinois Avenue", "tier": 1, "lines": ["MLK Line"], "headway": "90 s"}}, {"type": "Feature", "geometry": {"type": "Point", "coordinates": [-118.218606, 33.943236]}, "properties": {"ftype": "station", "name": "MLK & Wisconsin Avenue", "tier": 1, "lines": ["MLK Line"], "headway": "90 s"}}, {"type": "Feature", "geometry": {"type": "Point", "coordinates": [-118.21249, 33.936526]}, "properties": {"ftype": "station", "name": "MLK & Long Beach Boulevard", "tier": 1, "lines": ["MLK Line"], "headway": "90 s"}}, {"type": "Feature", "geometry": {"type": "Point", "coordinates": [-118.203998, 33.93195]}, "properties": {"ftype": "station", "name": "MLK & San Luis Avenue", "tier": 1, "lines": ["MLK Line"], "headway": "90 s"}}, {"type": "Feature", "geometry": {"type": "Point", "coordinates": [-118.195949, 33.926843]}, "properties": {"ftype": "station", "name": "MLK & Hulme Avenue", "tier": 1, "lines": ["MLK Line"], "headway": "90 s"}}, {"type": "Feature", "geometry": {"type": "Point", "coordinates": [-118.453886, 34.001264]}, "properties": {"ftype": "station", "name": "Vernon & Glyndon Avenue", "tier": 1, "lines": ["Vernon Line"], "headway": "90 s"}}, {"type": "Feature", "geometry": {"type": "Point", "coordinates": [-118.444053, 34.001734]}, "properties": {"ftype": "station", "name": "Vernon & Lucille Avenue", "tier": 1, "lines": ["Vernon Line"], "headway": "90 s"}}, {"type": "Feature", "geometry": {"type": "Point", "coordinates": [-118.43422, 34.002204]}, "properties": {"ftype": "station", "name": "Vernon & Pacific Avenue", "tier": 1, "lines": ["Vernon Line"], "headway": "90 s"}}, {"type": "Feature", "geometry": {"type": "Point", "coordinates": [-118.424387, 34.002674]}, "properties": {"ftype": "station", "name": "Vernon & Marcasel Avenue", "tier": 1, "lines": ["Vernon Line"], "headway": "90 s"}}, {"type": "Feature", "geometry": {"type": "Point", "coordinates": [-118.390247, 34.003239]}, "properties": {"ftype": "station", "name": "Vernon & Summertime Lane", "tier": 1, "lines": ["Vernon Line"], "headway": "90 s"}}, {"type": "Feature", "geometry": {"type": "Point", "coordinates": [-118.380981, 34.003378]}, "properties": {"ftype": "station", "name": "Vernon 7", "tier": 1, "lines": ["Vernon Line"], "headway": "90 s"}}, {"type": "Feature", "geometry": {"type": "Point", "coordinates": [-118.349575, 34.003726]}, "properties": {"ftype": "station", "name": "Vernon & Enoro Drive", "tier": 1, "lines": ["Vernon Line"], "headway": "90 s"}}, {"type": "Feature", "geometry": {"type": "Point", "coordinates": [-118.341211, 34.003795]}, "properties": {"ftype": "station", "name": "Vernon & Presidio Drive", "tier": 1, "lines": ["Vernon Line"], "headway": "90 s"}}, {"type": "Feature", "geometry": {"type": "Point", "coordinates": [-118.324957, 34.003928]}, "properties": {"ftype": "station", "name": "Vernon & 7th Avenue", "tier": 1, "lines": ["Vernon Line"], "headway": "90 s"}}, {"type": "Feature", "geometry": {"type": "Point", "coordinates": [-118.317068, 34.003993]}, "properties": {"ftype": "station", "name": "Vernon & Van Ness Avenue", "tier": 1, "lines": ["Vernon Line"], "headway": "90 s"}}, {"type": "Feature", "geometry": {"type": "Point", "coordinates": [-118.28261, 34.00433]}, "properties": {"ftype": "station", "name": "Vernon & Figueroa Street", "tier": 1, "lines": ["Vernon Line"], "headway": "90 s"}}, {"type": "Feature", "geometry": {"type": "Point", "coordinates": [-118.24513, 34.004799]}, "properties": {"ftype": "station", "name": "Vernon & Morgan Avenue", "tier": 1, "lines": ["Vernon Line"], "headway": "90 s"}}, {"type": "Feature", "geometry": {"type": "Point", "coordinates": [-118.236548, 34.004949]}, "properties": {"ftype": "station", "name": "Vernon 15", "tier": 1, "lines": ["Vernon Line"], "headway": "90 s"}}, {"type": "Feature", "geometry": {"type": "Point", "coordinates": [-118.227966, 34.005099]}, "properties": {"ftype": "station", "name": "Vernon 16", "tier": 1, "lines": ["Vernon Line"], "headway": "90 s"}}, {"type": "Feature", "geometry": {"type": "Point", "coordinates": [-118.437919, 33.957523]}, "properties": {"ftype": "station", "name": "Manchester 1", "tier": 1, "lines": ["Manchester Line"], "headway": "90 s"}}, {"type": "Feature", "geometry": {"type": "Point", "coordinates": [-118.428174, 33.958613]}, "properties": {"ftype": "station", "name": "Manchester 2", "tier": 1, "lines": ["Manchester Line"], "headway": "90 s"}}, {"type": "Feature", "geometry": {"type": "Point", "coordinates": [-118.41073, 33.959518]}, "properties": {"ftype": "station", "name": "Manchester 3", "tier": 1, "lines": ["Manchester Line"], "headway": "90 s"}}, {"type": "Feature", "geometry": {"type": "Point", "coordinates": [-118.403095, 33.959751]}, "properties": {"ftype": "station", "name": "Manchester 4", "tier": 1, "lines": ["Manchester Line"], "headway": "90 s"}}, {"type": "Feature", "geometry": {"type": "Point", "coordinates": [-118.386936, 33.960122]}, "properties": {"ftype": "station", "name": "Manchester 5", "tier": 1, "lines": ["Manchester Line"], "headway": "90 s"}}, {"type": "Feature", "geometry": {"type": "Point", "coordinates": [-118.378413, 33.960237]}, "properties": {"ftype": "station", "name": "Manchester 6", "tier": 1, "lines": ["Manchester Line", "Florence Line"], "headway": "90 s"}}, {"type": "Feature", "geometry": {"type": "Point", "coordinates": [-118.362222, 33.96145]}, "properties": {"ftype": "station", "name": "Manchester 7", "tier": 1, "lines": ["Manchester Line"], "headway": "90 s"}}, {"type": "Feature", "geometry": {"type": "Point", "coordinates": [-118.345335, 33.960895]}, "properties": {"ftype": "station", "name": "Manchester 8", "tier": 1, "lines": ["Manchester Line"], "headway": "90 s"}}, {"type": "Feature", "geometry": {"type": "Point", "coordinates": [-118.336889, 33.960607]}, "properties": {"ftype": "station", "name": "Manchester 9", "tier": 1, "lines": ["Manchester Line"], "headway": "90 s"}}, {"type": "Feature", "geometry": {"type": "Point", "coordinates": [-118.318799, 33.960384]}, "properties": {"ftype": "station", "name": "Manchester & 85th Street", "tier": 1, "lines": ["Manchester Line"], "headway": "90 s"}}, {"type": "Feature", "geometry": {"type": "Point", "coordinates": [-118.272247, 33.960173]}, "properties": {"ftype": "station", "name": "Manchester 11", "tier": 1, "lines": ["Manchester Line"], "headway": "90 s"}}, {"type": "Feature", "geometry": {"type": "Point", "coordinates": [-118.263942, 33.960167]}, "properties": {"ftype": "station", "name": "Manchester & Stanford Avenue", "tier": 1, "lines": ["Manchester Line"], "headway": "90 s"}}, {"type": "Feature", "geometry": {"type": "Point", "coordinates": [-118.247621, 33.960156]}, "properties": {"ftype": "station", "name": "Manchester 13", "tier": 1, "lines": ["Manchester Line"], "headway": "90 s"}}, {"type": "Feature", "geometry": {"type": "Point", "coordinates": [-118.239606, 33.960151]}, "properties": {"ftype": "station", "name": "Manchester 14", "tier": 1, "lines": ["Manchester Line"], "headway": "90 s"}}, {"type": "Feature", "geometry": {"type": "Point", "coordinates": [-118.387228, 33.945126]}, "properties": {"ftype": "station", "name": "Century 1", "tier": 1, "lines": ["Century Line"], "headway": "90 s"}}, {"type": "Feature", "geometry": {"type": "Point", "coordinates": [-118.378754, 33.94527]}, "properties": {"ftype": "station", "name": "Century 2", "tier": 1, "lines": ["Century Line"], "headway": "90 s"}}, {"type": "Feature", "geometry": {"type": "Point", "coordinates": [-118.359576, 33.945384]}, "properties": {"ftype": "station", "name": "Century 3", "tier": 1, "lines": ["Century Line"], "headway": "90 s"}}, {"type": "Feature", "geometry": {"type": "Point", "coordinates": [-118.348872, 33.945401]}, "properties": {"ftype": "station", "name": "Century 4", "tier": 1, "lines": ["Century Line"], "headway": "90 s"}}, {"type": "Feature", "geometry": {"type": "Point", "coordinates": [-118.338168, 33.945418]}, "properties": {"ftype": "station", "name": "Century 5", "tier": 1, "lines": ["Century Line"], "headway": "90 s"}}, {"type": "Feature", "geometry": {"type": "Point", "coordinates": [-118.318309, 33.945501]}, "properties": {"ftype": "station", "name": "Century 6", "tier": 1, "lines": ["Century Line"], "headway": "90 s"}}, {"type": "Feature", "geometry": {"type": "Point", "coordinates": [-118.270753, 33.945759]}, "properties": {"ftype": "station", "name": "Century 7", "tier": 1, "lines": ["Century Line"], "headway": "90 s"}}, {"type": "Feature", "geometry": {"type": "Point", "coordinates": [-118.262971, 33.945818]}, "properties": {"ftype": "station", "name": "Century 8", "tier": 1, "lines": ["Century Line"], "headway": "90 s"}}, {"type": "Feature", "geometry": {"type": "Point", "coordinates": [-118.246423, 33.945996]}, "properties": {"ftype": "station", "name": "Century 9", "tier": 1, "lines": ["Century Line"], "headway": "90 s"}}, {"type": "Feature", "geometry": {"type": "Point", "coordinates": [-118.237658, 33.946155]}, "properties": {"ftype": "station", "name": "Century 10", "tier": 1, "lines": ["Century Line"], "headway": "90 s"}}, {"type": "Feature", "geometry": {"type": "Point", "coordinates": [-118.405346, 33.994179]}, "properties": {"ftype": "station", "name": "Slauson & San Diego Freeway", "tier": 1, "lines": ["Slauson Line"], "headway": "90 s"}}, {"type": "Feature", "geometry": {"type": "Point", "coordinates": [-118.387185, 33.989256]}, "properties": {"ftype": "station", "name": "Slauson & Bristol Parkway", "tier": 1, "lines": ["Slauson Line"], "headway": "90 s"}}, {"type": "Feature", "geometry": {"type": "Point", "coordinates": [-118.378619, 33.988461]}, "properties": {"ftype": "station", "name": "Slauson & Wooster Avenue", "tier": 1, "lines": ["Slauson Line"], "headway": "90 s"}}, {"type": "Feature", "geometry": {"type": "Point", "coordinates": [-118.349291, 33.988406]}, "properties": {"ftype": "station", "name": "Slauson & Edgemar Avenue", "tier": 1, "lines": ["Slauson Line"], "headway": "90 s"}}, {"type": "Feature", "geometry": {"type": "Point", "coordinates": [-118.34022, 33.988514]}, "properties": {"ftype": "station", "name": "Slauson & Rimpau Boulevard", "tier": 1, "lines": ["Slauson Line"], "headway": "90 s"}}, {"type": "Feature", "geometry": {"type": "Point", "coordinates": [-118.323824, 33.988704]}, "properties": {"ftype": "station", "name": "Slauson & 6th Avenue", "tier": 1, "lines": ["Slauson Line"], "headway": "90 s"}}, {"type": "Feature", "geometry": {"type": "Point", "coordinates": [-118.316499, 33.988788]}, "properties": {"ftype": "station", "name": "Slauson & Haas Avenue", "tier": 1, "lines": ["Slauson Line"], "headway": "90 s"}}, {"type": "Feature", "geometry": {"type": "Point", "coordinates": [-118.269614, 33.988777]}, "properties": {"ftype": "station", "name": "Slauson & San Pedro Place", "tier": 1, "lines": ["Slauson Line"], "headway": "90 s"}}, {"type": "Feature", "geometry": {"type": "Point", "coordinates": [-118.26233, 33.988744]}, "properties": {"ftype": "station", "name": "Slauson & Paloma Avenue", "tier": 1, "lines": ["Slauson Line"], "headway": "90 s"}}, {"type": "Feature", "geometry": {"type": "Point", "coordinates": [-118.24468, 33.988527]}, "properties": {"ftype": "station", "name": "Slauson & Miramonte Boulevard", "tier": 1, "lines": ["Slauson Line"], "headway": "90 s"}}, {"type": "Feature", "geometry": {"type": "Point", "coordinates": [-118.234314, 33.9884]}, "properties": {"ftype": "station", "name": "Slauson & Laura Avenue", "tier": 1, "lines": ["Slauson Line"], "headway": "90 s"}}, {"type": "Feature", "geometry": {"type": "Point", "coordinates": [-118.223948, 33.988273]}, "properties": {"ftype": "station", "name": "Slauson 12", "tier": 1, "lines": ["Slauson Line"], "headway": "90 s"}}, {"type": "Feature", "geometry": {"type": "Point", "coordinates": [-118.213586, 33.988014]}, "properties": {"ftype": "station", "name": "Slauson & Boyle Avenue", "tier": 1, "lines": ["Slauson Line"], "headway": "90 s"}}, {"type": "Feature", "geometry": {"type": "Point", "coordinates": [-118.203227, 33.987663]}, "properties": {"ftype": "station", "name": "Slauson & Maywood Avenue", "tier": 1, "lines": ["Slauson Line"], "headway": "90 s"}}, {"type": "Feature", "geometry": {"type": "Point", "coordinates": [-118.192868, 33.987313]}, "properties": {"ftype": "station", "name": "Slauson & Gifford Avenue", "tier": 1, "lines": ["Slauson Line"], "headway": "90 s"}}, {"type": "Feature", "geometry": {"type": "Point", "coordinates": [-118.174124, 33.986324]}, "properties": {"ftype": "station", "name": "Slauson & District Boulevard", "tier": 1, "lines": ["Slauson Line"], "headway": "90 s"}}, {"type": "Feature", "geometry": {"type": "Point", "coordinates": [-118.165732, 33.985772]}, "properties": {"ftype": "station", "name": "Slauson 17", "tier": 1, "lines": ["Slauson Line"], "headway": "90 s"}}, {"type": "Feature", "geometry": {"type": "Point", "coordinates": [-118.157358, 33.985059]}, "properties": {"ftype": "station", "name": "Slauson & Alexander Street", "tier": 1, "lines": ["Slauson Line"], "headway": "90 s"}}, {"type": "Feature", "geometry": {"type": "Point", "coordinates": [-118.362734, 33.964554]}, "properties": {"ftype": "station", "name": "Florence & Regent Street", "tier": 1, "lines": ["Florence Line"], "headway": "90 s"}}, {"type": "Feature", "geometry": {"type": "Point", "coordinates": [-118.346596, 33.968048]}, "properties": {"ftype": "station", "name": "Florence & Kingston Lane", "tier": 1, "lines": ["Florence Line"], "headway": "90 s"}}, {"type": "Feature", "geometry": {"type": "Point", "coordinates": [-118.338074, 33.969236]}, "properties": {"ftype": "station", "name": "Florence 3", "tier": 1, "lines": ["Florence Line"], "headway": "90 s"}}, {"type": "Feature", "geometry": {"type": "Point", "coordinates": [-118.31933, 33.970557]}, "properties": {"ftype": "station", "name": "Florence & 3rd Avenue", "tier": 1, "lines": ["Florence Line"], "headway": "90 s"}}, {"type": "Feature", "geometry": {"type": "Point", "coordinates": [-118.27133, 33.971393]}, "properties": {"ftype": "station", "name": "Florence & 76th Street", "tier": 1, "lines": ["Florence Line"], "headway": "90 s"}}, {"type": "Feature", "geometry": {"type": "Point", "coordinates": [-118.26355, 33.971316]}, "properties": {"ftype": "station", "name": "Florence 6", "tier": 1, "lines": ["Florence Line"], "headway": "90 s"}}, {"type": "Feature", "geometry": {"type": "Point", "coordinates": [-118.245626, 33.971092]}, "properties": {"ftype": "station", "name": "Florence & Miramonte Boulevard", "tier": 1, "lines": ["Florence Line"], "headway": "90 s"}}, {"type": "Feature", "geometry": {"type": "Point", "coordinates": [-118.235499, 33.970561]}, "properties": {"ftype": "station", "name": "Florence & Lou Dillon Avenue", "tier": 1, "lines": ["Florence Line"], "headway": "90 s"}}, {"type": "Feature", "geometry": {"type": "Point", "coordinates": [-118.225371, 33.970029]}, "properties": {"ftype": "station", "name": "Florence & Hope Street", "tier": 1, "lines": ["Florence Line"], "headway": "90 s"}}, {"type": "Feature", "geometry": {"type": "Point", "coordinates": [-118.215244, 33.969498]}, "properties": {"ftype": "station", "name": "Florence & Flower Street", "tier": 1, "lines": ["Florence Line"], "headway": "90 s"}}, {"type": "Feature", "geometry": {"type": "Point", "coordinates": [-118.205117, 33.968966]}, "properties": {"ftype": "station", "name": "Florence 11", "tier": 1, "lines": ["Florence Line"], "headway": "90 s"}}, {"type": "Feature", "geometry": {"type": "Point", "coordinates": [-118.195016, 33.968188]}, "properties": {"ftype": "station", "name": "Florence & Live Oak Street", "tier": 1, "lines": ["Florence Line"], "headway": "90 s"}}, {"type": "Feature", "geometry": {"type": "Point", "coordinates": [-118.175335, 33.966315]}, "properties": {"ftype": "station", "name": "Florence 13", "tier": 1, "lines": ["Florence Line"], "headway": "90 s"}}, {"type": "Feature", "geometry": {"type": "Point", "coordinates": [-118.165894, 33.964952]}, "properties": {"ftype": "station", "name": "Florence & Priory Street", "tier": 1, "lines": ["Florence Line"], "headway": "90 s"}}, {"type": "Feature", "geometry": {"type": "Point", "coordinates": [-118.163373, 33.957257]}, "properties": {"ftype": "station", "name": "Florence & Cecilia Street", "tier": 1, "lines": ["Florence Line"], "headway": "90 s"}}, {"type": "Feature", "geometry": {"type": "Point", "coordinates": [-118.160679, 33.953651]}, "properties": {"ftype": "station", "name": "Florence 16", "tier": 1, "lines": ["Florence Line"], "headway": "90 s"}}, {"type": "Feature", "geometry": {"type": "Point", "coordinates": [-118.158461, 33.961495]}, "properties": {"ftype": "station", "name": "Florence & Gallant Street", "tier": 1, "lines": ["Florence Line"], "headway": "90 s"}}, {"type": "Feature", "geometry": {"type": "Point", "coordinates": [-118.15479, 33.95961]}, "properties": {"ftype": "station", "name": "Florence & Gilliland Avenue", "tier": 1, "lines": ["Florence Line"], "headway": "90 s"}}, {"type": "Feature", "geometry": {"type": "Point", "coordinates": [-118.204677, 34.031096]}, "properties": {"ftype": "station", "name": "Whittier & Guirado Street", "tier": 1, "lines": ["Whittier Line"], "headway": "90 s"}}, {"type": "Feature", "geometry": {"type": "Point", "coordinates": [-118.195344, 34.028349]}, "properties": {"ftype": "station", "name": "Whittier & Sabina Street", "tier": 1, "lines": ["Whittier Line"], "headway": "90 s"}}, {"type": "Feature", "geometry": {"type": "Point", "coordinates": [-118.185826, 34.026099]}, "properties": {"ftype": "station", "name": "Whittier & Hubbard Street", "tier": 1, "lines": ["Whittier Line"], "headway": "90 s"}}, {"type": "Feature", "geometry": {"type": "Point", "coordinates": [-118.17627, 34.023952]}, "properties": {"ftype": "station", "name": "Whittier 4", "tier": 1, "lines": ["Whittier Line"], "headway": "90 s"}}, {"type": "Feature", "geometry": {"type": "Point", "coordinates": [-118.166653, 34.022008]}, "properties": {"ftype": "station", "name": "Whittier & Arizona Avenue", "tier": 1, "lines": ["Whittier Line"], "headway": "90 s"}}, {"type": "Feature", "geometry": {"type": "Point", "coordinates": [-118.226461, 34.054089]}, "properties": {"ftype": "station", "name": "Chavez & Mission Road", "tier": 1, "lines": ["Chavez Line"], "headway": "90 s"}}, {"type": "Feature", "geometry": {"type": "Point", "coordinates": [-118.217139, 34.05049]}, "properties": {"ftype": "station", "name": "Chavez & Boyle Avenue", "tier": 1, "lines": ["Chavez Line"], "headway": "90 s"}}, {"type": "Feature", "geometry": {"type": "Point", "coordinates": [-118.197879, 34.044724]}, "properties": {"ftype": "station", "name": "Chavez & Sloat Street", "tier": 1, "lines": ["Chavez Line"], "headway": "90 s"}}, {"type": "Feature", "geometry": {"type": "Point", "coordinates": [-118.187842, 34.043129]}, "properties": {"ftype": "station", "name": "Chavez & Townsend Avenue", "tier": 1, "lines": ["Chavez Line"], "headway": "90 s"}}, {"type": "Feature", "geometry": {"type": "Point", "coordinates": [-118.177767, 34.041786]}, "properties": {"ftype": "station", "name": "Chavez & Brannick Avenue", "tier": 1, "lines": ["Chavez Line"], "headway": "90 s"}}, {"type": "Feature", "geometry": {"type": "Point", "coordinates": [-118.167573, 34.041213]}, "properties": {"ftype": "station", "name": "Chavez & Dozier Street", "tier": 1, "lines": ["Chavez Line"], "headway": "90 s"}}, {"type": "Feature", "geometry": {"type": "Point", "coordinates": [-118.466451, 34.19337]}, "properties": {"ftype": "station", "name": "Sepulveda & Archwood Street", "tier": 1, "lines": ["Sepulveda Line"], "headway": "90 s"}}, {"type": "Feature", "geometry": {"type": "Point", "coordinates": [-118.466968, 34.178259]}, "properties": {"ftype": "station", "name": "Sepulveda 2", "tier": 1, "lines": ["Sepulveda Line"], "headway": "90 s"}}, {"type": "Feature", "geometry": {"type": "Point", "coordinates": [-118.46741, 34.170176]}, "properties": {"ftype": "station", "name": "Sepulveda & San Diego Freeway", "tier": 1, "lines": ["Sepulveda Line"], "headway": "90 s"}}, {"type": "Feature", "geometry": {"type": "Point", "coordinates": [-118.468204, 34.16211]}, "properties": {"ftype": "station", "name": "Sepulveda 4", "tier": 1, "lines": ["Sepulveda Line"], "headway": "90 s"}}, {"type": "Feature", "geometry": {"type": "Point", "coordinates": [-118.472418, 34.145609]}, "properties": {"ftype": "station", "name": "Sepulveda & High Knoll Road", "tier": 1, "lines": ["Sepulveda Line"], "headway": "90 s"}}, {"type": "Feature", "geometry": {"type": "Point", "coordinates": [-118.479884, 34.139175]}, "properties": {"ftype": "station", "name": "Sepulveda & Valley Meadow Road", "tier": 1, "lines": ["Sepulveda Line"], "headway": "90 s"}}, {"type": "Feature", "geometry": {"type": "Point", "coordinates": [-118.482005, 34.132622]}, "properties": {"ftype": "station", "name": "Sepulveda & Sabana Lane", "tier": 1, "lines": ["Sepulveda Line"], "headway": "90 s"}}, {"type": "Feature", "geometry": {"type": "Point", "coordinates": [-118.479993, 34.124046]}, "properties": {"ftype": "station", "name": "Sepulveda 8", "tier": 1, "lines": ["Sepulveda Line"], "headway": "90 s"}}, {"type": "Feature", "geometry": {"type": "Point", "coordinates": [-118.480787, 34.115114]}, "properties": {"ftype": "station", "name": "Sepulveda 9", "tier": 1, "lines": ["Sepulveda Line"], "headway": "90 s"}}, {"type": "Feature", "geometry": {"type": "Point", "coordinates": [-118.479558, 34.106222]}, "properties": {"ftype": "station", "name": "Sepulveda & Promontory Road", "tier": 1, "lines": ["Sepulveda Line"], "headway": "90 s"}}, {"type": "Feature", "geometry": {"type": "Point", "coordinates": [-118.477454, 34.097438]}, "properties": {"ftype": "station", "name": "Sepulveda 11", "tier": 1, "lines": ["Sepulveda Line"], "headway": "90 s"}}, {"type": "Feature", "geometry": {"type": "Point", "coordinates": [-118.474669, 34.088836]}, "properties": {"ftype": "station", "name": "Sepulveda 12", "tier": 1, "lines": ["Sepulveda Line"], "headway": "90 s"}}, {"type": "Feature", "geometry": {"type": "Point", "coordinates": [-118.471583, 34.080307]}, "properties": {"ftype": "station", "name": "Sepulveda & Bellagio Road", "tier": 1, "lines": ["Sepulveda Line"], "headway": "90 s"}}, {"type": "Feature", "geometry": {"type": "Point", "coordinates": [-118.460913, 34.067103]}, "properties": {"ftype": "station", "name": "Sepulveda & Montana Avenue", "tier": 1, "lines": ["Sepulveda Line"], "headway": "90 s"}}, {"type": "Feature", "geometry": {"type": "Point", "coordinates": [-118.456168, 34.061373]}, "properties": {"ftype": "station", "name": "Sepulveda 15", "tier": 1, "lines": ["Sepulveda Line"], "headway": "90 s"}}, {"type": "Feature", "geometry": {"type": "Point", "coordinates": [-118.430961, 34.030974]}, "properties": {"ftype": "station", "name": "Sepulveda & Santa Monica Freeway", "tier": 1, "lines": ["Sepulveda Line"], "headway": "90 s"}}, {"type": "Feature", "geometry": {"type": "Point", "coordinates": [-118.426115, 34.02528]}, "properties": {"ftype": "station", "name": "Sepulveda 17", "tier": 1, "lines": ["Sepulveda Line"], "headway": "90 s"}}, {"type": "Feature", "geometry": {"type": "Point", "coordinates": [-118.421085, 34.019697]}, "properties": {"ftype": "station", "name": "Sepulveda & Palms Boulevard", "tier": 1, "lines": ["Sepulveda Line"], "headway": "90 s"}}, {"type": "Feature", "geometry": {"type": "Point", "coordinates": [-118.398845, 33.997502]}, "properties": {"ftype": "station", "name": "Sepulveda & Kalein Drive", "tier": 1, "lines": ["Sepulveda Line", "Westwood Line"], "headway": "90 s"}}, {"type": "Feature", "geometry": {"type": "Point", "coordinates": [-118.39506, 33.983138]}, "properties": {"ftype": "station", "name": "Sepulveda 20", "tier": 1, "lines": ["Sepulveda Line"], "headway": "90 s"}}, {"type": "Feature", "geometry": {"type": "Point", "coordinates": [-118.395013, 33.975419]}, "properties": {"ftype": "station", "name": "Sepulveda & Arizona Avenue", "tier": 1, "lines": ["Sepulveda Line"], "headway": "90 s"}}, {"type": "Feature", "geometry": {"type": "Point", "coordinates": [-118.395263, 33.967702]}, "properties": {"ftype": "station", "name": "Sepulveda & Naylor Avenue", "tier": 1, "lines": ["Sepulveda Line"], "headway": "90 s"}}, {"type": "Feature", "geometry": {"type": "Point", "coordinates": [-118.395578, 33.952464]}, "properties": {"ftype": "station", "name": "Sepulveda 23", "tier": 1, "lines": ["Sepulveda Line", "Lincoln Line"], "headway": "90 s"}}, {"type": "Feature", "geometry": {"type": "Point", "coordinates": [-118.395821, 33.935942]}, "properties": {"ftype": "station", "name": "Sepulveda 24", "tier": 1, "lines": ["Sepulveda Line"], "headway": "90 s"}}, {"type": "Feature", "geometry": {"type": "Point", "coordinates": [-118.39588, 33.926941]}, "properties": {"ftype": "station", "name": "Sepulveda 25", "tier": 1, "lines": ["Sepulveda Line"], "headway": "90 s"}}, {"type": "Feature", "geometry": {"type": "Point", "coordinates": [-118.395939, 33.917939]}, "properties": {"ftype": "station", "name": "Sepulveda 26", "tier": 1, "lines": ["Sepulveda Line"], "headway": "90 s"}}, {"type": "Feature", "geometry": {"type": "Point", "coordinates": [-118.395997, 33.908937]}, "properties": {"ftype": "station", "name": "Sepulveda 27", "tier": 1, "lines": ["Sepulveda Line"], "headway": "90 s"}}, {"type": "Feature", "geometry": {"type": "Point", "coordinates": [-118.449423, 34.159729]}, "properties": {"ftype": "station", "name": "Van Nuys & Huston Street", "tier": 1, "lines": ["Van Nuys Line"], "headway": "90 s"}}, {"type": "Feature", "geometry": {"type": "Point", "coordinates": [-118.449252, 34.168558]}, "properties": {"ftype": "station", "name": "Van Nuys & Clark Street", "tier": 1, "lines": ["Van Nuys Line"], "headway": "90 s"}}, {"type": "Feature", "geometry": {"type": "Point", "coordinates": [-118.449123, 34.177386]}, "properties": {"ftype": "station", "name": "Van Nuys & Califa Street", "tier": 1, "lines": ["Van Nuys Line"], "headway": "90 s"}}, {"type": "Feature", "geometry": {"type": "Point", "coordinates": [-118.448927, 34.193677]}, "properties": {"ftype": "station", "name": "Van Nuys & Vanowen Street", "tier": 1, "lines": ["Van Nuys Line"], "headway": "90 s"}}, {"type": "Feature", "geometry": {"type": "Point", "coordinates": [-118.396136, 34.193097]}, "properties": {"ftype": "station", "name": "Laurel Canyon 1", "tier": 1, "lines": ["Laurel Canyon Line"], "headway": "90 s"}}, {"type": "Feature", "geometry": {"type": "Point", "coordinates": [-118.395165, 34.176829]}, "properties": {"ftype": "station", "name": "Laurel Canyon & Califa Street", "tier": 1, "lines": ["Laurel Canyon Line"], "headway": "90 s"}}, {"type": "Feature", "geometry": {"type": "Point", "coordinates": [-118.39464, 34.168021]}, "properties": {"ftype": "station", "name": "Laurel Canyon & Ben Avenue", "tier": 1, "lines": ["Laurel Canyon Line"], "headway": "90 s"}}, {"type": "Feature", "geometry": {"type": "Point", "coordinates": [-118.393647, 34.159244]}, "properties": {"ftype": "station", "name": "Laurel Canyon & Gentry Avenue", "tier": 1, "lines": ["Laurel Canyon Line"], "headway": "90 s"}}, {"type": "Feature", "geometry": {"type": "Point", "coordinates": [-118.39252, 34.150475]}, "properties": {"ftype": "station", "name": "Laurel Canyon & Moorpark Street", "tier": 1, "lines": ["Laurel Canyon Line"], "headway": "90 s"}}, {"type": "Feature", "geometry": {"type": "Point", "coordinates": [-118.38816, 34.134048]}, "properties": {"ftype": "station", "name": "Laurel Canyon & Hazelbrook Road", "tier": 1, "lines": ["Laurel Canyon Line"], "headway": "90 s"}}, {"type": "Feature", "geometry": {"type": "Point", "coordinates": [-118.380386, 34.129277]}, "properties": {"ftype": "station", "name": "Laurel Canyon & Dona Teresa Drive", "tier": 1, "lines": ["Laurel Canyon Line"], "headway": "90 s"}}, {"type": "Feature", "geometry": {"type": "Point", "coordinates": [-118.375184, 34.122488]}, "properties": {"ftype": "station", "name": "Laurel Canyon & Mulholland Drive", "tier": 1, "lines": ["Laurel Canyon Line"], "headway": "90 s"}}, {"type": "Feature", "geometry": {"type": "Point", "coordinates": [-118.373814, 34.114526]}, "properties": {"ftype": "station", "name": "Laurel Canyon & Merrywood Drive", "tier": 1, "lines": ["Laurel Canyon Line"], "headway": "90 s"}}, {"type": "Feature", "geometry": {"type": "Point", "coordinates": [-118.368952, 34.107658]}, "properties": {"ftype": "station", "name": "Laurel Canyon & Gould Avenue", "tier": 1, "lines": ["Laurel Canyon Line"], "headway": "90 s"}}, {"type": "Feature", "geometry": {"type": "Point", "coordinates": [-118.385931, 34.193297]}, "properties": {"ftype": "station", "name": "Lankershim 1", "tier": 1, "lines": ["Lankershim Line"], "headway": "90 s"}}, {"type": "Feature", "geometry": {"type": "Point", "coordinates": [-118.38044, 34.177444]}, "properties": {"ftype": "station", "name": "Lankershim 2", "tier": 1, "lines": ["Lankershim Line"], "headway": "90 s"}}, {"type": "Feature", "geometry": {"type": "Point", "coordinates": [-118.376864, 34.169524]}, "properties": {"ftype": "station", "name": "Lankershim 3", "tier": 1, "lines": ["Lankershim Line"], "headway": "90 s"}}, {"type": "Feature", "geometry": {"type": "Point", "coordinates": [-118.372888, 34.161729]}, "properties": {"ftype": "station", "name": "Lankershim 4", "tier": 1, "lines": ["Lankershim Line"], "headway": "90 s"}}, {"type": "Feature", "geometry": {"type": "Point", "coordinates": [-118.369042, 34.153891]}, "properties": {"ftype": "station", "name": "Lankershim 5", "tier": 1, "lines": ["Lankershim Line"], "headway": "90 s"}}, {"type": "Feature", "geometry": {"type": "Point", "coordinates": [-118.365483, 34.145958]}, "properties": {"ftype": "station", "name": "Lankershim 6", "tier": 1, "lines": ["Lankershim Line"], "headway": "90 s"}}, {"type": "Feature", "geometry": {"type": "Point", "coordinates": [-118.500612, 34.027763]}, "properties": {"ftype": "station", "name": "Lincoln & Montana Avenue", "tier": 1, "lines": ["Lincoln Line"], "headway": "90 s"}}, {"type": "Feature", "geometry": {"type": "Point", "coordinates": [-118.475303, 34.008029]}, "properties": {"ftype": "station", "name": "Lincoln & 10th Street", "tier": 1, "lines": ["Lincoln Line"], "headway": "90 s"}}, {"type": "Feature", "geometry": {"type": "Point", "coordinates": [-118.469416, 34.003556]}, "properties": {"ftype": "station", "name": "Lincoln & 11th Street", "tier": 1, "lines": ["Lincoln Line"], "headway": "90 s"}}, {"type": "Feature", "geometry": {"type": "Point", "coordinates": [-118.442604, 33.983397]}, "properties": {"ftype": "station", "name": "Lincoln & Admiralty Way", "tier": 1, "lines": ["Lincoln Line"], "headway": "90 s"}}, {"type": "Feature", "geometry": {"type": "Point", "coordinates": [-118.436164, 33.977618]}, "properties": {"ftype": "station", "name": "Lincoln 5", "tier": 1, "lines": ["Lincoln Line"], "headway": "90 s"}}, {"type": "Feature", "geometry": {"type": "Point", "coordinates": [-118.430197, 33.971508]}, "properties": {"ftype": "station", "name": "Lincoln 6", "tier": 1, "lines": ["Lincoln Line"], "headway": "90 s"}}, {"type": "Feature", "geometry": {"type": "Point", "coordinates": [-118.424361, 33.965299]}, "properties": {"ftype": "station", "name": "Lincoln 7", "tier": 1, "lines": ["Lincoln Line"], "headway": "90 s"}}, {"type": "Feature", "geometry": {"type": "Point", "coordinates": [-118.412065, 33.954836]}, "properties": {"ftype": "station", "name": "Lincoln 8", "tier": 1, "lines": ["Lincoln Line"], "headway": "90 s"}}, {"type": "Feature", "geometry": {"type": "Point", "coordinates": [-118.40421, 33.952853]}, "properties": {"ftype": "station", "name": "Lincoln 9", "tier": 1, "lines": ["Lincoln Line"], "headway": "90 s"}}, {"type": "Feature", "geometry": {"type": "Point", "coordinates": [-118.414383, 34.02333]}, "properties": {"ftype": "station", "name": "Westwood & Palms Boulevard", "tier": 1, "lines": ["Westwood Line"], "headway": "90 s"}}, {"type": "Feature", "geometry": {"type": "Point", "coordinates": [-118.419229, 34.028954]}, "properties": {"ftype": "station", "name": "Westwood & Glendon Avenue", "tier": 1, "lines": ["Westwood Line"], "headway": "90 s"}}, {"type": "Feature", "geometry": {"type": "Point", "coordinates": [-118.424052, 34.03459]}, "properties": {"ftype": "station", "name": "Westwood & Brookhaven Avenue", "tier": 1, "lines": ["Westwood Line"], "headway": "90 s"}}, {"type": "Feature", "geometry": {"type": "Point", "coordinates": [-118.376394, 34.079216]}, "properties": {"ftype": "station", "name": "La Cienega & Westmount Drive", "tier": 1, "lines": ["La Cienega Line"], "headway": "90 s"}}, {"type": "Feature", "geometry": {"type": "Point", "coordinates": [-118.376411, 34.072094]}, "properties": {"ftype": "station", "name": "La Cienega & Blackburn Avenue", "tier": 1, "lines": ["La Cienega Line"], "headway": "90 s"}}, {"type": "Feature", "geometry": {"type": "Point", "coordinates": [-118.376802, 34.043946]}, "properties": {"ftype": "station", "name": "La Cienega & 18th Street", "tier": 1, "lines": ["La Cienega Line"], "headway": "90 s"}}, {"type": "Feature", "geometry": {"type": "Point", "coordinates": [-118.37311, 34.025467]}, "properties": {"ftype": "station", "name": "La Cienega 4", "tier": 1, "lines": ["La Cienega Line"], "headway": "90 s"}}, {"type": "Feature", "geometry": {"type": "Point", "coordinates": [-118.373042, 34.018129]}, "properties": {"ftype": "station", "name": "La Cienega & Aladdin Street", "tier": 1, "lines": ["La Cienega Line"], "headway": "90 s"}}, {"type": "Feature", "geometry": {"type": "Point", "coordinates": [-118.372889, 34.010792]}, "properties": {"ftype": "station", "name": "La Cienega 6", "tier": 1, "lines": ["La Cienega Line"], "headway": "90 s"}}, {"type": "Feature", "geometry": {"type": "Point", "coordinates": [-118.37041, 33.995901]}, "properties": {"ftype": "station", "name": "La Cienega & Chariton Avenue", "tier": 1, "lines": ["La Cienega Line"], "headway": "90 s"}}, {"type": "Feature", "geometry": {"type": "Point", "coordinates": [-118.370125, 33.979659]}, "properties": {"ftype": "station", "name": "La Cienega & Fairview Boulevard", "tier": 1, "lines": ["La Cienega Line"], "headway": "90 s"}}, {"type": "Feature", "geometry": {"type": "Point", "coordinates": [-118.370327, 33.971105]}, "properties": {"ftype": "station", "name": "La Cienega & Kew Street", "tier": 1, "lines": ["La Cienega Line"], "headway": "90 s"}}, {"type": "Feature", "geometry": {"type": "Point", "coordinates": [-118.370325, 33.953959]}, "properties": {"ftype": "station", "name": "La Cienega & San Diego Freeway", "tier": 1, "lines": ["La Cienega Line"], "headway": "90 s"}}, {"type": "Feature", "geometry": {"type": "Point", "coordinates": [-118.370295, 33.938128]}, "properties": {"ftype": "station", "name": "La Cienega 11", "tier": 1, "lines": ["La Cienega Line"], "headway": "90 s"}}, {"type": "Feature", "geometry": {"type": "Point", "coordinates": [-118.370389, 33.93089]}, "properties": {"ftype": "station", "name": "La Cienega 12", "tier": 1, "lines": ["La Cienega Line"], "headway": "90 s"}}, {"type": "Feature", "geometry": {"type": "Point", "coordinates": [-118.370601, 33.923655]}, "properties": {"ftype": "station", "name": "La Cienega & 120th Street", "tier": 1, "lines": ["La Cienega Line"], "headway": "90 s"}}, {"type": "Feature", "geometry": {"type": "Point", "coordinates": [-118.364571, 33.995873]}, "properties": {"ftype": "station", "name": "Fairfax 1", "tier": 1, "lines": ["Fairfax Line"], "headway": "90 s"}}, {"type": "Feature", "geometry": {"type": "Point", "coordinates": [-118.367189, 34.011429]}, "properties": {"ftype": "station", "name": "Fairfax 2", "tier": 1, "lines": ["Fairfax Line"], "headway": "90 s"}}, {"type": "Feature", "geometry": {"type": "Point", "coordinates": [-118.368233, 34.019283]}, "properties": {"ftype": "station", "name": "Fairfax & Wenlock Street", "tier": 1, "lines": ["Fairfax Line"], "headway": "90 s"}}, {"type": "Feature", "geometry": {"type": "Point", "coordinates": [-118.368917, 34.027164]}, "properties": {"ftype": "station", "name": "Fairfax & Spokane Street", "tier": 1, "lines": ["Fairfax Line"], "headway": "90 s"}}, {"type": "Feature", "geometry": {"type": "Point", "coordinates": [-118.363355, 34.072341]}, "properties": {"ftype": "station", "name": "Fairfax & Edinburgh Avenue", "tier": 1, "lines": ["Fairfax Line"], "headway": "90 s"}}, {"type": "Feature", "geometry": {"type": "Point", "coordinates": [-118.362892, 34.080565]}, "properties": {"ftype": "station", "name": "Fairfax & Hayworth Avenue", "tier": 1, "lines": ["Fairfax Line"], "headway": "90 s"}}, {"type": "Feature", "geometry": {"type": "Point", "coordinates": [-118.352836, 33.953429]}, "properties": {"ftype": "station", "name": "La Brea & Tamarack Avenue", "tier": 1, "lines": ["La Brea Line"], "headway": "90 s"}}, {"type": "Feature", "geometry": {"type": "Point", "coordinates": [-118.357072, 33.973598]}, "properties": {"ftype": "station", "name": "La Brea & Market Street", "tier": 1, "lines": ["La Brea Line"], "headway": "90 s"}}, {"type": "Feature", "geometry": {"type": "Point", "coordinates": [-118.358016, 33.980918]}, "properties": {"ftype": "station", "name": "La Brea & 64th Place", "tier": 1, "lines": ["La Brea Line"], "headway": "90 s"}}, {"type": "Feature", "geometry": {"type": "Point", "coordinates": [-118.358469, 33.995975]}, "properties": {"ftype": "station", "name": "La Brea 4", "tier": 1, "lines": ["La Brea Line"], "headway": "90 s"}}, {"type": "Feature", "geometry": {"type": "Point", "coordinates": [-118.356785, 34.011032]}, "properties": {"ftype": "station", "name": "La Brea 5", "tier": 1, "lines": ["La Brea Line"], "headway": "90 s"}}, {"type": "Feature", "geometry": {"type": "Point", "coordinates": [-118.355221, 34.018354]}, "properties": {"ftype": "station", "name": "La Brea & Coliseum Street", "tier": 1, "lines": ["La Brea Line"], "headway": "90 s"}}, {"type": "Feature", "geometry": {"type": "Point", "coordinates": [-118.353232, 34.0256]}, "properties": {"ftype": "station", "name": "La Brea & View Street", "tier": 1, "lines": ["La Brea Line"], "headway": "90 s"}}, {"type": "Feature", "geometry": {"type": "Point", "coordinates": [-118.350779, 34.032751]}, "properties": {"ftype": "station", "name": "La Brea & Adams Boulevard", "tier": 1, "lines": ["La Brea Line"], "headway": "90 s"}}, {"type": "Feature", "geometry": {"type": "Point", "coordinates": [-118.344642, 34.072033]}, "properties": {"ftype": "station", "name": "La Brea & Detroit Street", "tier": 1, "lines": ["La Brea Line"], "headway": "90 s"}}, {"type": "Feature", "geometry": {"type": "Point", "coordinates": [-118.344966, 34.081037]}, "properties": {"ftype": "station", "name": "La Brea 10", "tier": 1, "lines": ["La Brea Line"], "headway": "90 s"}}, {"type": "Feature", "geometry": {"type": "Point", "coordinates": [-118.331793, 34.030951]}, "properties": {"ftype": "station", "name": "Crenshaw & 28th Street", "tier": 1, "lines": ["Crenshaw Line"], "headway": "90 s"}}, {"type": "Feature", "geometry": {"type": "Point", "coordinates": [-118.333483, 34.022649]}, "properties": {"ftype": "station", "name": "Crenshaw & Exposition Boulevard", "tier": 1, "lines": ["Crenshaw Line"], "headway": "90 s"}}, {"type": "Feature", "geometry": {"type": "Point", "coordinates": [-118.33189, 33.99625]}, "properties": {"ftype": "station", "name": "Crenshaw & Victoria Avenue", "tier": 1, "lines": ["Crenshaw Line"], "headway": "90 s"}}, {"type": "Feature", "geometry": {"type": "Point", "coordinates": [-118.330697, 33.982406]}, "properties": {"ftype": "station", "name": "Crenshaw & 63rd Street", "tier": 1, "lines": ["Crenshaw Line"], "headway": "90 s"}}, {"type": "Feature", "geometry": {"type": "Point", "coordinates": [-118.33022, 33.976195]}, "properties": {"ftype": "station", "name": "Crenshaw & 71st Street", "tier": 1, "lines": ["Crenshaw Line"], "headway": "90 s"}}, {"type": "Feature", "geometry": {"type": "Point", "coordinates": [-118.327776, 33.952971]}, "properties": {"ftype": "station", "name": "Crenshaw & Hollypark Drive", "tier": 1, "lines": ["Crenshaw Line"], "headway": "90 s"}}, {"type": "Feature", "geometry": {"type": "Point", "coordinates": [-118.327142, 33.93771]}, "properties": {"ftype": "station", "name": "Crenshaw 7", "tier": 1, "lines": ["Crenshaw Line"], "headway": "90 s"}}, {"type": "Feature", "geometry": {"type": "Point", "coordinates": [-118.326926, 33.929959]}, "properties": {"ftype": "station", "name": "Crenshaw 8", "tier": 1, "lines": ["Crenshaw Line"], "headway": "90 s"}}, {"type": "Feature", "geometry": {"type": "Point", "coordinates": [-118.326828, 33.922206]}, "properties": {"ftype": "station", "name": "Crenshaw 9", "tier": 1, "lines": ["Crenshaw Line"], "headway": "90 s"}}, {"type": "Feature", "geometry": {"type": "Point", "coordinates": [-118.326729, 33.914453]}, "properties": {"ftype": "station", "name": "Crenshaw 10", "tier": 1, "lines": ["Crenshaw Line"], "headway": "90 s"}}, {"type": "Feature", "geometry": {"type": "Point", "coordinates": [-118.326631, 33.906699]}, "properties": {"ftype": "station", "name": "Crenshaw 11", "tier": 1, "lines": ["Crenshaw Line"], "headway": "90 s"}}, {"type": "Feature", "geometry": {"type": "Point", "coordinates": [-118.309268, 34.08364]}, "properties": {"ftype": "station", "name": "Western & Melrose Avenue", "tier": 1, "lines": ["Western Line"], "headway": "90 s"}}, {"type": "Feature", "geometry": {"type": "Point", "coordinates": [-118.30926, 34.076202]}, "properties": {"ftype": "station", "name": "Western & Beverly Boulevard", "tier": 1, "lines": ["Western Line"], "headway": "90 s"}}, {"type": "Feature", "geometry": {"type": "Point", "coordinates": [-118.309251, 34.068763]}, "properties": {"ftype": "station", "name": "Western & 3rd Street", "tier": 1, "lines": ["Western Line"], "headway": "90 s"}}, {"type": "Feature", "geometry": {"type": "Point", "coordinates": [-118.309206, 34.02839]}, "properties": {"ftype": "station", "name": "Western & 29th Place", "tier": 1, "lines": ["Western Line"], "headway": "90 s"}}, {"type": "Feature", "geometry": {"type": "Point", "coordinates": [-118.309196, 34.019871]}, "properties": {"ftype": "station", "name": "Western & 37th Place", "tier": 1, "lines": ["Western Line"], "headway": "90 s"}}, {"type": "Feature", "geometry": {"type": "Point", "coordinates": [-118.309176, 33.99643]}, "properties": {"ftype": "station", "name": "Western & 51st Place", "tier": 1, "lines": ["Western Line"], "headway": "90 s"}}, {"type": "Feature", "geometry": {"type": "Point", "coordinates": [-118.309169, 33.979958]}, "properties": {"ftype": "station", "name": "Western & 65th Place", "tier": 1, "lines": ["Western Line"], "headway": "90 s"}}, {"type": "Feature", "geometry": {"type": "Point", "coordinates": [-118.309158, 33.952923]}, "properties": {"ftype": "station", "name": "Western & 92nd Street", "tier": 1, "lines": ["Western Line"], "headway": "90 s"}}, {"type": "Feature", "geometry": {"type": "Point", "coordinates": [-118.309152, 33.937987]}, "properties": {"ftype": "station", "name": "Western 9", "tier": 1, "lines": ["Western Line"], "headway": "90 s"}}, {"type": "Feature", "geometry": {"type": "Point", "coordinates": [-118.309149, 33.930433]}, "properties": {"ftype": "station", "name": "Western 10", "tier": 1, "lines": ["Western Line"], "headway": "90 s"}}, {"type": "Feature", "geometry": {"type": "Point", "coordinates": [-118.309146, 33.922879]}, "properties": {"ftype": "station", "name": "Western & 122nd Street", "tier": 1, "lines": ["Western Line"], "headway": "90 s"}}, {"type": "Feature", "geometry": {"type": "Point", "coordinates": [-118.309143, 33.915325]}, "properties": {"ftype": "station", "name": "Western 12", "tier": 1, "lines": ["Western Line"], "headway": "90 s"}}, {"type": "Feature", "geometry": {"type": "Point", "coordinates": [-118.309139, 33.90777]}, "properties": {"ftype": "station", "name": "Western 13", "tier": 1, "lines": ["Western Line"], "headway": "90 s"}}, {"type": "Feature", "geometry": {"type": "Point", "coordinates": [-118.300213, 34.083725]}, "properties": {"ftype": "station", "name": "Normandie & Melrose Avenue", "tier": 1, "lines": ["Normandie Line"], "headway": "90 s"}}, {"type": "Feature", "geometry": {"type": "Point", "coordinates": [-118.300186, 34.076111]}, "properties": {"ftype": "station", "name": "Normandie & Beverly Boulevard", "tier": 1, "lines": ["Normandie Line"], "headway": "90 s"}}, {"type": "Feature", "geometry": {"type": "Point", "coordinates": [-118.300168, 34.068497]}, "properties": {"ftype": "station", "name": "Normandie & 3rd Street", "tier": 1, "lines": ["Normandie Line"], "headway": "90 s"}}, {"type": "Feature", "geometry": {"type": "Point", "coordinates": [-118.300329, 34.02748]}, "properties": {"ftype": "station", "name": "Normandie & 30th Street", "tier": 1, "lines": ["Normandie Line"], "headway": "90 s"}}, {"type": "Feature", "geometry": {"type": "Point", "coordinates": [-118.300342, 34.019168]}, "properties": {"ftype": "station", "name": "Normandie & 37th Drive", "tier": 1, "lines": ["Normandie Line"], "headway": "90 s"}}, {"type": "Feature", "geometry": {"type": "Point", "coordinates": [-118.300355, 33.996463]}, "properties": {"ftype": "station", "name": "Normandie & 51st Street", "tier": 1, "lines": ["Normandie Line"], "headway": "90 s"}}, {"type": "Feature", "geometry": {"type": "Point", "coordinates": [-118.300364, 33.980196]}, "properties": {"ftype": "station", "name": "Normandie & 65th Place", "tier": 1, "lines": ["Normandie Line"], "headway": "90 s"}}, {"type": "Feature", "geometry": {"type": "Point", "coordinates": [-118.300382, 33.952906]}, "properties": {"ftype": "station", "name": "Normandie & 92nd Street", "tier": 1, "lines": ["Normandie Line"], "headway": "90 s"}}, {"type": "Feature", "geometry": {"type": "Point", "coordinates": [-118.300392, 33.937473]}, "properties": {"ftype": "station", "name": "Normandie & 108th Street", "tier": 1, "lines": ["Normandie Line"], "headway": "90 s"}}, {"type": "Feature", "geometry": {"type": "Point", "coordinates": [-118.300398, 33.929365]}, "properties": {"ftype": "station", "name": "Normandie 10", "tier": 1, "lines": ["Normandie Line"], "headway": "90 s"}}, {"type": "Feature", "geometry": {"type": "Point", "coordinates": [-118.300404, 33.921257]}, "properties": {"ftype": "station", "name": "Normandie & 123rd Street", "tier": 1, "lines": ["Normandie Line"], "headway": "90 s"}}, {"type": "Feature", "geometry": {"type": "Point", "coordinates": [-118.30041, 33.91315]}, "properties": {"ftype": "station", "name": "Normandie & 132nd Street", "tier": 1, "lines": ["Normandie Line"], "headway": "90 s"}}, {"type": "Feature", "geometry": {"type": "Point", "coordinates": [-118.300415, 33.905042]}, "properties": {"ftype": "station", "name": "Normandie & 139th Street", "tier": 1, "lines": ["Normandie Line"], "headway": "90 s"}}, {"type": "Feature", "geometry": {"type": "Point", "coordinates": [-118.291947, 33.904879]}, "properties": {"ftype": "station", "name": "Vermont & 140th Street", "tier": 1, "lines": ["Vermont Line"], "headway": "90 s"}}, {"type": "Feature", "geometry": {"type": "Point", "coordinates": [-118.291917, 33.913027]}, "properties": {"ftype": "station", "name": "Vermont & 131st Street", "tier": 1, "lines": ["Vermont Line"], "headway": "90 s"}}, {"type": "Feature", "geometry": {"type": "Point", "coordinates": [-118.291887, 33.921175]}, "properties": {"ftype": "station", "name": "Vermont & 123rd Street", "tier": 1, "lines": ["Vermont Line"], "headway": "90 s"}}, {"type": "Feature", "geometry": {"type": "Point", "coordinates": [-118.291856, 33.929323]}, "properties": {"ftype": "station", "name": "Vermont & 115th Street", "tier": 1, "lines": ["Vermont Line"], "headway": "90 s"}}, {"type": "Feature", "geometry": {"type": "Point", "coordinates": [-118.291826, 33.937471]}, "properties": {"ftype": "station", "name": "Vermont & 108th Street", "tier": 1, "lines": ["Vermont Line"], "headway": "90 s"}}, {"type": "Feature", "geometry": {"type": "Point", "coordinates": [-118.291769, 33.952903]}, "properties": {"ftype": "station", "name": "Vermont 6", "tier": 1, "lines": ["Vermont Line"], "headway": "90 s"}}, {"type": "Feature", "geometry": {"type": "Point", "coordinates": [-118.291667, 33.980194]}, "properties": {"ftype": "station", "name": "Vermont & 65th Street", "tier": 1, "lines": ["Vermont Line"], "headway": "90 s"}}, {"type": "Feature", "geometry": {"type": "Point", "coordinates": [-118.291599, 33.996506]}, "properties": {"ftype": "station", "name": "Vermont & 51st Street", "tier": 1, "lines": ["Vermont Line"], "headway": "90 s"}}, {"type": "Feature", "geometry": {"type": "Point", "coordinates": [-118.291497, 34.018456]}, "properties": {"ftype": "station", "name": "Vermont & Exposition Boulevard", "tier": 1, "lines": ["Vermont Line"], "headway": "90 s"}}, {"type": "Feature", "geometry": {"type": "Point", "coordinates": [-118.29146, 34.026414]}, "properties": {"ftype": "station", "name": "Vermont & 31st Street", "tier": 1, "lines": ["Vermont Line"], "headway": "90 s"}}, {"type": "Feature", "geometry": {"type": "Point", "coordinates": [-118.29128, 34.067914]}, "properties": {"ftype": "station", "name": "Vermont & 4th Street", "tier": 1, "lines": ["Vermont Line"], "headway": "90 s"}}, {"type": "Feature", "geometry": {"type": "Point", "coordinates": [-118.29126, 34.075815]}, "properties": {"ftype": "station", "name": "Vermont & Beverly Boulevard", "tier": 1, "lines": ["Vermont Line"], "headway": "90 s"}}, {"type": "Feature", "geometry": {"type": "Point", "coordinates": [-118.29124, 34.083716]}, "properties": {"ftype": "station", "name": "Vermont & Melrose Avenue", "tier": 1, "lines": ["Vermont Line"], "headway": "90 s"}}, {"type": "Feature", "geometry": {"type": "Point", "coordinates": [-118.291408, 34.105362]}, "properties": {"ftype": "station", "name": "Vermont & Franklin Avenue", "tier": 1, "lines": ["Vermont Line"], "headway": "90 s"}}, {"type": "Feature", "geometry": {"type": "Point", "coordinates": [-118.291708, 34.111834]}, "properties": {"ftype": "station", "name": "Vermont & Katrina Lane", "tier": 1, "lines": ["Vermont Line"], "headway": "90 s"}}, {"type": "Feature", "geometry": {"type": "Point", "coordinates": [-118.282904, 33.907499]}, "properties": {"ftype": "station", "name": "Figueroa 1", "tier": 1, "lines": ["Figueroa Line"], "headway": "90 s"}}, {"type": "Feature", "geometry": {"type": "Point", "coordinates": [-118.282863, 33.915139]}, "properties": {"ftype": "station", "name": "Figueroa 2", "tier": 1, "lines": ["Figueroa Line"], "headway": "90 s"}}, {"type": "Feature", "geometry": {"type": "Point", "coordinates": [-118.282831, 33.922779]}, "properties": {"ftype": "station", "name": "Figueroa 3", "tier": 1, "lines": ["Figueroa Line"], "headway": "90 s"}}, {"type": "Feature", "geometry": {"type": "Point", "coordinates": [-118.282688, 33.930417]}, "properties": {"ftype": "station", "name": "Figueroa 4", "tier": 1, "lines": ["Figueroa Line"], "headway": "90 s"}}, {"type": "Feature", "geometry": {"type": "Point", "coordinates": [-118.282207, 33.938047]}, "properties": {"ftype": "station", "name": "Figueroa 5", "tier": 1, "lines": ["Figueroa Line"], "headway": "90 s"}}, {"type": "Feature", "geometry": {"type": "Point", "coordinates": [-118.281268, 33.952936]}, "properties": {"ftype": "station", "name": "Figueroa & Flower Street", "tier": 1, "lines": ["Figueroa Line", "Broadway Line"], "headway": "90 s"}}, {"type": "Feature", "geometry": {"type": "Point", "coordinates": [-118.278004, 33.980126]}, "properties": {"ftype": "station", "name": "Figueroa & Broadway", "tier": 1, "lines": ["Figueroa Line", "Broadway Line"], "headway": "90 s"}}, {"type": "Feature", "geometry": {"type": "Point", "coordinates": [-118.275758, 33.996676]}, "properties": {"ftype": "station", "name": "Figueroa & 50th Street", "tier": 1, "lines": ["Figueroa Line", "Broadway Line"], "headway": "90 s"}}, {"type": "Feature", "geometry": {"type": "Point", "coordinates": [-118.270529, 34.015998]}, "properties": {"ftype": "station", "name": "Figueroa & Maple Avenue", "tier": 1, "lines": ["Figueroa Line", "Broadway Line"], "headway": "90 s"}}, {"type": "Feature", "geometry": {"type": "Point", "coordinates": [-118.268765, 34.022517]}, "properties": {"ftype": "station", "name": "Figueroa & 28th Street", "tier": 1, "lines": ["Figueroa Line", "Broadway Line"], "headway": "90 s"}}, {"type": "Feature", "geometry": {"type": "Point", "coordinates": [-118.252561, 34.056067]}, "properties": {"ftype": "station", "name": "Figueroa & 2nd Street", "tier": 1, "lines": ["Figueroa Line"], "headway": "90 s"}}, {"type": "Feature", "geometry": {"type": "Point", "coordinates": [-118.239109, 34.069116]}, "properties": {"ftype": "station", "name": "Figueroa & Lookout Drive", "tier": 1, "lines": ["Figueroa Line"], "headway": "90 s"}}, {"type": "Feature", "geometry": {"type": "Point", "coordinates": [-118.231799, 34.075455]}, "properties": {"ftype": "station", "name": "Figueroa & Arroyo Seco Parkway", "tier": 1, "lines": ["Figueroa Line"], "headway": "90 s"}}, {"type": "Feature", "geometry": {"type": "Point", "coordinates": [-118.22438, 34.081706]}, "properties": {"ftype": "station", "name": "Figueroa & Golden State Freeway", "tier": 1, "lines": ["Figueroa Line"], "headway": "90 s"}}, {"type": "Feature", "geometry": {"type": "Point", "coordinates": [-118.216971, 34.087963]}, "properties": {"ftype": "station", "name": "Figueroa & Loreto Street", "tier": 1, "lines": ["Figueroa Line"], "headway": "90 s"}}, {"type": "Feature", "geometry": {"type": "Point", "coordinates": [-118.209922, 34.094495]}, "properties": {"ftype": "station", "name": "Figueroa & Shelburn Court", "tier": 1, "lines": ["Figueroa Line"], "headway": "90 s"}}, {"type": "Feature", "geometry": {"type": "Point", "coordinates": [-118.203407, 34.101412]}, "properties": {"ftype": "station", "name": "Figueroa & Sycamore Terrace", "tier": 1, "lines": ["Figueroa Line"], "headway": "90 s"}}, {"type": "Feature", "geometry": {"type": "Point", "coordinates": [-118.196128, 34.107754]}, "properties": {"ftype": "station", "name": "Figueroa & Avenue 55", "tier": 1, "lines": ["Figueroa Line"], "headway": "90 s"}}, {"type": "Feature", "geometry": {"type": "Point", "coordinates": [-118.188221, 34.113568]}, "properties": {"ftype": "station", "name": "Figueroa & Sumter Drive", "tier": 1, "lines": ["Figueroa Line"], "headway": "90 s"}}, {"type": "Feature", "geometry": {"type": "Point", "coordinates": [-118.185334, 34.121541]}, "properties": {"ftype": "station", "name": "Figueroa & Ruby Place", "tier": 1, "lines": ["Figueroa Line"], "headway": "90 s"}}, {"type": "Feature", "geometry": {"type": "Point", "coordinates": [-118.186959, 34.130232]}, "properties": {"ftype": "station", "name": "Figueroa & Annan Way", "tier": 1, "lines": ["Figueroa Line"], "headway": "90 s"}}, {"type": "Feature", "geometry": {"type": "Point", "coordinates": [-118.186826, 34.139024]}, "properties": {"ftype": "station", "name": "Figueroa & Colorado Boulevard", "tier": 1, "lines": ["Figueroa Line"], "headway": "90 s"}}, {"type": "Feature", "geometry": {"type": "Point", "coordinates": [-118.186255, 34.147806]}, "properties": {"ftype": "station", "name": "Figueroa 23", "tier": 1, "lines": ["Figueroa Line"], "headway": "90 s"}}, {"type": "Feature", "geometry": {"type": "Point", "coordinates": [-118.186765, 34.156566]}, "properties": {"ftype": "station", "name": "Figueroa 24", "tier": 1, "lines": ["Figueroa Line"], "headway": "90 s"}}, {"type": "Feature", "geometry": {"type": "Point", "coordinates": [-118.188809, 34.165179]}, "properties": {"ftype": "station", "name": "Figueroa 25", "tier": 1, "lines": ["Figueroa Line"], "headway": "90 s"}}, {"type": "Feature", "geometry": {"type": "Point", "coordinates": [-118.192132, 34.173521]}, "properties": {"ftype": "station", "name": "Figueroa 26", "tier": 1, "lines": ["Figueroa Line"], "headway": "90 s"}}, {"type": "Feature", "geometry": {"type": "Point", "coordinates": [-118.278367, 33.928658]}, "properties": {"ftype": "station", "name": "Broadway & Century Freeway", "tier": 1, "lines": ["Broadway Line"], "headway": "90 s"}}, {"type": "Feature", "geometry": {"type": "Point", "coordinates": [-118.278451, 33.937179]}, "properties": {"ftype": "station", "name": "Broadway & 109th Street", "tier": 1, "lines": ["Broadway Line"], "headway": "90 s"}}, {"type": "Feature", "geometry": {"type": "Point", "coordinates": [-118.253187, 33.907661]}, "properties": {"ftype": "station", "name": "Central 1", "tier": 1, "lines": ["Central Line"], "headway": "90 s"}}, {"type": "Feature", "geometry": {"type": "Point", "coordinates": [-118.253627, 33.915303]}, "properties": {"ftype": "station", "name": "Central 2", "tier": 1, "lines": ["Central Line"], "headway": "90 s"}}, {"type": "Feature", "geometry": {"type": "Point", "coordinates": [-118.254046, 33.922945]}, "properties": {"ftype": "station", "name": "Central 3", "tier": 1, "lines": ["Central Line"], "headway": "90 s"}}, {"type": "Feature", "geometry": {"type": "Point", "coordinates": [-118.254451, 33.930589]}, "properties": {"ftype": "station", "name": "Central 4", "tier": 1, "lines": ["Central Line"], "headway": "90 s"}}, {"type": "Feature", "geometry": {"type": "Point", "coordinates": [-118.254839, 33.938232]}, "properties": {"ftype": "station", "name": "Central 5", "tier": 1, "lines": ["Central Line"], "headway": "90 s"}}, {"type": "Feature", "geometry": {"type": "Point", "coordinates": [-118.255516, 33.953017]}, "properties": {"ftype": "station", "name": "Central & 92nd Street", "tier": 1, "lines": ["Central Line"], "headway": "90 s"}}, {"type": "Feature", "geometry": {"type": "Point", "coordinates": [-118.255499, 33.979948]}, "properties": {"ftype": "station", "name": "Central & 66th Street", "tier": 1, "lines": ["Central Line"], "headway": "90 s"}}, {"type": "Feature", "geometry": {"type": "Point", "coordinates": [-118.254684, 33.995626]}, "properties": {"ftype": "station", "name": "Central & 52nd Street", "tier": 1, "lines": ["Central Line"], "headway": "90 s"}}, {"type": "Feature", "geometry": {"type": "Point", "coordinates": [-118.252401, 34.009775]}, "properties": {"ftype": "station", "name": "Central & Hooper Avenue", "tier": 1, "lines": ["Central Line"], "headway": "90 s"}}, {"type": "Feature", "geometry": {"type": "Point", "coordinates": [-118.250955, 34.016971]}, "properties": {"ftype": "station", "name": "Central & Adams Boulevard", "tier": 1, "lines": ["Central Line"], "headway": "90 s"}}, {"type": "Feature", "geometry": {"type": "Point", "coordinates": [-118.219373, 33.997311]}, "properties": {"ftype": "station", "name": "Soto 1", "tier": 1, "lines": ["Soto Line"], "headway": "90 s"}}, {"type": "Feature", "geometry": {"type": "Point", "coordinates": [-118.211212, 34.040819]}, "properties": {"ftype": "station", "name": "Soto & 4th Street", "tier": 1, "lines": ["Soto Line"], "headway": "90 s"}}, {"type": "Feature", "geometry": {"type": "Point", "coordinates": [-118.203569, 34.054643]}, "properties": {"ftype": "station", "name": "Soto & I-10 Metro ExpressLanes", "tier": 1, "lines": ["Soto Line"], "headway": "90 s"}}, {"type": "Feature", "geometry": {"type": "Point", "coordinates": [-118.199757, 34.061894]}, "properties": {"ftype": "station", "name": "Soto & Playground Street", "tier": 1, "lines": ["Soto Line"], "headway": "90 s"}}, {"type": "Feature", "geometry": {"type": "Point", "coordinates": [-118.196306, 34.069265]}, "properties": {"ftype": "station", "name": "Soto 5", "tier": 1, "lines": ["Soto Line"], "headway": "90 s"}}, {"type": "Feature", "geometry": {"type": "Point", "coordinates": [-118.19174, 33.908826]}, "properties": {"ftype": "station", "name": "Atlantic & Cardwell Street", "tier": 1, "lines": ["Atlantic Line"], "headway": "90 s"}}, {"type": "Feature", "geometry": {"type": "Point", "coordinates": [-118.189591, 33.915553]}, "properties": {"ftype": "station", "name": "Atlantic & Century Freeway", "tier": 1, "lines": ["Atlantic Line"], "headway": "90 s"}}, {"type": "Feature", "geometry": {"type": "Point", "coordinates": [-118.185349, 33.929637]}, "properties": {"ftype": "station", "name": "Atlantic & Linden Street", "tier": 1, "lines": ["Atlantic Line"], "headway": "90 s"}}, {"type": "Feature", "geometry": {"type": "Point", "coordinates": [-118.183801, 33.937092]}, "properties": {"ftype": "station", "name": "Atlantic & Rosewood Avenue", "tier": 1, "lines": ["Atlantic Line"], "headway": "90 s"}}, {"type": "Feature", "geometry": {"type": "Point", "coordinates": [-118.183127, 33.944618]}, "properties": {"ftype": "station", "name": "Atlantic & Pinehurst Avenue", "tier": 1, "lines": ["Atlantic Line"], "headway": "90 s"}}, {"type": "Feature", "geometry": {"type": "Point", "coordinates": [-118.183273, 33.952168]}, "properties": {"ftype": "station", "name": "Atlantic & Firestone Boulevard", "tier": 1, "lines": ["Atlantic Line"], "headway": "90 s"}}, {"type": "Feature", "geometry": {"type": "Point", "coordinates": [-118.18435, 33.959681]}, "properties": {"ftype": "station", "name": "Atlantic 7", "tier": 1, "lines": ["Atlantic Line"], "headway": "90 s"}}, {"type": "Feature", "geometry": {"type": "Point", "coordinates": [-118.185134, 33.973859]}, "properties": {"ftype": "station", "name": "Atlantic & King Avenue", "tier": 1, "lines": ["Atlantic Line"], "headway": "90 s"}}, {"type": "Feature", "geometry": {"type": "Point", "coordinates": [-118.184227, 33.980461]}, "properties": {"ftype": "station", "name": "Atlantic 9", "tier": 1, "lines": ["Atlantic Line"], "headway": "90 s"}}, {"type": "Feature", "geometry": {"type": "Point", "coordinates": [-118.177745, 33.994839]}, "properties": {"ftype": "station", "name": "Atlantic & Long Beach Freeway", "tier": 1, "lines": ["Atlantic Line"], "headway": "90 s"}}, {"type": "Feature", "geometry": {"type": "Point", "coordinates": [-118.170675, 34.001543]}, "properties": {"ftype": "station", "name": "Atlantic 11", "tier": 1, "lines": ["Atlantic Line"], "headway": "90 s"}}, {"type": "Feature", "geometry": {"type": "Point", "coordinates": [-118.162805, 34.007597]}, "properties": {"ftype": "station", "name": "Atlantic & Cowlin Avenue", "tier": 1, "lines": ["Atlantic Line"], "headway": "90 s"}}, {"type": "Feature", "geometry": {"type": "Point", "coordinates": [-118.154334, 34.027809]}, "properties": {"ftype": "station", "name": "Atlantic & Amalia Avenue", "tier": 1, "lines": ["Atlantic Line"], "headway": "90 s"}}, {"type": "Feature", "geometry": {"type": "Point", "coordinates": [-118.520223, 34.162912]}, "properties": {"ftype": "station", "name": "Ventura & Yarmouth Avenue", "tier": 1, "lines": ["Ventura Line"], "headway": "90 s"}}, {"type": "Feature", "geometry": {"type": "Point", "coordinates": [-118.525434, 34.186795]}, "properties": {"ftype": "station", "name": "Victory & Newcastle Avenue", "tier": 1, "lines": ["Victory Line"], "headway": "90 s"}}, {"type": "Feature", "geometry": {"type": "Point", "coordinates": [-118.296656, 34.158575]}, "properties": {"ftype": "station", "name": "Victory & Sonora Avenue", "tier": 1, "lines": ["Victory Line"], "headway": "90 s"}}, {"type": "Feature", "geometry": {"type": "Point", "coordinates": [-118.176066, 33.969166]}, "properties": {"ftype": "station", "name": "Sherman Way & Florence Avenue", "tier": 1, "lines": ["Sherman Way Line"], "headway": "90 s"}}, {"type": "Feature", "geometry": {"type": "Point", "coordinates": [-118.17481, 33.976647]}, "properties": {"ftype": "station", "name": "Sherman Way & Gage Avenue", "tier": 1, "lines": ["Sherman Way Line"], "headway": "90 s"}}, {"type": "Feature", "geometry": {"type": "Point", "coordinates": [-118.379913, 34.09902]}, "properties": {"ftype": "station", "name": "Hollywood & Sunset Plaza Drive", "tier": 1, "lines": ["Hollywood Line"], "headway": "90 s"}}, {"type": "Feature", "geometry": {"type": "Point", "coordinates": [-118.287108, 34.098155]}, "properties": {"ftype": "station", "name": "Hollywood & Sunset Drive", "tier": 1, "lines": ["Hollywood Line"], "headway": "90 s"}}, {"type": "Feature", "geometry": {"type": "Point", "coordinates": [-118.520256, 34.042786]}, "properties": {"ftype": "station", "name": "Sunset & Drummond Street", "tier": 1, "lines": ["Sunset Line"], "headway": "90 s"}}, {"type": "Feature", "geometry": {"type": "Point", "coordinates": [-118.49806, 34.014095]}, "properties": {"ftype": "station", "name": "Santa Monica & Ocean Avenue", "tier": 1, "lines": ["Santa Monica Line"], "headway": "90 s"}}, {"type": "Feature", "geometry": {"type": "Point", "coordinates": [-118.500974, 34.016999]}, "properties": {"ftype": "station", "name": "Wilshire & Ocean Avenue", "tier": 1, "lines": ["Wilshire Line"], "headway": "90 s"}}, {"type": "Feature", "geometry": {"type": "Point", "coordinates": [-118.489813, 34.012714]}, "properties": {"ftype": "station", "name": "Olympic & Santa Monica Freeway", "tier": 1, "lines": ["Olympic Line"], "headway": "90 s"}}, {"type": "Feature", "geometry": {"type": "Point", "coordinates": [-118.149205, 34.014332]}, "properties": {"ftype": "station", "name": "Olympic East Terminal", "tier": 1, "lines": ["Olympic Line"], "headway": "90 s"}}, {"type": "Feature", "geometry": {"type": "Point", "coordinates": [-118.491308, 34.006865]}, "properties": {"ftype": "station", "name": "Pico & Ocean Way", "tier": 1, "lines": ["Pico Line"], "headway": "90 s"}}, {"type": "Feature", "geometry": {"type": "Point", "coordinates": [-118.200999, 34.018026]}, "properties": {"ftype": "station", "name": "Pico & Esperanza Street", "tier": 1, "lines": ["Pico Line"], "headway": "90 s"}}, {"type": "Feature", "geometry": {"type": "Point", "coordinates": [-118.471159, 33.983989]}, "properties": {"ftype": "station", "name": "Venice & Speedway", "tier": 1, "lines": ["Venice Line"], "headway": "90 s"}}, {"type": "Feature", "geometry": {"type": "Point", "coordinates": [-118.466707, 33.979164]}, "properties": {"ftype": "station", "name": "Washington & Speedway", "tier": 1, "lines": ["Washington Line"], "headway": "90 s"}}, {"type": "Feature", "geometry": {"type": "Point", "coordinates": [-118.14944, 34.168851]}, "properties": {"ftype": "station", "name": "Washington & Raymond Avenue", "tier": 1, "lines": ["Washington Line"], "headway": "90 s"}}, {"type": "Feature", "geometry": {"type": "Point", "coordinates": [-118.352225, 34.021446]}, "properties": {"ftype": "station", "name": "MLK & Obama Boulevard", "tier": 1, "lines": ["MLK Line"], "headway": "90 s"}}, {"type": "Feature", "geometry": {"type": "Point", "coordinates": [-118.179813, 33.919019]}, "properties": {"ftype": "station", "name": "MLK East Terminal", "tier": 1, "lines": ["MLK Line"], "headway": "90 s"}}, {"type": "Feature", "geometry": {"type": "Point", "coordinates": [-118.4748, 33.994291]}, "properties": {"ftype": "station", "name": "Vernon & Hampton Drive", "tier": 1, "lines": ["Vernon Line"], "headway": "90 s"}}, {"type": "Feature", "geometry": {"type": "Point", "coordinates": [-118.204984, 34.005712]}, "properties": {"ftype": "station", "name": "Vernon & Downey Road", "tier": 1, "lines": ["Vernon Line"], "headway": "90 s"}}, {"type": "Feature", "geometry": {"type": "Point", "coordinates": [-118.447236, 33.955019]}, "properties": {"ftype": "station", "name": "Manchester West Terminal", "tier": 1, "lines": ["Manchester Line"], "headway": "90 s"}}, {"type": "Feature", "geometry": {"type": "Point", "coordinates": [-118.231591, 33.960145]}, "properties": {"ftype": "station", "name": "Manchester East Terminal", "tier": 1, "lines": ["Manchester Line"], "headway": "90 s"}}, {"type": "Feature", "geometry": {"type": "Point", "coordinates": [-118.4085, 33.9425]}, "properties": {"ftype": "station", "name": "Century West Terminal", "tier": 1, "lines": ["Century Line"], "headway": "90 s"}}, {"type": "Feature", "geometry": {"type": "Point", "coordinates": [-118.228907, 33.94653]}, "properties": {"ftype": "station", "name": "Century East Terminal", "tier": 1, "lines": ["Century Line"], "headway": "90 s"}}, {"type": "Feature", "geometry": {"type": "Point", "coordinates": [-118.414614, 33.998442]}, "properties": {"ftype": "station", "name": "Slauson & Culver Boulevard", "tier": 1, "lines": ["Slauson Line"], "headway": "90 s"}}, {"type": "Feature", "geometry": {"type": "Point", "coordinates": [-118.148984, 33.984342]}, "properties": {"ftype": "station", "name": "Slauson East Terminal", "tier": 1, "lines": ["Slauson Line"], "headway": "90 s"}}, {"type": "Feature", "geometry": {"type": "Point", "coordinates": [-118.149976, 33.964319]}, "properties": {"ftype": "station", "name": "Florence & Perry Road", "tier": 1, "lines": ["Florence Line"], "headway": "90 s"}}, {"type": "Feature", "geometry": {"type": "Point", "coordinates": [-118.228035, 34.03846]}, "properties": {"ftype": "station", "name": "Whittier & 6th Street", "tier": 1, "lines": ["Whittier Line"], "headway": "90 s"}}, {"type": "Feature", "geometry": {"type": "Point", "coordinates": [-118.149971, 34.018857]}, "properties": {"ftype": "station", "name": "Whittier & Hoefner Avenue", "tier": 1, "lines": ["Whittier Line"], "headway": "90 s"}}, {"type": "Feature", "geometry": {"type": "Point", "coordinates": [-118.157379, 34.040641]}, "properties": {"ftype": "station", "name": "Chavez & Avenida Cesar Chavez", "tier": 1, "lines": ["Chavez Line"], "headway": "90 s"}}, {"type": "Feature", "geometry": {"type": "Point", "coordinates": [-118.466211, 34.20039]}, "properties": {"ftype": "station", "name": "Sepulveda & Sherman Way", "tier": 1, "lines": ["Sepulveda Line"], "headway": "90 s"}}, {"type": "Feature", "geometry": {"type": "Point", "coordinates": [-118.396056, 33.899935]}, "properties": {"ftype": "station", "name": "Sepulveda & Valley Drive", "tier": 1, "lines": ["Sepulveda Line"], "headway": "90 s"}}, {"type": "Feature", "geometry": {"type": "Point", "coordinates": [-118.449671, 34.146923]}, "properties": {"ftype": "station", "name": "Van Nuys & Valley Vista Boulevard", "tier": 1, "lines": ["Van Nuys Line"], "headway": "90 s"}}, {"type": "Feature", "geometry": {"type": "Point", "coordinates": [-118.448837, 34.201139]}, "properties": {"ftype": "station", "name": "Van Nuys & Sherman Way", "tier": 1, "lines": ["Van Nuys Line"], "headway": "90 s"}}, {"type": "Feature", "geometry": {"type": "Point", "coordinates": [-118.396582, 34.200556]}, "properties": {"ftype": "station", "name": "Laurel Canyon & Sherman Way", "tier": 1, "lines": ["Laurel Canyon Line"], "headway": "90 s"}}, {"type": "Feature", "geometry": {"type": "Point", "coordinates": [-118.3878, 34.201204]}, "properties": {"ftype": "station", "name": "Lankershim North Terminal", "tier": 1, "lines": ["Lankershim Line"], "headway": "90 s"}}, {"type": "Feature", "geometry": {"type": "Point", "coordinates": [-118.367114, 34.134905]}, "properties": {"ftype": "station", "name": "Lankershim South Terminal", "tier": 1, "lines": ["Lankershim Line"], "headway": "90 s"}}, {"type": "Feature", "geometry": {"type": "Point", "coordinates": [-118.507092, 34.032929]}, "properties": {"ftype": "station", "name": "Lincoln & San Vicente Boulevard", "tier": 1, "lines": ["Lincoln Line"], "headway": "90 s"}}, {"type": "Feature", "geometry": {"type": "Point", "coordinates": [-118.4452, 34.07]}, "properties": {"ftype": "station", "name": "Westwood & Westwood Plaza", "tier": 1, "lines": ["Westwood Line"], "headway": "90 s"}}, {"type": "Feature", "geometry": {"type": "Point", "coordinates": [-118.371426, 33.916458]}, "properties": {"ftype": "station", "name": "La Cienega & El Segundo Boulevard", "tier": 1, "lines": ["La Cienega Line"], "headway": "90 s"}}, {"type": "Feature", "geometry": {"type": "Point", "coordinates": [-118.360896, 33.981594]}, "properties": {"ftype": "station", "name": "Fairfax & 64th Street", "tier": 1, "lines": ["Fairfax Line"], "headway": "90 s"}}, {"type": "Feature", "geometry": {"type": "Point", "coordinates": [-118.362431, 34.103133]}, "properties": {"ftype": "station", "name": "Fairfax & Fareholm Drive", "tier": 1, "lines": ["Fairfax Line"], "headway": "90 s"}}, {"type": "Feature", "geometry": {"type": "Point", "coordinates": [-118.352648, 33.945509]}, "properties": {"ftype": "station", "name": "La Brea & Century Boulevard", "tier": 1, "lines": ["La Brea Line"], "headway": "90 s"}}, {"type": "Feature", "geometry": {"type": "Point", "coordinates": [-118.34635, 34.105294]}, "properties": {"ftype": "station", "name": "La Brea & La Brea Terrace", "tier": 1, "lines": ["La Brea Line"], "headway": "90 s"}}, {"type": "Feature", "geometry": {"type": "Point", "coordinates": [-118.326532, 33.898946]}, "properties": {"ftype": "station", "name": "Crenshaw & 147th Street", "tier": 1, "lines": ["Crenshaw Line"], "headway": "90 s"}}, {"type": "Feature", "geometry": {"type": "Point", "coordinates": [-118.309292, 34.104594]}, "properties": {"ftype": "station", "name": "Western & Russell Avenue", "tier": 1, "lines": ["Western Line"], "headway": "90 s"}}, {"type": "Feature", "geometry": {"type": "Point", "coordinates": [-118.309136, 33.900216]}, "properties": {"ftype": "station", "name": "Western & 145th Street", "tier": 1, "lines": ["Western Line"], "headway": "90 s"}}, {"type": "Feature", "geometry": {"type": "Point", "coordinates": [-118.300332, 34.10846]}, "properties": {"ftype": "station", "name": "Normandie & Ambrose Avenue", "tier": 1, "lines": ["Normandie Line"], "headway": "90 s"}}, {"type": "Feature", "geometry": {"type": "Point", "coordinates": [-118.300421, 33.896934]}, "properties": {"ftype": "station", "name": "Normandie & 149th Street", "tier": 1, "lines": ["Normandie Line"], "headway": "90 s"}}, {"type": "Feature", "geometry": {"type": "Point", "coordinates": [-118.291978, 33.896731]}, "properties": {"ftype": "station", "name": "Vermont & 149th Street", "tier": 1, "lines": ["Vermont Line"], "headway": "90 s"}}, {"type": "Feature", "geometry": {"type": "Point", "coordinates": [-118.293312, 34.117945]}, "properties": {"ftype": "station", "name": "Vermont & Vermont Canyon Road", "tier": 1, "lines": ["Vermont Line"], "headway": "90 s"}}, {"type": "Feature", "geometry": {"type": "Point", "coordinates": [-118.28296, 33.899859]}, "properties": {"ftype": "station", "name": "Figueroa & 146th Street", "tier": 1, "lines": ["Figueroa Line"], "headway": "90 s"}}, {"type": "Feature", "geometry": {"type": "Point", "coordinates": [-118.196302, 34.181601]}, "properties": {"ftype": "station", "name": "Figueroa & Chevy Chase Drive", "tier": 1, "lines": ["Figueroa Line"], "headway": "90 s"}}, {"type": "Feature", "geometry": {"type": "Point", "coordinates": [-118.278283, 33.920137]}, "properties": {"ftype": "station", "name": "Broadway & 124th Street", "tier": 1, "lines": ["Broadway Line"], "headway": "90 s"}}, {"type": "Feature", "geometry": {"type": "Point", "coordinates": [-118.250422, 34.048384]}, "properties": {"ftype": "station", "name": "Broadway & 5th Street", "tier": 1, "lines": ["Broadway Line"], "headway": "90 s"}}, {"type": "Feature", "geometry": {"type": "Point", "coordinates": [-118.252747, 33.90002]}, "properties": {"ftype": "station", "name": "Central & Poplar Street", "tier": 1, "lines": ["Central Line"], "headway": "90 s"}}, {"type": "Feature", "geometry": {"type": "Point", "coordinates": [-118.240018, 34.038732]}, "properties": {"ftype": "station", "name": "Central & 6th Street", "tier": 1, "lines": ["Central Line"], "headway": "90 s"}}, {"type": "Feature", "geometry": {"type": "Point", "coordinates": [-118.219362, 33.989373]}, "properties": {"ftype": "station", "name": "Soto & Slauson Avenue", "tier": 1, "lines": ["Soto Line"], "headway": "90 s"}}, {"type": "Feature", "geometry": {"type": "Point", "coordinates": [-118.193989, 34.076912]}, "properties": {"ftype": "station", "name": "Soto & Supreme Court", "tier": 1, "lines": ["Soto Line"], "headway": "90 s"}}, {"type": "Feature", "geometry": {"type": "Point", "coordinates": [-118.193891, 33.902099]}, "properties": {"ftype": "station", "name": "Atlantic & Pixley Street", "tier": 1, "lines": ["Atlantic Line"], "headway": "90 s"}}, {"type": "Feature", "geometry": {"type": "Point", "coordinates": [-118.150308, 34.034994]}, "properties": {"ftype": "station", "name": "Atlantic & Pomona Freeway", "tier": 1, "lines": ["Atlantic Line"], "headway": "90 s"}}, {"type": "Feature", "geometry": {"type": "LineString", "coordinates": [[-118.520223, 34.162912], [-118.513116, 34.161498], [-118.503261, 34.159734], [-118.485006, 34.156679], [-118.459526, 34.15248], [-118.430301, 34.147835], [-118.408928, 34.144452], [-118.394814, 34.142409], [-118.387628, 34.141208], [-118.382004, 34.140591], [-118.378219, 34.140538], [-118.374805, 34.140698], [-118.371281, 34.140257], [-118.367287, 34.138962], [-118.364363, 34.137666]]}, "properties": {"ftype": "line", "id": "la-Ventura", "name": "Ventura Line", "tier": 1, "headway": "90 s"}}, {"type": "Feature", "geometry": {"type": "LineString", "coordinates": [[-118.525434, 34.186795], [-118.430198, 34.186073], [-118.366843, 34.185274], [-118.335784, 34.184487], [-118.32587, 34.18244], [-118.319284, 34.179025], [-118.314158, 34.173113], [-118.30657, 34.166252], [-118.296656, 34.158575]]}, "properties": {"ftype": "line", "id": "la-Victory", "name": "Victory Line", "tier": 1, "headway": "90 s"}}, {"type": "Feature", "geometry": {"type": "LineString", "coordinates": [[-118.176066, 33.969166], [-118.17481, 33.976647]]}, "properties": {"ftype": "line", "id": "la-Sherman Way", "name": "Sherman Way Line", "tier": 1, "headway": "90 s"}}, {"type": "Feature", "geometry": {"type": "LineString", "coordinates": [[-118.379913, 34.09902], [-118.377869, 34.098811], [-118.375516, 34.098772], [-118.373003, 34.098856], [-118.370422, 34.099337], [-118.367501, 34.099984], [-118.35715, 34.100826], [-118.339556, 34.101356], [-118.315282, 34.101225], [-118.29784, 34.100079], [-118.287108, 34.098155]]}, "properties": {"ftype": "line", "id": "la-Hollywood", "name": "Hollywood Line", "tier": 1, "headway": "90 s"}}, {"type": "Feature", "geometry": {"type": "LineString", "coordinates": [[-118.520256, 34.042786], [-118.518826, 34.042523], [-118.51739, 34.042998], [-118.515854, 34.04443], [-118.514181, 34.046236], [-118.512337, 34.047665], [-118.51014, 34.048765], [-118.507566, 34.049684], [-118.504811, 34.051091], [-118.502303, 34.052455], [-118.499873, 34.054258], [-118.497633, 34.056182], [-118.495351, 34.057881], [-118.493349, 34.058362], [-118.490503, 34.057872], [-118.486992, 34.057462], [-118.482039, 34.058345], [-118.477322, 34.060879], [-118.47289, 34.064672], [-118.469808, 34.068604], [-118.467407, 34.071446], [-118.465505, 34.072954], [-118.463839, 34.073404], [-118.462053, 34.073609], [-118.459939, 34.074058], [-118.457282, 34.074866], [-118.454369, 34.075492], [-118.451562, 34.075397], [-118.448776, 34.07507], [-118.446019, 34.075284], [-118.442723, 34.076804], [-118.439112, 34.07874], [-118.435229, 34.080415], [-118.431991, 34.080913], [-118.42921, 34.080744], [-118.426809, 34.080196], [-118.42441, 34.079462], [-118.421708, 34.078853], [-118.418242, 34.079288], [-118.413946, 34.081125], [-118.409378, 34.083722], [-118.4055, 34.085638], [-118.402065, 34.086778], [-118.39894, 34.087621], [-118.394952, 34.088691], [-118.390279, 34.089969], [-118.38495, 34.091246], [-118.380243, 34.092605], [-118.376064, 34.094115], [-118.372599, 34.095594], [-118.360751, 34.096889], [-118.340949, 34.097443], [-118.312291, 34.096746], [-118.291627, 34.094101], [-118.278466, 34.089745], [-118.273765, 34.084832], [-118.269166, 34.080983], [-118.264529, 34.078453], [-118.259815, 34.076724], [-118.25517, 34.074088], [-118.251531, 34.070633], [-118.248642, 34.066553], [-118.24619, 34.062599]]}, "properties": {"ftype": "line", "id": "la-Sunset", "name": "Sunset Line", "tier": 1, "headway": "90 s"}}, {"type": "Feature", "geometry": {"type": "LineString", "coordinates": [[-118.49806, 34.014095], [-118.473974, 34.030577], [-118.451512, 34.044327], [-118.431717, 34.054951], [-118.415171, 34.064201], [-118.403903, 34.071085], [-118.396276, 34.076456], [-118.38992, 34.080774], [-118.38182, 34.085237], [-118.36528, 34.088586], [-118.341398, 34.090327], [-118.311709, 34.091009], [-118.29157, 34.091589], [-118.281859, 34.090868]]}, "properties": {"ftype": "line", "id": "la-Santa Monica", "name": "Santa Monica Line", "tier": 1, "headway": "90 s"}}, {"type": "Feature", "geometry": {"type": "LineString", "coordinates": [[-118.500974, 34.016999], [-118.476884, 34.036705], [-118.460877, 34.049549], [-118.451771, 34.055481], [-118.445417, 34.058384], [-118.437982, 34.06154], [-118.432057, 34.064619], [-118.427088, 34.066573], [-118.419694, 34.067355], [-118.407308, 34.066983], [-118.390036, 34.066008], [-118.370226, 34.064499], [-118.34669, 34.063129], [-118.320808, 34.061885], [-118.297451, 34.060753], [-118.281358, 34.058817], [-118.271709, 34.056029], [-118.264068, 34.052226], [-118.258121, 34.049096]]}, "properties": {"ftype": "line", "id": "la-Wilshire", "name": "Wilshire Line", "tier": 1, "headway": "90 s"}}, {"type": "Feature", "geometry": {"type": "LineString", "coordinates": [[-118.489813, 34.012714], [-118.486056, 34.015353], [-118.481788, 34.018702], [-118.476419, 34.022791], [-118.469902, 34.026646], [-118.462333, 34.029848], [-118.452034, 34.033938], [-118.44056, 34.039315], [-118.427745, 34.046566], [-118.41908, 34.052273], [-118.413617, 34.056369], [-118.411544, 34.058101], [-118.408494, 34.059131], [-118.402311, 34.059465], [-118.391386, 34.059292], [-118.375371, 34.058761], [-118.357934, 34.057784], [-118.341803, 34.056728], [-118.330496, 34.055456], [-118.320642, 34.054359], [-118.310138, 34.053294], [-118.295699, 34.051807], [-118.281091, 34.049327], [-118.268084, 34.045541], [-118.259144, 34.04145], [-118.252168, 34.037201], [-118.246544, 34.033375], [-118.241113, 34.029911], [-118.235754, 34.027566], [-118.228697, 34.025451], [-118.216707, 34.023424], [-118.19855, 34.020511], [-118.174986, 34.017538], [-118.149205, 34.014332]]}, "properties": {"ftype": "line", "id": "la-Olympic", "name": "Olympic Line", "tier": 1, "headway": "90 s"}}, {"type": "Feature", "geometry": {"type": "LineString", "coordinates": [[-118.491308, 34.006865], [-118.474706, 34.016112], [-118.454254, 34.027109], [-118.431867, 34.038714], [-118.413831, 34.047872], [-118.401926, 34.05292], [-118.392483, 34.054274], [-118.381568, 34.053424], [-118.368704, 34.051456], [-118.356878, 34.049663], [-118.345456, 34.048461], [-118.331146, 34.047995], [-118.311925, 34.046706], [-118.289639, 34.04397], [-118.270181, 34.039261], [-118.253056, 34.03331], [-118.238543, 34.027319], [-118.223558, 34.022178], [-118.21138, 34.019303], [-118.200999, 34.018026]]}, "properties": {"ftype": "line", "id": "la-Pico", "name": "Pico Line", "tier": 1, "headway": "90 s"}}, {"type": "Feature", "geometry": {"type": "LineString", "coordinates": [[-118.471159, 33.983989], [-118.449507, 33.995795], [-118.421674, 34.011017], [-118.391287, 34.027766], [-118.369071, 34.03881], [-118.354834, 34.044176], [-118.344226, 34.045355], [-118.335468, 34.045498], [-118.326373, 34.044819], [-118.317966, 34.044093], [-118.306909, 34.043826], [-118.297033, 34.044877], [-118.287558, 34.043466], [-118.279503, 34.041517], [-118.270444, 34.039324], [-118.262904, 34.033817]]}, "properties": {"ftype": "line", "id": "la-Venice", "name": "Venice Line", "tier": 1, "headway": "90 s"}}, {"type": "Feature", "geometry": {"type": "LineString", "coordinates": [[-118.466707, 33.979164], [-118.452938, 33.98703], [-118.441766, 33.992884], [-118.43416, 33.995923], [-118.428471, 33.99717], [-118.423803, 33.998032], [-118.419266, 34.000473], [-118.414779, 34.004824], [-118.409313, 34.011096], [-118.402446, 34.017473], [-118.393852, 34.023453], [-118.384847, 34.028178], [-118.375634, 34.032323], [-118.367516, 34.035807], [-118.35959, 34.038582], [-118.346601, 34.040035], [-118.324864, 34.038872], [-118.294686, 34.035085], [-118.267095, 34.029063], [-118.247533, 34.023722], [-118.237091, 34.020112], [-118.230013, 34.018611], [-118.22347, 34.017477], [-118.215517, 34.016139], [-118.202455, 34.01282], [-118.18581, 34.010373], [-118.169846, 34.024298], [-118.163447, 34.060043], [-118.164883, 34.112985], [-118.16856, 34.152119], [-118.168778, 34.171196], [-118.16552, 34.172114], [-118.160898, 34.170692], [-118.15536, 34.169536], [-118.14944, 34.168851]]}, "properties": {"ftype": "line", "id": "la-Washington", "name": "Washington Line", "tier": 1, "headway": "90 s"}}, {"type": "Feature", "geometry": {"type": "LineString", "coordinates": [[-118.352225, 34.021446], [-118.341497, 34.015782], [-118.325115, 34.012299], [-118.301969, 34.010922], [-118.272999, 34.009742], [-118.250565, 34.001389], [-118.236841, 33.985196], [-118.228855, 33.962688], [-118.221257, 33.946178], [-118.212621, 33.936594], [-118.206272, 33.933321], [-118.200429, 33.929799], [-118.195052, 33.926252], [-118.187945, 33.922495], [-118.179813, 33.919019]]}, "properties": {"ftype": "line", "id": "la-MLK", "name": "MLK Line", "tier": 1, "headway": "90 s"}}, {"type": "Feature", "geometry": {"type": "LineString", "coordinates": [[-118.4748, 33.994291], [-118.466996, 33.998235], [-118.456509, 34.001139], [-118.422776, 34.002751], [-118.367666, 34.003578], [-118.296266, 34.004163], [-118.247527, 34.004757], [-118.218086, 34.005271], [-118.204984, 34.005712]]}, "properties": {"ftype": "line", "id": "la-Vernon", "name": "Vernon Line", "tier": 1, "headway": "90 s"}}, {"type": "Feature", "geometry": {"type": "LineString", "coordinates": [[-118.447236, 33.955019], [-118.444115, 33.955956], [-118.440797, 33.957138], [-118.431067, 33.95844], [-118.415536, 33.959371], [-118.394098, 33.960025], [-118.376987, 33.960257], [-118.36988, 33.962748], [-118.363589, 33.961448], [-118.355905, 33.961457], [-118.350258, 33.961063], [-118.334067, 33.960511], [-118.295191, 33.960189], [-118.231591, 33.960145]]}, "properties": {"ftype": "line", "id": "la-Manchester", "name": "Manchester Line", "tier": 1, "headway": "90 s"}}, {"type": "Feature", "geometry": {"type": "LineString", "coordinates": [[-118.4085, 33.9425], [-118.402175, 33.944066], [-118.395371, 33.944988], [-118.373304, 33.945362], [-118.336003, 33.945421], [-118.285579, 33.945647], [-118.251414, 33.945906], [-118.232961, 33.94624], [-118.228907, 33.94653]]}, "properties": {"ftype": "line", "id": "la-Century", "name": "Century Line", "tier": 1, "headway": "90 s"}}, {"type": "Feature", "geometry": {"type": "LineString", "coordinates": [[-118.414614, 33.998442], [-118.403509, 33.993335], [-118.392971, 33.990031], [-118.382562, 33.988637], [-118.37376, 33.988245], [-118.365683, 33.988176], [-118.347623, 33.988429], [-118.314941, 33.988806], [-118.264709, 33.988773], [-118.219701, 33.988221], [-118.185239, 33.987054], [-118.165543, 33.98576], [-118.148984, 33.984342]]}, "properties": {"ftype": "line", "id": "la-Slauson", "name": "Slauson Line", "tier": 1, "headway": "90 s"}}, {"type": "Feature", "geometry": {"type": "LineString", "coordinates": [[-118.378413, 33.960237], [-118.371146, 33.962405], [-118.364772, 33.964134], [-118.358316, 33.965465], [-118.352163, 33.967273], [-118.334595, 33.96972], [-118.299017, 33.971669], [-118.246683, 33.971148], [-118.200815, 33.968741], [-118.174213, 33.966208], [-118.166002, 33.965109], [-118.164756, 33.963302], [-118.16376, 33.959523], [-118.162931, 33.954661], [-118.161981, 33.951636], [-118.160856, 33.95308], [-118.159528, 33.957351], [-118.158182, 33.962579], [-118.156985, 33.964242], [-118.155928, 33.96274], [-118.154764, 33.959538], [-118.153557, 33.958519], [-118.152244, 33.960069], [-118.15109, 33.962459], [-118.149976, 33.964319]]}, "properties": {"ftype": "line", "id": "la-Florence", "name": "Florence Line", "tier": 1, "headway": "90 s"}}, {"type": "Feature", "geometry": {"type": "LineString", "coordinates": [[-118.228035, 34.03846], [-118.222041, 34.036448], [-118.211379, 34.033069], [-118.193752, 34.027881], [-118.172702, 34.02315], [-118.149971, 34.018857]]}, "properties": {"ftype": "line", "id": "la-Whittier", "name": "Whittier Line", "tier": 1, "headway": "90 s"}}, {"type": "Feature", "geometry": {"type": "LineString", "coordinates": [[-118.24619, 34.062599], [-118.242747, 34.060588], [-118.237575, 34.058322], [-118.2365, 34.0556], [-118.228098, 34.054721], [-118.216014, 34.050056], [-118.19952, 34.044985], [-118.180277, 34.041927], [-118.157379, 34.040641]]}, "properties": {"ftype": "line", "id": "la-Chavez", "name": "Chavez Line", "tier": 1, "headway": "90 s"}}, {"type": "Feature", "geometry": {"type": "LineString", "coordinates": [[-118.466211, 34.20039], [-118.467156, 34.17276], [-118.468934, 34.154697], [-118.471644, 34.146373], [-118.475272, 34.142795], [-118.479089, 34.13974], [-118.482698, 34.137175], [-118.48439, 34.135601], [-118.48426, 34.134552], [-118.482641, 34.133397], [-118.481069, 34.13148], [-118.480003, 34.128667], [-118.479781, 34.125477], [-118.48034, 34.121705], [-118.480866, 34.116893], [-118.480623, 34.111408], [-118.479527, 34.106075], [-118.478654, 34.102196], [-118.478113, 34.099385], [-118.477578, 34.097649], [-118.476653, 34.096078], [-118.475725, 34.093985], [-118.475019, 34.090779], [-118.474304, 34.086804], [-118.473215, 34.083175], [-118.471146, 34.079539], [-118.465257, 34.07235], [-118.45541, 34.060457], [-118.441113, 34.043042], [-118.426943, 34.026199], [-118.413698, 34.011498], [-118.404196, 34.002552], [-118.398321, 33.997007], [-118.395995, 33.993654], [-118.39546, 33.990158], [-118.395185, 33.985982], [-118.394972, 33.981156], [-118.395005, 33.975663], [-118.395407, 33.963272], [-118.395808, 33.937983], [-118.396056, 33.899935]]}, "properties": {"ftype": "line", "id": "la-Sepulveda", "name": "Sepulveda Line", "tier": 1, "headway": "90 s"}}, {"type": "Feature", "geometry": {"type": "LineString", "coordinates": [[-118.449671, 34.146923], [-118.449193, 34.171587], [-118.448837, 34.201139]]}, "properties": {"ftype": "line", "id": "la-Van Nuys", "name": "Van Nuys Line", "tier": 1, "headway": "90 s"}}, {"type": "Feature", "geometry": {"type": "LineString", "coordinates": [[-118.396582, 34.200556], [-118.394523, 34.166065], [-118.39162, 34.143467], [-118.388201, 34.134073], [-118.38449, 34.131834], [-118.38176, 34.130477], [-118.379537, 34.128536], [-118.377855, 34.126192], [-118.376111, 34.124049], [-118.375004, 34.122185], [-118.374443, 34.120246], [-118.374354, 34.117676], [-118.373902, 34.114759], [-118.372909, 34.112102], [-118.371377, 34.110164], [-118.369452, 34.108334], [-118.367702, 34.105972], [-118.366182, 34.102425], [-118.365575, 34.100141]]}, "properties": {"ftype": "line", "id": "la-Laurel Canyon", "name": "Laurel Canyon Line", "tier": 1, "headway": "90 s"}}, {"type": "Feature", "geometry": {"type": "LineString", "coordinates": [[-118.3878, 34.201204], [-118.384753, 34.188312], [-118.378818, 34.173357], [-118.370143, 34.156346], [-118.365079, 34.145056], [-118.364118, 34.137911], [-118.367114, 34.134905]]}, "properties": {"ftype": "line", "id": "la-Lankershim", "name": "Lankershim Line", "tier": 1, "headway": "90 s"}}, {"type": "Feature", "geometry": {"type": "LineString", "coordinates": [[-118.507092, 34.032929], [-118.487147, 34.017027], [-118.469283, 34.003455], [-118.453889, 33.992498], [-118.442439, 33.983264], [-118.43381, 33.975501], [-118.42793, 33.969002], [-118.423096, 33.963987], [-118.418893, 33.959668], [-118.415218, 33.956455], [-118.411188, 33.954385], [-118.406613, 33.953238], [-118.401341, 33.952394], [-118.395578, 33.952464]]}, "properties": {"ftype": "line", "id": "la-Lincoln", "name": "Lincoln Line", "tier": 1, "headway": "90 s"}}, {"type": "Feature", "geometry": {"type": "LineString", "coordinates": [[-118.398845, 33.997502], [-118.399646, 34.003791], [-118.40291, 34.009552], [-118.408914, 34.016974], [-118.415708, 34.02487], [-118.422967, 34.03329], [-118.430301, 34.042077], [-118.437461, 34.050738], [-118.442365, 34.057982], [-118.444701, 34.06413], [-118.4452, 34.07]]}, "properties": {"ftype": "line", "id": "la-Westwood", "name": "Westwood Line", "tier": 1, "headway": "90 s"}}, {"type": "Feature", "geometry": {"type": "LineString", "coordinates": [[-118.376363, 34.094008], [-118.376404, 34.074518], [-118.376447, 34.058014], [-118.376667, 34.047247], [-118.376926, 34.040925], [-118.376774, 34.03731], [-118.375809, 34.034429], [-118.374227, 34.030968], [-118.373177, 34.026772], [-118.372886, 34.021153], [-118.373177, 34.015517], [-118.372835, 34.009901], [-118.371883, 34.004316], [-118.370637, 33.998376], [-118.369972, 33.991117], [-118.370038, 33.98281], [-118.370289, 33.973774], [-118.370445, 33.962756], [-118.370271, 33.949944], [-118.370301, 33.935182], [-118.370512, 33.924878], [-118.370962, 33.918689], [-118.371426, 33.916458]]}, "properties": {"ftype": "line", "id": "la-La Cienega", "name": "La Cienega Line", "tier": 1, "headway": "90 s"}}, {"type": "Feature", "geometry": {"type": "LineString", "coordinates": [[-118.360896, 33.981594], [-118.361918, 33.985354], [-118.363029, 33.989221], [-118.364706, 33.996456], [-118.366623, 34.007174], [-118.368483, 34.021164], [-118.369245, 34.031702], [-118.369278, 34.03869], [-118.368669, 34.04262], [-118.367309, 34.047912], [-118.365447, 34.057743], [-118.363391, 34.071698], [-118.362478, 34.087922], [-118.362431, 34.103133]]}, "properties": {"ftype": "line", "id": "la-Fairfax", "name": "Fairfax Line", "tier": 1, "headway": "90 s"}}, {"type": "Feature", "geometry": {"type": "LineString", "coordinates": [[-118.352648, 33.945509], [-118.352801, 33.953058], [-118.353423, 33.959557], [-118.354485, 33.964886], [-118.355917, 33.969312], [-118.357042, 33.973417], [-118.357735, 33.977567], [-118.358066, 33.981522], [-118.358243, 33.985493], [-118.358404, 33.989262], [-118.358518, 33.993351], [-118.358433, 33.997934], [-118.358049, 34.002885], [-118.357206, 34.008853], [-118.355982, 34.015186], [-118.354106, 34.022989], [-118.351426, 34.030992], [-118.348366, 34.039319], [-118.345842, 34.04586], [-118.344461, 34.050366], [-118.344153, 34.053067], [-118.344276, 34.055485], [-118.344507, 34.062008], [-118.344658, 34.073189], [-118.345272, 34.088846], [-118.34635, 34.105294]]}, "properties": {"ftype": "line", "id": "la-La Brea", "name": "La Brea Line", "tier": 1, "headway": "90 s"}}, {"type": "Feature", "geometry": {"type": "LineString", "coordinates": [[-118.318062, 34.061752], [-118.327824, 34.042896], [-118.332965, 34.027423], [-118.334304, 34.015077], [-118.333424, 34.007911], [-118.332221, 33.999494], [-118.331245, 33.989929], [-118.330285, 33.97675], [-118.329192, 33.967424], [-118.327869, 33.955216], [-118.326973, 33.933656], [-118.326532, 33.898946]]}, "properties": {"ftype": "line", "id": "la-Crenshaw", "name": "Crenshaw Line", "tier": 1, "headway": "90 s"}}, {"type": "Feature", "geometry": {"type": "LineString", "coordinates": [[-118.309292, 34.104594], [-118.309179, 34.00473], [-118.309136, 33.900216]]}, "properties": {"ftype": "line", "id": "la-Western", "name": "Western Line", "tier": 1, "headway": "90 s"}}, {"type": "Feature", "geometry": {"type": "LineString", "coordinates": [[-118.300332, 34.10846], [-118.300196, 34.080024], [-118.300147, 34.060053], [-118.300201, 34.048924], [-118.300305, 34.041062], [-118.300342, 34.019529], [-118.300369, 33.971006], [-118.300421, 33.896934]]}, "properties": {"ftype": "line", "id": "la-Normandie", "name": "Normandie Line", "tier": 1, "headway": "90 s"}}, {"type": "Feature", "geometry": {"type": "LineString", "coordinates": [[-118.291978, 33.896731], [-118.291634, 33.989072], [-118.291296, 34.061607], [-118.291196, 34.100797], [-118.291913, 34.116245], [-118.293312, 34.117945]]}, "properties": {"ftype": "line", "id": "la-Vermont", "name": "Vermont Line", "tier": 1, "headway": "90 s"}}, {"type": "Feature", "geometry": {"type": "LineString", "coordinates": [[-118.28296, 33.899859], [-118.282883, 33.91043], [-118.282806, 33.928544], [-118.281064, 33.956169], [-118.276009, 33.995748], [-118.267113, 34.028624], [-118.257474, 34.050569], [-118.250214, 34.058693], [-118.244226, 34.064505], [-118.237589, 34.070486], [-118.228359, 34.078408], [-118.219456, 34.085786], [-118.211898, 34.092405], [-118.206882, 34.097711], [-118.202349, 34.102539], [-118.197446, 34.106836], [-118.1915, 34.11098], [-118.186839, 34.114658], [-118.184897, 34.118831], [-118.185657, 34.123538], [-118.186958, 34.130192], [-118.187011, 34.136813], [-118.186327, 34.144991], [-118.186128, 34.152703], [-118.187532, 34.161225], [-118.189473, 34.167237], [-118.19123, 34.171582], [-118.192285, 34.173849], [-118.19337, 34.175962], [-118.194682, 34.178477], [-118.196302, 34.181601]]}, "properties": {"ftype": "line", "id": "la-Figueroa", "name": "Figueroa Line", "tier": 1, "headway": "90 s"}}, {"type": "Feature", "geometry": {"type": "LineString", "coordinates": [[-118.278283, 33.920137], [-118.278813, 33.973795], [-118.272311, 34.009412], [-118.266975, 34.028936], [-118.258878, 34.038644], [-118.250422, 34.048384]]}, "properties": {"ftype": "line", "id": "la-Broadway", "name": "Broadway Line", "tier": 1, "headway": "90 s"}}, {"type": "Feature", "geometry": {"type": "LineString", "coordinates": [[-118.252747, 33.90002], [-118.253803, 33.91836], [-118.254723, 33.93571], [-118.255563, 33.954036], [-118.255804, 33.974066], [-118.254596, 33.99732], [-118.251295, 34.016049], [-118.2461, 34.030159], [-118.240018, 34.038732]]}, "properties": {"ftype": "line", "id": "la-Central", "name": "Central Line", "tier": 1, "headway": "90 s"}}, {"type": "Feature", "geometry": {"type": "LineString", "coordinates": [[-118.219362, 33.989373], [-118.21939, 34.009417], [-118.216869, 34.0264], [-118.211583, 34.04015], [-118.203834, 34.054139], [-118.198067, 34.06511], [-118.194795, 34.07283], [-118.193989, 34.076912]]}, "properties": {"ftype": "line", "id": "la-Soto", "name": "Soto Line", "tier": 1, "headway": "90 s"}}, {"type": "Feature", "geometry": {"type": "LineString", "coordinates": [[-118.193891, 33.902099], [-118.18993, 33.914488], [-118.185804, 33.927447], [-118.183268, 33.939656], [-118.182972, 33.950063], [-118.184544, 33.961034], [-118.185283, 33.972767], [-118.183624, 33.984856], [-118.178606, 33.993996], [-118.171576, 34.000885], [-118.164571, 34.006006], [-118.160526, 34.00965], [-118.158492, 34.013995], [-118.157331, 34.019145], [-118.155135, 34.026057], [-118.152726, 34.031325], [-118.150308, 34.034994]]}, "properties": {"ftype": "line", "id": "la-Atlantic", "name": "Atlantic Line", "tier": 1, "headway": "90 s"}}]}
